address,city,state,zip,asking_price,beds,baths,sqft,hoa_monthly,property_type,mls_id,listing_url,market_area,source_zips
Homes Available Soon Plan,Kissimmee,FL,34759,,,,,,single_family,4F2CF871FB5D,https://www.redfin.com/FL/Kissimmee/Kissimmee/Homes-Available-Soon/home/202180649,kissimmee,34758
3726 Sepia St,Kissimmee,FL,34758,20000,3,2,1407,,condo,24401094,https://www.redfin.com/FL/Kissimmee/3726-Sepia-St-34758/home/194088751,kissimmee,34758
Neptune Rd,Kissimmee,FL,34744,20000,,,,,8,O6240586,https://www.redfin.com/FL/Kissimmee/Neptune-Rd-34744/home/162409808,kissimmee,34769
2050 E Irlo Bronson Memorial Hwy #108,Kissimmee,FL,34744,33000,1,1,324,500,townhouse,O6366840,https://www.redfin.com/FL/Kissimmee/2050-E-Irlo-Bronson-Memorial-Hwy-34744/unit-108/home/46487498,kissimmee,34744
565 Imperial Pl,Kissimmee,FL,34758,37900,,,,35,8,S5155148,https://www.redfin.com/FL/Kissimmee/565-Imperial-Pl-34758/home/162378199,kissimmee,34758
0 Banbridge Dr,Kissimmee,FL,34758,38000,,,,85,7,B26019751,https://www.redfin.com/FL/Kissimmee/Banbridge-Dr-34758/home/162377668,kissimmee,34758
Cannock Dr,Kissimmee,FL,34758,38999,,,,83,8,O6399750,https://www.redfin.com/FL/Kissimmee/Cannock-Dr-34758/home/162377540,kissimmee,34758
364 Bowfin Dr,Kissimmee,FL,34759,39500,,,,35,8,C7527018,https://www.redfin.com/FL/Kissimmee/364-Bowfin-Dr-34759/home/202161449,kissimmee,34759
Maricopa Dr,Kissimmee,FL,34758,39900,,,,27,8,S5130912,https://www.redfin.com/FL/Kissimmee/Maricopa-Dr-34758/home/162476463,kissimmee,34758
0 Milan Dr,Kissimmee,FL,34758,43000,,,,85,8,S5104415,https://www.redfin.com/FL/Kissimmee/Milan-Dr-34758/home/54698318,kissimmee,34758
0 Heraldo Ct,Kissimmee,FL,34758,43000,,,,85,8,S5104422,https://www.redfin.com/FL/Kissimmee/Unknown-34758/home/162592039,kissimmee,34758
0 E Vine St,Kissimmee,FL,34744,45000,,,,,8,B26020861,https://www.redfin.com/FL/Kissimmee/0-E-Irlo-Bronson-Memorial-Hwy-34744/home/194518520,kissimmee,34744
2541 Rio Grande Valley Ct,Kissimmee,FL,34759,46000,,,,35,8,1080983,https://www.redfin.com/FL/Kissimmee/2541-Rio-Grande-Valley-Ct-34759/home/202378136,kissimmee,34759
Knotts Ln,Kissimmee,FL,34743,49000,,,,,8,O6240583,https://www.redfin.com/FL/Kissimmee/Knotts-Ln-34743/home/162613397,kissimmee,34743
2173 Rock Dr,Kissimmee,FL,34759,49900,,,,25,8,O6417242,https://www.redfin.com/FL/Kissimmee/2173-Rock-Dr-34759/home/194962958,kissimmee,34759
0 Notre Dame Way,Kissimmee,FL,34759,50000,,,,35,8,O6423862,https://www.redfin.com/FL/Kissimmee/Notre-Dame-Way-34759/home/162478003,kissimmee,34759
5367 W Irlo Bronson Memorial Hwy Unit 1-117,Kissimmee,FL,34746,55000,1,1,198,286,townhouse,O6408304,https://www.redfin.com/FL/Kissimmee/5367-W-Irlo-Bronson-Memorial-Hwy-34746/unit-1-117/home/170040446,kissimmee,34746
5367 W Irlo Bronson Memorial Hwy Unit 1-120,Kissimmee,FL,34746,55000,1,1,198,286,townhouse,O6408289,https://www.redfin.com/FL/Kissimmee/5367-W-Irlo-Bronson-Memorial-Hwy-34746/unit-1-120/home/170040451,kissimmee,34746
Cotulla Dr,Kissimmee,FL,34758,55000,,,,35,8,O6337319,https://www.redfin.com/FL/Kissimmee/Cotulla-Dr-34758/home/162476447,kissimmee,34758
Genoa Ct,Kissimmee,FL,34758,55000,,,,25,8,O6087055,https://www.redfin.com/FL/Kissimmee/Unknown-34758/home/162476942,kissimmee,34758
5367 W Irlo Bronson Memorial Hwy Unit 2-214,Kissimmee,FL,34746,57000,1,1,198,310,townhouse,O6425666,https://www.redfin.com/FL/Kissimmee/5367-W-Irlo-Bronson-Memorial-Hwy-34746/unit-2-214/home/170040539,kissimmee,34746
5367 W Irlo Bronson Memorial Hwy Unit 1-103,Kissimmee,FL,34746,64900,0,1,231,285,townhouse,O6428629,https://www.redfin.com/FL/Kissimmee/5367-W-Irlo-Bronson-Memorial-Hwy-34746/unit-1-103/home/170040426,kissimmee,34746
5367 W Irlo Bronson Memorial Hwy Unit 2-219,Kissimmee,FL,34746,64900,1,1,231,281,townhouse,S5150927,https://www.redfin.com/FL/Kissimmee/5367-W-Irlo-Bronson-Memorial-Hwy-34746/unit-2-219/home/170040544,kissimmee,34746
Chelmsford,Kissimmee,FL,34758,65000,,,,35,8,O6413107,https://www.redfin.com/FL/Kissimmee/Unknown-34758/home/162647703,kissimmee,34758
Dover Dr,Kissimmee,FL,34758,65000,,,,35,8,O6411384,https://www.redfin.com/FL/Kissimmee/Dover-Dr-34758/home/162647770,kissimmee,34758
N Delmonte Ct,Kissimmee,FL,34758,65000,,,,27,8,O6350434,https://www.redfin.com/FL/Kissimmee/N-Delmonte-Ct-34758/home/162476056,kissimmee,34758
204 Rontunda Dr,Kissimmee,FL,34758,67900,,,,23,8,O6244463,https://www.redfin.com/FL/Kissimmee/204-Rontunda-Dr-34758/home/162590942,kissimmee,34758
5367 W Irlo Bronson Mem Hwy Unit 1-203,Kissimmee,FL,34746,68900,1,1,231,310,townhouse,O6428849,https://www.redfin.com/FL/Kissimmee/5367-W-Irlo-Bronson-Mem-HWY-34746/unit-1-203/home/180347211,kissimmee,34746
652 Madrid Dr,Kissimmee,FL,34758,69000,,,,30,8,S5134765,https://www.redfin.com/FL/Kissimmee/652-Madrid-Dr-34758/home/162648197,kissimmee,34758
1080 Jack Calhoun Dr Lot 165,Kissimmee,FL,34741,70000,2,2,1100,,10,11565746,https://www.redfin.com/FL/Kissimmee/1080-Jack-Calhoun-Dr-34741/unit-165/home/201658497,kissimmee,34741
1080 Jack Calhoun Dr,Kissimmee,FL,34741,70000,2,2,1100,,single_family,24407773,https://www.redfin.com/FL/Kissimmee/1080-Jack-Calhoun-Dr-34741/home/162597005,kissimmee,34741
Maderia Ct,Kissimmee,FL,34758,70000,,,,90,8,O6311698,https://www.redfin.com/FL/Kissimmee/Unknown-34758/home/162378984,kissimmee,34758
22-25-29-201-0001-00010-A Union St,Kissimmee,FL,34741,80000,,,,,8,A4693203,https://www.redfin.com/FL/Kissimmee/22-25-29-201-0001-00010-A-Union-St-34741/home/201790134,kissimmee,34741
1523 Fairview Cir,Reunion,FL,34747,84000,,,,150,8,S5154672,https://www.redfin.com/FL/Reunion/1523-Fairview-Cir-34747/home/162514811,kissimmee,34747
1529 Fairview Cir,Reunion,FL,34747,85000,,,,158,8,O6419988,https://www.redfin.com/FL/Reunion/1529-Fairview-Cir-34747/home/162395329,kissimmee,34747
1513 Fairview Cir,Reunion,FL,34747,85000,,,,158,8,O6419613,https://www.redfin.com/FL/Reunion/1513-Fairview-Cir-34747/home/162395326,kissimmee,34747
Cambourne Dr,Kissimmee,FL,34758,90000,,,,35,8,S5143685,https://www.redfin.com/FL/Kissimmee/Cambourne-Dr-34758/home/162475317,kissimmee,34758
9674 8th Ave,Orlando,FL,32824,95000,,,,,8,O6317422,https://www.redfin.com/FL/Orlando/9674-8th-Ave-32824/home/46688526,kissimmee,32824
N John Young Pkwy,Kissimmee,FL,34741,95000,,,,,8,S5154581,https://www.redfin.com/FL/Kissimmee/John-Young-Pkwy-34741/home/194518671,kissimmee,34741
Derbyshire Dr,Kissimmee,FL,34758,95000,,,,35,8,S5143680,https://www.redfin.com/FL/Kissimmee/Derbyshire-Dr-34758/home/162590912,kissimmee,34758
0 Peabody Rd,Kissimmee,FL,34758,100000,,,,,8,O6400876,https://www.redfin.com/FL/Kissimmee/Peabody-Rd-34758/home/54592089,kissimmee,34758
436 1st St,Orlando,FL,32824,110000,,,,,8,S5114203,https://www.redfin.com/FL/Orlando/436-1st-St-32824/home/46688420,kissimmee,32824
1709 Michigan Ave Unit C,Kissimmee,FL,34744,119900,2,2,1118,350,townhouse,S5148282,https://www.redfin.com/FL/Kissimmee/1709-Michigan-Ave-34744/unit-C/home/46539360,kissimmee,34744
1683 Magnolia Ln,Kissimmee,FL,34746,119900,3,2,1200,,10,S5153218,https://www.redfin.com/FL/Kissimmee/1683-Magnolia-Ln-34746/home/46519403,kissimmee,34746
9668 3rd Ave,Orlando,FL,32824,120000,,,,,8,O6376847,https://www.redfin.com/FL/Orlando/9668-3rd-Ave-32824/home/193886634,kissimmee,32824
3100 Parkway Blvd #726,Kissimmee,FL,34747,120000,1,1,524,630,townhouse,O6429789,https://www.redfin.com/FL/Kissimmee/3100-Parkway-Blvd-34747/unit-726/home/46490422,kissimmee,34747
1144 Mary Frances Dr,Kissimmee,FL,34741,123100,3,2,,,single_family,A12042682,https://www.redfin.com/FL/Kissimmee/1144-Mary-Frances-Dr-34741/home/46567290,kissimmee,34741
1805 Michigan Ave Unit D,Kissimmee,FL,34744,129900,2,2,1118,345,townhouse,S5150908,https://www.redfin.com/FL/Kissimmee/1805-Michigan-Ave-34744/unit-D/home/46539539,kissimmee,34744
3100 Parkway Blvd #727,Kissimmee,FL,34747,129900,1,1,492,630,townhouse,S5154541,https://www.redfin.com/FL/Kissimmee/3100-Parkway-Blvd-34747/unit-727/home/46490423,kissimmee,34747
2031 Cascades Blvd #103,Kissimmee,FL,34741,135000,1,1,618,418,townhouse,O6370059,https://www.redfin.com/FL/Kissimmee/2031-Cascades-Blvd-34741/unit-103/home/46497513,kissimmee,34741
3100 Parkway Blvd #417,Kissimmee,FL,34747,135000,1,1,524,683,townhouse,S5129481,https://www.redfin.com/FL/Kissimmee/3100-Parkway-Blvd-34747/unit-417/home/46490238,kissimmee,34747
763 Rolfe St,Kissimmee,FL,34741,135950,3,2,1088,,single_family,A11940943,https://www.redfin.com/FL/Kissimmee/763-Rolfe-St-34741/home/46566898,kissimmee,34741
3100 Parkway Blvd #422,Kissimmee,FL,34747,138900,1,1,524,630,townhouse,S5150592,https://www.redfin.com/FL/Kissimmee/3100-Parkway-Blvd-34747/unit-422/home/46490241,kissimmee,34747
1036 Plantation Dr Unit D8,Kissimmee,FL,34741,139000,1,1,734,288,townhouse,O6417326,https://www.redfin.com/FL/Kissimmee/1036-Plantation-Dr-34741/unit-D8/home/46550122,kissimmee,34741
2231 Cascades Blvd #304,Kissimmee,FL,34741,139500,1,1,635,366,townhouse,O6425644,https://www.redfin.com/FL/Kissimmee/2231-Cascades-Blvd-34741/unit-304/home/46497188,kissimmee,34741
1229 Bermuda Lakes Ln #206,Kissimmee,FL,34741,139900,1,1,733,315,townhouse,O6422111,https://www.redfin.com/FL/Kissimmee/1229-Bermuda-Lakes-Ln-34741/unit-206/home/46496781,kissimmee,34741
2778 Tropical Lake Dr,Kissimmee,FL,34741,140000,,,,,8,S5143444,https://www.redfin.com/FL/Kissimmee/2778-Tropical-Lake-Dr-34741/home/162669134,kissimmee,34741
833 Oglethorpe Ct,Kissimmee,FL,34758,140000,3,2,1422,100,single_family,S5154900,https://www.redfin.com/FL/Kissimmee/833-Oglethorpe-Ct-34758/for-sale/46556034,kissimmee,34758
,Kissimmee,FL,34741,150000,2,2,970,323,townhouse,O6421184,https://www.redfin.com/FL/Kissimmee/Undisclosed-address-34741/home/46549521,kissimmee,34741
1822 Foxhall Cir #1822,Kissimmee,FL,34741,150000,2,1.5,1074,360,condo,S5141457,https://www.redfin.com/FL/Kissimmee/1822-Foxhall-Cir-34741/unit-1822/home/145352588,kissimmee,34741
2824 Bay Ave,Kissimmee,FL,34744,150000,,,,,8,S5152180,https://www.redfin.com/FL/Kissimmee/2824-Bay-Ave-34744/home/46513911,kissimmee,34744
3024 Parkway Blvd #204,Kissimmee,FL,34747,150000,1,1,661,425,townhouse,S5152173,https://www.redfin.com/FL/Kissimmee/3024-Parkway-Blvd-34747/unit-204/home/46481222,kissimmee,34747
437 Hunter Cir,Kissimmee,FL,34758,150000,2,2,1038,472,condo,S5142354,https://www.redfin.com/FL/Kissimmee/437-Hunter-Cir-34758/home/46537623,kissimmee,34758
401 Fountainhead Cir #155,Kissimmee,FL,34741,153900,1,1,744,254,townhouse,S5150963,https://www.redfin.com/FL/Kissimmee/401-Fountainhead-Cir-34741/unit-155/home/46497489,kissimmee,34741
107 E Cypress St,Kissimmee,FL,34744,154000,2,1,576,,single_family,S5149938,https://www.redfin.com/FL/Kissimmee/107-E-Cypress-St-34744/home/46541328,kissimmee,34744
9560 Hoenstine Ave,Orlando,FL,32824,155000,,,,,8,S5141451,https://www.redfin.com/FL/Orlando/9560-Hoenstine-Ave-32824/home/46724497,kissimmee,32824
10831 Windsor Walk Dr #311,Orlando,FL,32837,155000,1,1,643,267,townhouse,S5147389,https://www.redfin.com/FL/Orlando/10831-Windsor-Walk-Dr-32837/unit-311/home/145353324,kissimmee,32837
10831 Windsor Walk Dr #1308,Orlando,FL,32837,155000,1,1,632,272,townhouse,O6391873,https://www.redfin.com/FL/Orlando/10831-Windsor-Walk-Dr-32837/unit-1308/home/46619130,kissimmee,32837
713 Toulon Dr,Kissimmee,FL,34759,156000,3,2,1414,108,single_family,O6427770,https://www.redfin.com/FL/Kissimmee/713-Toulon-Dr-34759/for-sale/46564865,kissimmee,34759
2401 Barley Club Ct #2,Orlando,FL,32837,159000,2,2,905,400,townhouse,G5100417,https://www.redfin.com/FL/Orlando/2401-Barley-Club-Ct-32837/unit-2/home/46638893,kissimmee,32837
1615 Columbia Arms Cir #251,Kissimmee,FL,34741,159900,2,2,1140,378,townhouse,S5147234,https://www.redfin.com/FL/Kissimmee/1615-Columbia-Arms-Cir-34741/unit-251/home/46494095,kissimmee,34741
1817 Michigan Ave Unit D,Kissimmee,FL,34744,159900,2,2,1118,345,townhouse,S5141290,https://www.redfin.com/FL/Kissimmee/1817-Michigan-Ave-34744/unit-D/home/46539516,kissimmee,34744
3849 Bay Club Cir #204,Kissimmee,FL,34741,160000,2,2,910,429,townhouse,S5146820,https://www.redfin.com/FL/Kissimmee/3849-Bay-Club-Cir-34741/unit-204/home/46504212,kissimmee,34741
2203 Key West Ct #432,Kissimmee,FL,34741,160000,2,2,1026,340,townhouse,S5124599,https://www.redfin.com/FL/Kissimmee/2203-Key-West-Ct-34741/unit-432/home/46493858,kissimmee,34741
444 Hunter Cir,Kissimmee,FL,34758,160000,2,2,1038,370,condo,O6395144,https://www.redfin.com/FL/Kissimmee/444-Hunter-Cir-34758/home/46537660,kissimmee,34758
2208 Antigua Pl #914,Kissimmee,FL,34741,164000,1,1,762,249,townhouse,S5154960,https://www.redfin.com/FL/Kissimmee/2208-Antigua-Pl-34741/unit-914/home/46494082,kissimmee,34741
3827 Bay Club Cir #103,Kissimmee,FL,34741,164900,2,2,910,435,townhouse,S5149138,https://www.redfin.com/FL/Kissimmee/3827-Bay-Club-Cir-34741/unit-103/home/46504164,kissimmee,34741
9911 Turf Ct #2,Orlando,FL,32837,165000,2,2,905,400,townhouse,O6428234,https://www.redfin.com/FL/Orlando/9911-Turf-Ct-32837/unit-2/home/46638757,kissimmee,32837
1001 Plantation Dr Unit C1,Kissimmee,FL,34741,165000,2,2,1008,600,townhouse,O6429793,https://www.redfin.com/FL/Kissimmee/1001-Plantation-Dr-34741/unit-C1/home/46549514,kissimmee,34741
409 Fountainhead Cir #236,Kissimmee,FL,34741,165000,2,2,932,324,townhouse,O6366787,https://www.redfin.com/FL/Kissimmee/409-Fountainhead-Cir-34741/unit-236/home/46497429,kissimmee,34741
2743 Lucille St,Kissimmee,FL,34744,165000,,,,,8,O6430825,https://www.redfin.com/FL/Kissimmee/2743-Lucille-St-34744/home/46532770,kissimmee,34744
0 N Stewart St,Kissimmee,FL,34746,165000,,,,,8,O6427529,https://www.redfin.com/FL/Kissimmee/N-Stewart-St-34746/home/54690565,kissimmee,34746
3038 Parkway Blvd #306,Kissimmee,FL,34747,165000,2,2,937,642,townhouse,S5155391,https://www.redfin.com/FL/Kissimmee/3038-Parkway-Blvd-34747/unit-306/home/46481475,kissimmee,34747
7632 Excitement Dr,Reunion,FL,34747,166000,,,,158,8,O6432055,https://www.redfin.com/FL/Reunion/7632-Excitement-Dr-34747/home/54703524,kissimmee,34747
3831 Nautical Way #203,Kissimmee,FL,34741,167990,2,2,910,435,townhouse,O6385814,https://www.redfin.com/FL/Kissimmee/3831-Nautical-Way-34741/unit-203/home/46499254,kissimmee,34741
2209 Antigua Pl #828,Kissimmee,FL,34741,168000,2,2,1026,350,townhouse,S5153258,https://www.redfin.com/FL/Kissimmee/2209-Antigua-Pl-34741/unit-828/home/46494026,kissimmee,34741
2417 Barley Club Ct #1,Orlando,FL,32837,169900,2,2,905,400,townhouse,O6413260,https://www.redfin.com/FL/Orlando/2417-Barley-Club-Ct-32837/unit-1/home/46638880,kissimmee,32837
2749 N Poinciana Blvd #24,Kissimmee,FL,34746,169900,3,2,1287,545,townhouse,R4911455,https://www.redfin.com/FL/Kissimmee/2749-N-Poinciana-Blvd-34746/unit-24/home/46533849,kissimmee,34746
3814 Bay Club Cir #204,Kissimmee,FL,34741,169990,2,2,910,435,townhouse,O6386706,https://www.redfin.com/FL/Kissimmee/3814-Bay-Club-Cir-34741/unit-204/home/46504382,kissimmee,34741
39 Lago Mesa Way,Kissimmee,FL,34743,169999,1,1,672,50,condo,S5153392,https://www.redfin.com/FL/Kissimmee/39-Lago-Mesa-Way-34743/home/46528946,kissimmee,34743
2400 Barley Club Ct #3,Orlando,FL,32837,170000,2,2,905,400,townhouse,O6429607,https://www.redfin.com/FL/Orlando/2400-Barley-Club-Ct-32837/unit-3/for-sale/46638890,kissimmee,32837
1055 Universal Rest Pl,Kissimmee,FL,34744,170000,3,2,1728,200,condo,S5152039,https://www.redfin.com/FL/Kissimmee/1055-Universal-Rest-Pl-34744/home/46549070,kissimmee,34744
3032 Parkway Blvd #101,Kissimmee,FL,34747,170000,2,2,937,318,townhouse,O6421743,https://www.redfin.com/FL/Kissimmee/3032-Parkway-Blvd-34747/unit-101/home/46480634,kissimmee,34747
569 Hunter Cir,Kissimmee,FL,34758,170999,2,2,1038,472,single_family,S5147655,https://www.redfin.com/FL/Kissimmee/569-Hunter-Cir-34758/home/46537480,kissimmee,34758
14327 Fredricksburg Dr #1601,Orlando,FL,32837,171000,1,1,599,349,townhouse,S5152710,https://www.redfin.com/FL/Orlando/14327-Fredricksburg-Dr-32837/unit-1601/home/46620025,kissimmee,32837
2417 Barley Club Dr #5,Orlando,FL,32837,171990,2,2,905,400,townhouse,O6410606,https://www.redfin.com/FL/Orlando/2417-Barley-Club-Dr-32837/unit-5/home/46638686,kissimmee,32837
1222 Bermuda Lakes Ln #106,Kissimmee,FL,34741,172400,2,2,1103,450,townhouse,S5150480,https://www.redfin.com/FL/Kissimmee/1222-Bermuda-Lakes-Ln-34741/unit-106/home/46496741,kissimmee,34741
2202 Key West Ct #626,Kissimmee,FL,34741,174899,2,2,1026,350,townhouse,S5150652,https://www.redfin.com/FL/Kissimmee/2202-Key-West-Ct-34741/unit-626/home/46493864,kissimmee,34741
9800 Turf Way #1,Orlando,FL,32837,174900,2,2,905,400,townhouse,O6419170,https://www.redfin.com/FL/Orlando/9800-Turf-Way-32837/unit-1/home/46619628,kissimmee,32837
9909 Sweepstakes Ln #4,Orlando,FL,32837,174900,2,2,905,400,townhouse,S5147822,https://www.redfin.com/FL/Orlando/9909-Sweepstakes-Ln-32837/unit-4/home/46638813,kissimmee,32837
9902 Turf Way #6,Orlando,FL,32837,175000,2,2,905,400,townhouse,TB8533241,https://www.redfin.com/FL/Orlando/9902-Turf-Way-32837/unit-6/home/46638819,kissimmee,32837
13917 Fairway Island Dr #917,Orlando,FL,32837,175000,1,1,861,446,townhouse,O6399866,https://www.redfin.com/FL/Orlando/13917-Fairway-Island-Dr-32837/unit-917/home/46639462,kissimmee,32837
2013 Tizewell Cir #1403,Orlando,FL,32837,175000,1,1,753,395,townhouse,O6349588,https://www.redfin.com/FL/Orlando/2013-Tizewell-Cir-32837/unit-1403/home/46640030,kissimmee,32837
3028 Parkway Blvd #301,Kissimmee,FL,34747,175000,2,2,937,593,townhouse,O6415164,https://www.redfin.com/FL/Kissimmee/3028-Parkway-Blvd-34747/unit-301/home/46481136,kissimmee,34747
4179 Spitfire Ave,Kissimmee,FL,34741,176000,2,2,930,51,condo,O6430504,https://www.redfin.com/FL/Kissimmee/4179-Spitfire-Ave-34741/home/46546580,kissimmee,34741
2208 Antigua Pl #938,Kissimmee,FL,34741,178900,2,2,1026,348,townhouse,O6405626,https://www.redfin.com/FL/Kissimmee/2208-Antigua-Pl-34741/unit-938/home/46491481,kissimmee,34741
84 E Marbrisa Way,Kissimmee,FL,34743,179000,2,1,750,75,single_family,S5141092,https://www.redfin.com/FL/Kissimmee/84-E-Marbrisa-Way-34743/home/46529076,kissimmee,34743
2602 Einwood Dr,Kissimmee,FL,34758,179000,3,2,1507,146,10,S5154014,https://www.redfin.com/FL/Kissimmee/2602-Einwood-Dr-34758/home/46536705,kissimmee,34758
Michigan Ave,Kissimmee,FL,34744,179777,,,,,8,S5142122,https://www.redfin.com/FL/Kissimmee/Michigan-Ave-34744/home/177670800,kissimmee,34744
12024 Villanova Dr #103,Orlando,FL,32837,179900,1,1,790,433,townhouse,O6429474,https://www.redfin.com/FL/Orlando/12024-Villanova-Dr-32837/unit-103/for-sale/46639803,kissimmee,32837
9942 Turf Way #1,Orlando,FL,32837,179999,2,2,905,400,townhouse,S5150460,https://www.redfin.com/FL/Orlando/9942-Turf-Way-32837/unit-1/home/46638862,kissimmee,32837
14049 Fairway Island Dr #127,Orlando,FL,32837,180000,1,1,861,441,townhouse,S5141988,https://www.redfin.com/FL/Orlando/14049-Fairway-Island-Dr-32837/unit-127/home/46639244,kissimmee,32837
14049 Fairway Island Dr #122,Orlando,FL,32837,180000,1,1,861,441,townhouse,S5141986,https://www.redfin.com/FL/Orlando/14049-Fairway-Island-Dr-32837/unit-122/home/46639270,kissimmee,32837
4103 Tropical Isle Blvd #123,Kissimmee,FL,34741,180000,2,2,1026,350,townhouse,O6414436,https://www.redfin.com/FL/Kissimmee/4103-Tropical-Isle-Blvd-34741/unit-123/home/46491464,kissimmee,34741
1006 Plantation Dr Unit F9,Kissimmee,FL,34741,183500,2,1,872,265,townhouse,S5146662,https://www.redfin.com/FL/Kissimmee/1006-Plantation-Dr-34741/unit-F9/home/46550634,kissimmee,34741
74 S Marbrisa Way,Kissimmee,FL,34743,184900,1,1,672,75,single_family,S5150164,https://www.redfin.com/FL/Kissimmee/74-S-Marbrisa-Way-34743/home/46529091,kissimmee,34743
2010 Royal Bay Blvd #113,Kissimmee,FL,34746,184900,3,2,1326,350,townhouse,S5151472,https://www.redfin.com/FL/Kissimmee/2010-Royal-Bay-Blvd-34746/unit-113/home/46538959,kissimmee,34746
1338 Seven Eagles Ct #202,Reunion,FL,34747,184900,1,1,823,553,townhouse,O6421220,https://www.redfin.com/FL/Reunion/1338-Seven-Eagles-Ct-34747/unit-202/home/46480791,kissimmee,34747
1016 Spring Meadow Dr #12,Kissimmee,FL,34741,185000,2,1.5,1012,324,townhouse,R4911578,https://www.redfin.com/FL/Kissimmee/1016-Spring-Meadow-Dr-34741/unit-12/home/202661491,kissimmee,34741
2931 Rio Grande Trl Unit D,Kissimmee,FL,34741,185000,2,2,1025,250,townhouse,S5144253,https://www.redfin.com/FL/Kissimmee/2931-Rio-Grande-Trl-34741/unit-D/home/170633559,kissimmee,34741
3177 Feltrim Pl Unit 104,Kissimmee,FL,34747,185000,2,2,1062,465,townhouse,B26056626,https://www.redfin.com/FL/Kissimmee/3177-Feltrim-Pl-34747/unit-104/for-sale/46507068,kissimmee,34747
12203 Wild Iris Way #108,Orlando,FL,32837,185900,1,1,790,429,townhouse,O6357912,https://www.redfin.com/FL/Orlando/12203-Wild-Iris-Way-32837/unit-108/home/46639848,kissimmee,32837
13953 Fairway Island Dr #633,Orlando,FL,32837,186000,2,2,1020,442,townhouse,S5148285,https://www.redfin.com/FL/Orlando/13953-Fairway-Island-Dr-32837/unit-633/home/46639399,kissimmee,32837
13803 Fairway Island Dr #1626,Orlando,FL,32837,186000,2,2,1020,462,townhouse,O6398130,https://www.redfin.com/FL/Orlando/13803-Fairway-Island-Dr-32837/unit-1626/home/46639718,kissimmee,32837
1205 Bermuda Lakes Ln #303,Kissimmee,FL,34741,187000,2,2,1103,458,townhouse,S5155137,https://www.redfin.com/FL/Kissimmee/1205-Bermuda-Lakes-Ln-34741/unit-303/home/46496829,kissimmee,34741
216 Ellsworth Dr,Kissimmee,FL,34758,187000,2,2,970,163,10,S5142782,https://www.redfin.com/FL/Kissimmee/216-Ellsworth-Dr-34758/home/46536819,kissimmee,34758
3827 Bay Club Cir #204,Kissimmee,FL,34741,188000,2,2,910,429,townhouse,S5141001,https://www.redfin.com/FL/Kissimmee/3827-Bay-Club-Cir-34741/unit-204/home/46504163,kissimmee,34741
2741 N Poinciana Blvd #49,Kissimmee,FL,34746,188000,3,2,1287,547,townhouse,S5152898,https://www.redfin.com/FL/Kissimmee/2741-N-Poinciana-Blvd-34746/unit-49/home/46533871,kissimmee,34746
3226 Fox Squirrel Dr,Kissimmee,FL,34741,189890,2,2,1100,334,townhouse,O6385328,https://www.redfin.com/FL/Kissimmee/3226-Fox-Squirrel-Dr-34741/home/46544653,kissimmee,34741
13403 Fairway Glen Dr #203,Orlando,FL,32824,189900,2,2,1013,443,townhouse,O6423115,https://www.redfin.com/FL/Orlando/13403-Fairway-Glen-Dr-32824/unit-203/home/46893062,kissimmee,32824
2217 Grand Cayman Ct #1223,Kissimmee,FL,34741,189997,2,2,1026,350,townhouse,S5153437,https://www.redfin.com/FL/Kissimmee/2217-Grand-Cayman-Ct-34741/unit-1223/home/46494011,kissimmee,34741
204 2nd St,Orlando,FL,32824,190000,,,,,8,O6410476,https://www.redfin.com/FL/Orlando/204-2nd-St-32824/home/46688250,kissimmee,32824
13941 Fairway Island Dr #733,Orlando,FL,32837,190000,2,2,1020,633,townhouse,O6387081,https://www.redfin.com/FL/Orlando/13941-Fairway-Island-Dr-32837/unit-733/home/46639420,kissimmee,32837
14013 Fairway Island Dr #415,Orlando,FL,32837,190000,2,2,1020,442,townhouse,O6252481,https://www.redfin.com/FL/Orlando/14013-Fairway-Island-Dr-32837/unit-415/home/46639332,kissimmee,32837
1018 Plantation Dr Unit A18,Kissimmee,FL,34741,190000,2,2,970,280,townhouse,S5154794,https://www.redfin.com/FL/Kissimmee/1018-Plantation-Dr-34741/unit-A18/home/46550158,kissimmee,34741
2210 Grand Cayman Ct #1737,Kissimmee,FL,34741,190000,2,2,1026,519,townhouse,S5146804,https://www.redfin.com/FL/Kissimmee/2210-Grand-Cayman-Ct-34741/unit-1737/home/46493650,kissimmee,34741
2208 Antigua Pl #932,Kissimmee,FL,34741,190000,2,2,1026,325,townhouse,O6307758,https://www.redfin.com/FL/Kissimmee/2208-Antigua-Pl-34741/unit-932/home/46494064,kissimmee,34741
2358 Old Dixie Hwy,Kissimmee,FL,34744,190000,2,1,1232,,single_family,O6430489,https://www.redfin.com/FL/Kissimmee/2358-Old-Dixie-Hwy-34744/for-sale/46541676,kissimmee,34744
2063 Neptune Rd,Kissimmee,FL,34744,190000,,,,,8,S5145365,https://www.redfin.com/FL/Kissimmee/2063-Neptune-Rd-34744/home/54635562,kissimmee,34744
9055 Treasure Trove Ln #207,Kissimmee,FL,34747,190000,2,2,1445,676,townhouse,S5152990,https://www.redfin.com/FL/Kissimmee/9055-Treasure-Trove-Ln-34747/unit-207/home/46498658,kissimmee,34747
535 Hunter Cir #535,Kissimmee,FL,34758,190000,3,2.5,1586,470,condo,O6409308,https://www.redfin.com/FL/Kissimmee/535-Hunter-Cir-34758/unit-535/home/201891945,kissimmee,34758
2216 Grand Cayman Ct #1415,Kissimmee,FL,34741,192900,2,2,1026,360,townhouse,O6273061,https://www.redfin.com/FL/Kissimmee/2216-Grand-Cayman-Ct-34741/unit-1415/home/46493681,kissimmee,34741
13953 Fairway Island Dr #621,Orlando,FL,32837,193000,2,2,1288,633,townhouse,O6385852,https://www.redfin.com/FL/Orlando/13953-Fairway-Island-Dr-32837/unit-621/home/46639388,kissimmee,32837
2 E Las Palmas Way,Kissimmee,FL,34743,194900,2,2,875,83,single_family,O6408966,https://www.redfin.com/FL/Kissimmee/2-E-Las-Palmas-Way-34743/home/46528922,kissimmee,34743
13838 Fairway Island Dr #1432,Orlando,FL,32837,194995,2,2,1020,426,townhouse,S5116611,https://www.redfin.com/FL/Orlando/13838-Fairway-Island-Dr-32837/unit-1432/home/46639681,kissimmee,32837
2320 Margarita Ct #2320,Kissimmee,FL,34741,195000,2,2,991,285,townhouse,O6407740,https://www.redfin.com/FL/Kissimmee/2320-Margarita-Ct-34741/unit-2320/home/196179821,kissimmee,34741
69 S Marbrisa Way,Kissimmee,FL,34743,195000,2,1,750,75,single_family,S5152824,https://www.redfin.com/FL/Kissimmee/69-S-Marbrisa-Way-34743/for-sale/46529092,kissimmee,34743
2201 Key West Ct #328,Kissimmee,FL,34741,197480,2,2,1026,340,townhouse,S5146825,https://www.redfin.com/FL/Kissimmee/2201-Key-West-Ct-34741/unit-328/home/46493934,kissimmee,34741
2210 Grand Cayman Ct #1722,Kissimmee,FL,34741,197500,2,2,1026,519,townhouse,S5143793,https://www.redfin.com/FL/Kissimmee/2210-Grand-Cayman-Ct-34741/unit-1722/home/46493640,kissimmee,34741
2838 Osprey Cove Pl #103,Kissimmee,FL,34746,198000,3,2,1136,322,townhouse,O6423435,https://www.redfin.com/FL/Kissimmee/2838-Osprey-Cove-Pl-34746/unit-103/home/46581294,kissimmee,34746
8842 Coral Palms Ct Unit B,Kissimmee,FL,34747,198000,2,2,1168,346,townhouse,S5151977,https://www.redfin.com/FL/Kissimmee/8842-Coral-Palms-Ct-34747/unit-B/home/46517670,kissimmee,34747
4017 Venetian Bay Dr #103,Kissimmee,FL,34741,199000,3,2,1296,499,condo,O6407344,https://www.redfin.com/FL/Kissimmee/4017-Venetian-Bay-Dr-34741/unit-103/home/46477754,kissimmee,34741
2747 N Poinciana Blvd #10,Kissimmee,FL,34746,199000,3,2,1287,545,townhouse,O6410914,https://www.redfin.com/FL/Kissimmee/2747-N-Poinciana-Blvd-34746/unit-10/home/46533888,kissimmee,34746
8825 Coral Palms Ct Unit A,Kissimmee,FL,34747,199000,3,2,1168,347,townhouse,O6426459,https://www.redfin.com/FL/Kissimmee/8825-Coral-Palms-Ct-34747/unit-A/home/46517660,kissimmee,34747
1323 Seven Eagles Ct #202,Reunion,FL,34747,199000,1,1,823,553,townhouse,S5152362,https://www.redfin.com/FL/Reunion/1323-Seven-Eagles-Ct-34747/unit-202/home/46480772,kissimmee,34747
1148 Mary Frances Dr,Kissimmee,FL,34741,199100,3,2,1403,,10,O6422255,https://www.redfin.com/FL/Kissimmee/1148-Mary-Frances-Dr-34741/home/46567293,kissimmee,34741
Michigan Ave,Kissimmee,FL,34744,199777,,,,,8,S5142129,https://www.redfin.com/FL/Kissimmee/Michigan-Ave-34744/home/177670799,kissimmee,34744
13838 Fairway Island Dr #1413,Orlando,FL,32837,199900,2,2,1020,462,townhouse,S5152553,https://www.redfin.com/FL/Orlando/13838-Fairway-Island-Dr-32837/unit-1413/home/46639640,kissimmee,32837
14036 Fairway Island Dr #1535,Orlando,FL,32837,199900,2,2,1160,462,townhouse,S5150995,https://www.redfin.com/FL/Orlando/14036-Fairway-Island-Dr-32837/unit-1535/home/46639716,kissimmee,32837
1322 Seven Eagles Ct #102,Reunion,FL,34747,199900,1,1,823,553,townhouse,S5153076,https://www.redfin.com/FL/Reunion/1322-Seven-Eagles-Ct-34747/unit-102/home/46480814,kissimmee,34747
3050 Pirates Retreat Ct #408,Kissimmee,FL,34747,199900,2,2,1445,646,townhouse,O6419134,https://www.redfin.com/FL/Kissimmee/3050-Pirates-Retreat-Ct-34747/unit-408/home/46507416,kissimmee,34747
202 Dana Ct,Kissimmee,FL,34758,199900,2,2,1397,150,10,S5137547,https://www.redfin.com/FL/Kissimmee/202-Dana-Ct-34758/home/46536683,kissimmee,34758
2788 Club Cortile Cir Unit A,Kissimmee,FL,34746,199990,3,2,1204,360,townhouse,O6417178,https://www.redfin.com/FL/Kissimmee/2788-Club-Cortile-Cir-34746/unit-A/home/46503574,kissimmee,34746
2201 San Vittorino Cir #104,Kissimmee,FL,34741,199999,3,2,1296,517,townhouse,O6423597,https://www.redfin.com/FL/Kissimmee/2201-San-Vittorino-Cir-34741/unit-104/home/46487527,kissimmee,34741
13917 Fairway Island Dr #928,Orlando,FL,32837,200000,2,2,1288,633,townhouse,O6358307,https://www.redfin.com/FL/Orlando/13917-Fairway-Island-Dr-32837/unit-928/home/46639452,kissimmee,32837
4011 Venetian Bay Dr #106,Kissimmee,FL,34741,200000,3,2,1296,516,condo,O6422590,https://www.redfin.com/FL/Kissimmee/4011-Venetian-Bay-Dr-34741/unit-106/home/46477823,kissimmee,34741
2219 San Vittorino Cir #106,Kissimmee,FL,34741,200000,3,2,1296,496,condo,S5128639,https://www.redfin.com/FL/Kissimmee/2219-San-Vittorino-Cir-34741/unit-106/home/46487163,kissimmee,34741
235 Balboa Dr,Kissimmee,FL,34758,200000,2,1,884,,single_family,PR9115378,https://www.redfin.com/FL/Kissimmee/235-Balboa-Dr-34758/home/46560429,kissimmee,34758
2123 ST Marteen Ct,Kissimmee,FL,34741,202000,2,2,991,278,single_family,O6387879,https://www.redfin.com/FL/Kissimmee/2123-St-Marteen-Ct-34741/home/46544006,kissimmee,34741
2734 Rio Grande Trl #2734,Kissimmee,FL,34741,204900,3,2,1250,329,townhouse,S5149082,https://www.redfin.com/FL/Kissimmee/2734-Rio-Grande-Trl-34741/unit-2734/home/92235352,kissimmee,34741
13536 Turtle Marsh Loop #523,Orlando,FL,32837,205000,3,2,1408,480,townhouse,O6388825,https://www.redfin.com/FL/Orlando/13536-Turtle-Marsh-Loop-32837/unit-523/home/46963072,kissimmee,32837
3214 Rio Grande Trl #00,Kissimmee,FL,34741,205000,3,2.5,1414,111,townhouse,S5151717,https://www.redfin.com/FL/Kissimmee/3214-Rio-Grande-Trl-34741/home/46544174,kissimmee,34741
59 E Country Cv,Kissimmee,FL,34743,205000,2,2,960,110,condo,S5153852,https://www.redfin.com/FL/Kissimmee/59-E-Country-Cove-Way-34743/home/46528457,kissimmee,34743
13929 Fairway Island Dr #818,Orlando,FL,32837,209000,2,2,1288,557,townhouse,S5152722,https://www.redfin.com/FL/Orlando/13929-Fairway-Island-Dr-32837/unit-818/home/46639427,kissimmee,32837
1913 Estancia Cir #1913,Kissimmee,FL,34741,209900,2,2,1259,337,townhouse,O6421351,https://www.redfin.com/FL/Kissimmee/1913-Estancia-Cir-34741/home/46494620,kissimmee,34741
1834 Foxhall Cir,Kissimmee,FL,34741,209990,2,1.5,1074,252,condo,O6340417,https://www.redfin.com/FL/Kissimmee/1834-Foxhall-Cir-34741/home/46546029,kissimmee,34741
13313 Fairway Glen Dr #104,Orlando,FL,32824,210000,3,2,1162,443,townhouse,S5150138,https://www.redfin.com/FL/Orlando/13313-Fairway-Glen-Dr-32824/unit-104/home/46951697,kissimmee,32824
13325 Fairway Gln #201,Orlando,FL,32824,210000,3,2,1164,443,townhouse,A12018938,https://www.redfin.com/FL/Orlando/13325-Fairway-Glen-Dr-32824/unit-201/home/46951718,kissimmee,32824
2460 Summerfield Way,Kissimmee,FL,34741,210000,2,2.5,1265,230,condo,O6409121,https://www.redfin.com/FL/Kissimmee/2460-Summerfield-Way-34741/home/46542757,kissimmee,34741
2201 San Vittorino Cir #106,Kissimmee,FL,34741,210000,3,2,1296,517,townhouse,S5147739,https://www.redfin.com/FL/Kissimmee/2201-San-Vittorino-Cir-34741/unit-106/home/46484597,kissimmee,34741
3036 Parkway Blvd #205,Kissimmee,FL,34747,210000,2,2,937,640,townhouse,S5155303,https://www.redfin.com/FL/Kissimmee/3036-Parkway-Blvd-34747/unit-205/for-sale/46479438,kissimmee,34747
8407 Blue Lagoon Dr,Kissimmee,FL,34747,210000,3,2.5,1291,672,condo,O6418125,https://www.redfin.com/FL/Kissimmee/8407-Blue-Lagoon-Dr-34747/for-sale/46580011,kissimmee,34747
2604 Mcdaniel Dr,Kissimmee,FL,34758,210000,2,2,1294,120,10,S5147848,https://www.redfin.com/FL/Kissimmee/2604-McDaniel-Dr-34758/home/46536814,kissimmee,34758
14049 Fairway Island Dr #124,Orlando,FL,32837,212000,2,2,1160,462,townhouse,R4911712,https://www.redfin.com/FL/Orlando/14049-Fairway-Island-Dr-32837/unit-124/home/46639266,kissimmee,32837
4560 Yellowgold Rd E #103,Kissimmee,FL,34746,212500,3,2,1296,601,townhouse,S5152771,https://www.redfin.com/FL/Kissimmee/4560-Yellowgold-Rd-E-34746/unit-103/home/46503611,kissimmee,34746
2040 Royal Bay Blvd #30,Kissimmee,FL,34746,214500,3,2,1326,306,townhouse,O6391231,https://www.redfin.com/FL/Kissimmee/2040-Royal-Bay-Blvd-34746/unit-30/home/46538864,kissimmee,34746
13301 Fairway Glen Dr #104,Orlando,FL,32824,214900,3,2,1013,443,townhouse,O6398551,https://www.redfin.com/FL/Orlando/13301-Fairway-Glen-Dr-32824/unit-104/home/46963589,kissimmee,32824
202 Eden Ln Unit B,Kissimmee,FL,34743,214900,2,2.5,1088,90,condo,S5154147,https://www.redfin.com/FL/Kissimmee/202-Eden-Ln-34743/unit-B/home/46529010,kissimmee,34743
8844 Grand Palms Cir Unit A,Kissimmee,FL,34747,214900,3,2,1245,331,townhouse,O6420581,https://www.redfin.com/FL/Kissimmee/8844-Grand-Palms-Cir-34747/unit-A/home/46486516,kissimmee,34747
13500 Turtle Marsh Loop #823,Orlando,FL,32837,215000,3,2,1408,645,townhouse,O6407288,https://www.redfin.com/FL/Orlando/13500-Turtle-Marsh-Loop-32837/unit-823/home/46963141,kissimmee,32837
13803 Fairway Island Dr #1618,Orlando,FL,32837,215000,2,2,1388,457,townhouse,O6394163,https://www.redfin.com/FL/Orlando/13803-Fairway-Island-Dr-32837/unit-1618/home/46639724,kissimmee,32837
2401 Barley Club Dr Unit GE,Orlando,FL,32837,215000,3,2,995,350,townhouse,A4666716,https://www.redfin.com/FL/Orlando/2401-Barley-Club-Dr-32837/unit-GE/home/201416481,kissimmee,32837
2207 Antigua Pl #715,Kissimmee,FL,34741,215000,2,2,1026,526,townhouse,S5155294,https://www.redfin.com/FL/Kissimmee/2207-Antigua-Pl-34741/unit-715/for-sale/46493877,kissimmee,34741
261 Autumn Ln #3,Kissimmee,FL,34743,215000,2,2.5,990,225,condo,S5149836,https://www.redfin.com/FL/Kissimmee/261-Autumn-Ln-34743/unit-3/home/46501706,kissimmee,34743
54 W Marbrisa Way,Kissimmee,FL,34743,215000,2,1,750,75,single_family,O6394076,https://www.redfin.com/FL/Kissimmee/54-W-Marbrisa-Way-34743/home/46529112,kissimmee,34743
40 E Country Cove Way,Kissimmee,FL,34743,215000,2,2,960,110,single_family,S5142234,https://www.redfin.com/FL/Kissimmee/40-E-Country-Cove-Way-34743/home/46528415,kissimmee,34743
2723 N Poinciana Blvd #153,Kissimmee,FL,34746,215000,3,2,1287,545,townhouse,O6430841,https://www.redfin.com/FL/Kissimmee/2723-N-Poinciana-Blvd-34746/unit-153/for-sale/46534236,kissimmee,34746
2616 Lodi Cir #104,Kissimmee,FL,34746,215000,3,2,1296,601,condo,S5154475,https://www.redfin.com/FL/Kissimmee/2616-Lodi-Cir-34746/unit-104/home/46503351,kissimmee,34746
4562 Jonafree Ln #106,Kissimmee,FL,34746,215000,3,2,1296,601,townhouse,O6413004,https://www.redfin.com/FL/Kissimmee/4562-Jonafree-Ln-34746/unit-106/home/46503360,kissimmee,34746
5000 Mangrove Aly #104,Kissimmee,FL,34746,215000,1,1,834,625,townhouse,O6417416,https://www.redfin.com/FL/Kissimmee/5000-Mangrove-Aly-34746/unit-104/home/46498386,kissimmee,34746
2830 Osprey Cove Pl #203,Kissimmee,FL,34746,215000,3,2,1136,300,townhouse,O6413754,https://www.redfin.com/FL/Kissimmee/2830-Osprey-Cove-Pl-34746/unit-203/home/46578418,kissimmee,34746
145 Dorchester Ct,Kissimmee,FL,34758,216900,3,2,1072,100,single_family,O6431560,https://www.redfin.com/FL/Kissimmee/145-Dorchester-Ct-34758/for-sale/46556321,kissimmee,34758
1810 N Brack St,Kissimmee,FL,34744,217500,2,1,816,,single_family,O6422750,https://www.redfin.com/FL/Kissimmee/1810-Brack-St-34744/home/46541366,kissimmee,34744
67 E Country Cove Way,Kissimmee,FL,34743,219000,2,2,960,110,single_family,O6401366,https://www.redfin.com/FL/Kissimmee/67-E-Country-Cove-Way-34743/home/46528449,kissimmee,34743
336 Cervantes Dr #336,Kissimmee,FL,34743,219000,2,2.5,1120,232,condo,S5146784,https://www.redfin.com/FL/Kissimmee/336-Cervantes-Dr-34743/unit-336/home/145424046,kissimmee,34743
5004 Laguna Bay Cir #49,Kissimmee,FL,34746,219000,3,2,1220,499,townhouse,S5151220,https://www.redfin.com/FL/Kissimmee/5004-Laguna-Bay-Cir-34746/unit-49/home/46539353,kissimmee,34746
1419 King St,Kissimmee,FL,34741,219900,2,1.5,1524,,single_family,O6408271,https://www.redfin.com/FL/Kissimmee/1419-King-St-34741/home/46552509,kissimmee,34741
344 Cervantes Dr,Kissimmee,FL,34743,219900,2,1.5,960,232,condo,O6412840,https://www.redfin.com/FL/Kissimmee/344-Cervantes-Dr-34743/home/46481961,kissimmee,34743
1316 Burnley Ct,Kissimmee,FL,34758,219990,3,2,1330,90,single_family,S5149785,https://www.redfin.com/FL/Kissimmee/1316-Burnley-Ct-34758/for-sale/46557282,kissimmee,34758
8810 Grand Palms Cir Unit B,Kissimmee,FL,34747,219999,3,2,1245,331,townhouse,O6414851,https://www.redfin.com/FL/Kissimmee/8810-Grand-Palms-Cir-34747/unit-B/home/46578975,kissimmee,34747
9854 5th Ave,Orlando,FL,32824,220000,3,2,1346,,10,O6428091,https://www.redfin.com/FL/Orlando/9854-5th-Ave-32824/for-sale/46689144,kissimmee,32824
13815 Timberland Dr #103,Orlando,FL,32824,220000,2,2,1013,435,townhouse,O6375864,https://www.redfin.com/FL/Orlando/13815-Timberland-Dr-32824/unit-103/home/46899706,kissimmee,32824
12220 Wild Iris Way #101,Orlando,FL,32837,220000,2,2,1143,573,townhouse,S5152588,https://www.redfin.com/FL/Orlando/12220-Wild-Iris-Way-32837/unit-101/home/46620077,kissimmee,32837
13838 Fairway Island Dr #1418,Orlando,FL,32837,220000,2,2,1288,462,townhouse,S5148602,https://www.redfin.com/FL/Orlando/13838-Fairway-Island-Dr-32837/unit-1418/home/46620069,kissimmee,32837
4012 Santa Maria Dr #102,Kissimmee,FL,34741,220000,4,3,1470,497,townhouse,S5142432,https://www.redfin.com/FL/Kissimmee/4012-Santa-Maria-Dr-34741/unit-102/home/46487260,kissimmee,34741
Harvest Ln,Kissimmee,FL,34744,220000,,,,10,8,O6306704,https://www.redfin.com/FL/Kissimmee/Harvest-Ln-34744/home/162410760,kissimmee,34744
1055 Park Ridge Cir,Kissimmee,FL,34746,220000,3,2.5,1291,580,condo,O6432121,https://www.redfin.com/FL/Kissimmee/1055-Park-Ridge-Cir-34746/home/46578069,kissimmee,34746
2016 Royal Bay Blvd #103,Kissimmee,FL,34746,220000,3,2,1326,350,townhouse,O6415056,https://www.redfin.com/FL/Kissimmee/2016-Royal-Bay-Blvd-34746/unit-103/home/46538916,kissimmee,34746
8816 Dunes Ct #302,Kissimmee,FL,34747,220000,2,2,1110,564,townhouse,S5151475,https://www.redfin.com/FL/Kissimmee/8816-Dunes-Ct-34747/unit-302/home/46502084,kissimmee,34747
169 Birmingham Dr,Kissimmee,FL,34758,220000,3,2,1481,90,single_family,TB8526347,https://www.redfin.com/FL/Kissimmee/169-Birmingham-Dr-34758/home/46557837,kissimmee,34758
602 Mckinley Ct,Kissimmee,FL,34758,220000,3,2,1014,100,single_family,O6421100,https://www.redfin.com/FL/Kissimmee/602-McKinley-Ct-34758/home/46560051,kissimmee,34758
1021 Embrun Ct,Kissimmee,FL,34759,220000,3,2,1285,100,single_family,O6417919,https://www.redfin.com/FL/Kissimmee/1021-Embrun-Ct-34759/home/46563631,kissimmee,34759
2810 Club Cortile Cir Unit A,Kissimmee,FL,34746,221000,3,2,1202,375,townhouse,S5151508,https://www.redfin.com/FL/Kissimmee/2810-Club-Cortile-Cir-34746/unit-A/home/46503557,kissimmee,34746
421 1st St,Orlando,FL,32824,223000,3,2,1229,,single_family,O6388295,https://www.redfin.com/FL/Orlando/421-1st-St-32824/home/46934253,kissimmee,32824
3341 Whitestone Cir #203,Kissimmee,FL,34741,224000,3,2,1433,399,townhouse,S5154158,https://www.redfin.com/FL/Kissimmee/3341-Whitestone-Cir-34741/unit-203/home/46501130,kissimmee,34741
2959 Monica Ter,Kissimmee,FL,34744,224000,,,,,8,S5129153,https://www.redfin.com/FL/Kissimmee/2959-Monica-Ter-34744/home/162712543,kissimmee,34744
13524 Turtle Marsh Loop #634,Orlando,FL,32837,224888,3,2,1408,678,townhouse,O6416779,https://www.redfin.com/FL/Orlando/13524-Turtle-Marsh-Loop-32837/unit-634/home/46949532,kissimmee,32837
1119 Park Ridge Cir,Kissimmee,FL,34746,224900,3,2.5,1291,576,condo,O6416016,https://www.redfin.com/FL/Kissimmee/1119-Park-Ridge-Cir-34746/home/46578129,kissimmee,34746
1947 Bentley Blvd,Kissimmee,FL,34741,224901,3,2,1056,125,condo,S5148951,https://www.redfin.com/FL/Kissimmee/1947-Bentley-Blvd-34741/home/46543780,kissimmee,34741
3500 Suzette Dr,Kissimmee,FL,34746,224950,3,2,1285,,single_family,TB8536959,https://www.redfin.com/FL/Kissimmee/3500-Suzette-Dr-34746/for-sale/46519164,kissimmee,34746
2965 Lucky Cir,Kissimmee,FL,34746,224988,,,,,8,O6430379,https://www.redfin.com/FL/Kissimmee/2965-Lucky-Cir-34746/home/179966107,kissimmee,34746
3331 Whitestone Cir #101,Kissimmee,FL,34741,224990,3,2,1495,391,townhouse,S5148826,https://www.redfin.com/FL/Kissimmee/3331-Whitestone-Cir-34741/unit-101/for-sale/46501227,kissimmee,34741
13512 Turtle Marsh Loop #720,Orlando,FL,32837,224999,3,2,1276,640,townhouse,O6335834,https://www.redfin.com/FL/Orlando/13512-Turtle-Marsh-Loop-32837/unit-720/home/46963105,kissimmee,32837
13917 Timberland Dr #201,Orlando,FL,32824,225000,2,2,1013,435,townhouse,O6365894,https://www.redfin.com/FL/Orlando/13917-Timberland-Dr-32824/unit-201/home/46899686,kissimmee,32824
12220 Wild Iris Way #108,Orlando,FL,32837,225000,2,2,1120,538,townhouse,O6424376,https://www.redfin.com/FL/Orlando/12220-Wild-Iris-Way-32837/unit-108/home/46639744,kissimmee,32837
26 Las Palmas Way #1,Kissimmee,FL,34743,225000,2,2,960,77,single_family,O6431214,https://www.redfin.com/FL/Kissimmee/26-Las-Palmas-Way-34743/unit-1/for-sale/204431578,kissimmee,34743
2 Lake Villa Way,Kissimmee,FL,34743,225000,3,2,992,122,condo,O6413875,https://www.redfin.com/FL/Kissimmee/2-Lake-Villa-Way-34743/home/46523419,kissimmee,34743
1081 Park Ridge Cir,Kissimmee,FL,34746,225000,3,2.5,1291,460,condo,TB8520730,https://www.redfin.com/FL/Kissimmee/1081-Park-Ridge-Cir-34746/home/46578109,kissimmee,34746
1077 Park Ridge Cir,Kissimmee,FL,34746,225000,3,2.5,1291,460,condo,TB8520773,https://www.redfin.com/FL/Kissimmee/1077-Park-Ridge-Cir-34746/home/46578097,kissimmee,34746
774 Harland Ct,Kissimmee,FL,34758,225000,3,2,1499,100,single_family,O6419139,https://www.redfin.com/FL/Kissimmee/774-Harland-Ct-34758/home/46562800,kissimmee,34758
8107 Coconut Palm Way #201,Kissimmee,FL,34747,227000,3,2,1268,544,townhouse,R4911752,https://www.redfin.com/FL/Kissimmee/8107-Coconut-Palm-Way-34747/unit-201/for-sale/46576976,kissimmee,34747
2610 Lodi Cir #103,Kissimmee,FL,34746,227500,3,2,1296,601,townhouse,S5153055,https://www.redfin.com/FL/Kissimmee/2610-Lodi-Cir-34746/unit-103/home/46503160,kissimmee,34746
13827 Fairway Island Dr #1228,Orlando,FL,32837,229000,2,2,1288,557,townhouse,O6423323,https://www.redfin.com/FL/Orlando/13827-Fairway-Island-Dr-32837/unit-1228/home/46619693,kissimmee,32837
214 Majors Ln Unit C,Kissimmee,FL,34743,229000,2,2.5,1217,326,condo,O6423130,https://www.redfin.com/FL/Kissimmee/214-Majors-Ln-34743/unit-C/home/145920054,kissimmee,34743
5252 Cane Island Loop #204,Kissimmee,FL,34746,229000,3,2,1402,600,townhouse,O6428701,https://www.redfin.com/FL/Kissimmee/5252-Cane-Island-Loop-34746/unit-204/home/46502705,kissimmee,34746
4278 ST Thomas Way,Kissimmee,FL,34758,229240,2,2,1562,429,condo,O6421791,https://www.redfin.com/FL/Kissimmee/4278-St-Thomas-Way-34758/home/193906904,kissimmee,34758
109 E Bass St,Kissimmee,FL,34744,229500,2,1,638,,single_family,O6418571,https://www.redfin.com/FL/Kissimmee/109-E-Bass-St-34744/home/46552777,kissimmee,34744
53 W Marbrisa Way,Kissimmee,FL,34743,229900,2,2,875,75,condo,O6386367,https://www.redfin.com/FL/Kissimmee/53-W-Marbrisa-Way-34743/home/46529115,kissimmee,34743
2440 Sweetwater Club Cir #40,Kissimmee,FL,34746,229900,3,2,1220,485,townhouse,O6432054,https://www.redfin.com/FL/Kissimmee/2440-Sweetwater-Club-Cir-34746/unit-40/home/46539047,kissimmee,34746
9051 Treasure Trove Ln #104,Kissimmee,FL,34747,229900,3,2,1700,830,townhouse,O6419077,https://www.redfin.com/FL/Kissimmee/9051-Treasure-Trove-Ln-34747/unit-104/home/46498648,kissimmee,34747
4342 ST Thomas Way,Kissimmee,FL,34758,229990,2,2,1562,429,condo,O6425482,https://www.redfin.com/FL/Kissimmee/4342-St-Thomas-Way-34758/home/193906921,kissimmee,34758
17 S Flag Dr,Kissimmee,FL,34759,229999,3,2,1218,100,single_family,A4695750,https://www.redfin.com/FL/Kissimmee/17-S-Flag-Dr-34759/home/46562640,kissimmee,34759
1805 Verona St,Kissimmee,FL,34741,230000,3,1,1140,,single_family,S5154344,https://www.redfin.com/FL/Kissimmee/1805-Verona-St-34741/for-sale/46551844,kissimmee,34741
2342 Barbados Ct,Kissimmee,FL,34741,230000,2,2,991,251,single_family,S5145920,https://www.redfin.com/FL/Kissimmee/2342-Barbados-Ct-34741/home/46544109,kissimmee,34741
1076 Universal Rest Pl,Kissimmee,FL,34744,230000,3,2,1603,202,condo,S5152671,https://www.redfin.com/FL/Kissimmee/1076-Universal-Rest-Pl-34744/home/46549160,kissimmee,34744
2474 Sweetwater Club Cir #101,Kissimmee,FL,34746,230000,3,2,1220,485,townhouse,O6415917,https://www.redfin.com/FL/Kissimmee/2474-Sweetwater-Club-Cir-34746/unit-101/home/46539096,kissimmee,34746
8102 Princess Palm Ln #305,Kissimmee,FL,34747,230000,3,2,1268,543,townhouse,O6419300,https://www.redfin.com/FL/Kissimmee/8102-Princess-Palm-Ln-34747/unit-305/home/46576975,kissimmee,34747
303 Cocoa Ct,Kissimmee,FL,34758,230000,3,2,1380,,single_family,O6334581,https://www.redfin.com/FL/Kissimmee/303-Cocoa-Ct-34758/home/46559800,kissimmee,34758
4318 ST Thomas Way,Kissimmee,FL,34758,231240,2,2,1562,429,condo,O6421804,https://www.redfin.com/FL/Kissimmee/4318-St-Thomas-Way-34758/home/193906915,kissimmee,34758
1040 Cannock Dr,Kissimmee,FL,34758,231999,3,2,1161,83,single_family,O6402700,https://www.redfin.com/FL/Kissimmee/1040-Cannock-Dr-34758/home/46556913,kissimmee,34758
214 Majors Ln Unit F,Kissimmee,FL,34743,233000,2,2.5,1217,326,condo,O6415839,https://www.redfin.com/FL/Kissimmee/214-Majors-Ln-34743/unit-F/home/144323401,kissimmee,34743
1064 Park Ridge Cir,Kissimmee,FL,34746,233000,3,2.5,1291,573,condo,S5150148,https://www.redfin.com/FL/Kissimmee/1064-Park-Ridge-Cir-34746/home/46577961,kissimmee,34746
2302 Butterfly Palm Way #301,Kissimmee,FL,34747,234900,3,2,1402,543,townhouse,S5153535,https://www.redfin.com/FL/Kissimmee/2302-Butterfly-Palm-Way-34747/unit-301/for-sale/46576937,kissimmee,34747
2612 Mcdaniel Dr,Kissimmee,FL,34758,234900,2,2,1056,163,10,S5154722,https://www.redfin.com/FL/Kissimmee/2612-McDaniel-Dr-34758/home/46536804,kissimmee,34758
13801 Timberland Dr #201,Orlando,FL,32824,235000,3,2,1162,435,townhouse,S5133414,https://www.redfin.com/FL/Orlando/13801-Timberland-Dr-32824/unit-201/home/46899668,kissimmee,32824
2270 San Vital Dr #107,Kissimmee,FL,34741,235000,4,3,1470,528,townhouse,O6418413,https://www.redfin.com/FL/Kissimmee/2270-San-Vital-Dr-34741/unit-107/home/46487356,kissimmee,34741
2505 Coral Ave,Kissimmee,FL,34741,235000,2,2,1074,,single_family,O6369113,https://www.redfin.com/FL/Kissimmee/2505-Coral-Ave-34741/home/46530900,kissimmee,34741
12 Pine Island Cir,Kissimmee,FL,34743,235000,2,2,1066,150,condo,O6408701,https://www.redfin.com/FL/Kissimmee/12-Pine-Island-Cir-34743/home/46527151,kissimmee,34743
3003 Limbo Ln #103,Kissimmee,FL,34746,235000,2,2,1159,608,townhouse,O6429456,https://www.redfin.com/FL/Kissimmee/3003-Limbo-Ln-34746/unit-103/home/46500357,kissimmee,34746
1065 Park Ridge Cir,Kissimmee,FL,34746,235000,3,2.5,1291,585,condo,O6423505,https://www.redfin.com/FL/Kissimmee/1065-Park-Ridge-Cir-34746/home/46578085,kissimmee,34746
8828 Dunes Ct Unit 12 304,Kissimmee,FL,34747,235000,3,2,1249,594,townhouse,S5152970,https://www.redfin.com/FL/Kissimmee/8828-Dunes-Ct-34747/unit-12304/home/145408418,kissimmee,34747
309 Cornwallis Ct,Kissimmee,FL,34758,235000,2,2,1008,90,single_family,O6397141,https://www.redfin.com/FL/Kissimmee/309-Cornwallis-Ct-34758/home/46560566,kissimmee,34758
1340 Sawdust Trl,Kissimmee,FL,34744,235900,2,2,924,,10,G5106887,https://www.redfin.com/FL/Kissimmee/1340-Sawdust-Trl-34744/home/46513935,kissimmee,34744
354 Cervantes Dr,Kissimmee,FL,34743,237000,2,2.5,1120,265,condo,S5147350,https://www.redfin.com/FL/Kissimmee/354-Cervantes-Dr-34743/home/46481957,kissimmee,34743
495 Las Cortes Ln #102,Orlando,FL,32824,239000,3,2,1200,244,townhouse,S5151892,https://www.redfin.com/FL/Orlando/495-Las-Cortes-Ln-32824/unit-102/home/46590932,kissimmee,32824
13536 Turtle Marsh Loop #532,Orlando,FL,32837,239000,3,2,1276,686,townhouse,S5147588,https://www.redfin.com/FL/Orlando/13536-Turtle-Marsh-Loop-32837/unit-532/home/46963071,kissimmee,32837
2026 Estancia Cir Unit A,Kissimmee,FL,34741,239000,2,2,1260,337,townhouse,O6427415,https://www.redfin.com/FL/Kissimmee/2026-Estancia-Cir-34741/unit-A/home/171922609,kissimmee,34741
3321 Whitestone Cir #108,Kissimmee,FL,34741,239000,3,2,1495,399,townhouse,S5152102,https://www.redfin.com/FL/Kissimmee/3321-Whitestone-Cir-34741/unit-108/home/46501198,kissimmee,34741
3001 Laurel Run Ln #203,Kissimmee,FL,34741,239000,3,2,1433,399,townhouse,O6396451,https://www.redfin.com/FL/Kissimmee/3001-Laurel-Run-Ln-34741/unit-203/home/46501598,kissimmee,34741
3301 Whitestone Cir #205,Kissimmee,FL,34741,239000,3,2,1433,399,townhouse,S5149024,https://www.redfin.com/FL/Kissimmee/3301-Whitestone-Cir-34741/unit-205/home/46498430,kissimmee,34741
3008 Red Ginger Rd #3008,Kissimmee,FL,34747,239000,2,2.5,1161,594,condo,O6422431,https://www.redfin.com/FL/Kissimmee/3008-Red-Ginger-Rd-34747/home/46492605,kissimmee,34747
625 S Delmonte Ct,Kissimmee,FL,34758,239600,3,2,1341,100,single_family,S5152409,https://www.redfin.com/FL/Kissimmee/625-S-Delmonte-Ct-34758/home/46559893,kissimmee,34758
1070 Park Ridge Cir,Kissimmee,FL,34746,239900,3,2.5,1277,585,condo,O6428420,https://www.redfin.com/FL/Kissimmee/1070-Park-Ridge-Cir-34746/home/46577971,kissimmee,34746
4754 Vero Beach Pl,Kissimmee,FL,34746,239900,3,2.5,1286,515,condo,O6414453,https://www.redfin.com/FL/Kissimmee/4754-Vero-Beach-Pl-34746/home/46479497,kissimmee,34746
Choctaw Trl,Kissimmee,FL,34747,239900,,,,38,8,O6407653,https://www.redfin.com/FL/Kissimmee/Choctaw-Trl-34747/home/162712318,kissimmee,34747
4997 Town Ter S,Kissimmee,FL,34758,239900,3,3,1504,458,condo,S5154550,https://www.redfin.com/FL/Kissimmee/4997-Town-Ter-34758/home/46484918,kissimmee,34758
649 Captiva Cir,Kissimmee,FL,34741,240000,3,2.5,1527,160,condo,O6428848,https://www.redfin.com/FL/Kissimmee/649-Captiva-Cir-34741/home/46543054,kissimmee,34741
678 Captiva Cir,Kissimmee,FL,34741,240000,3,2.5,1512,160,condo,O6405706,https://www.redfin.com/FL/Kissimmee/678-Captiva-Cir-34741/home/46543061,kissimmee,34741
,Kissimmee,FL,34741,240000,2,2.5,1265,200,condo,O6407744,https://www.redfin.com/FL/Kissimmee/Undisclosed-address-34741/home/46542729,kissimmee,34741
15 W Country Cv,Kissimmee,FL,34743,240000,2,2,1200,110,condo,O6431934,https://www.redfin.com/FL/Kissimmee/15-W-Country-Cove-Way-34743/for-sale/46528437,kissimmee,34743
3204 Tidewater Dr,Kissimmee,FL,34743,240000,2,2,952,285,condo,O6383361,https://www.redfin.com/FL/Kissimmee/3204-Tidewater-Dr-34743/home/46520593,kissimmee,34743
3004 Parkway Blvd #101,Kissimmee,FL,34747,240000,2,2,937,643,townhouse,O6423407,https://www.redfin.com/FL/Kissimmee/3004-Parkway-Blvd-34747/unit-101/for-sale/46480657,kissimmee,34747
451 Hunter Cir,Kissimmee,FL,34758,240000,3,2.5,1586,472,condo,O6427901,https://www.redfin.com/FL/Kissimmee/451-Hunter-Cir-34758/home/46537486,kissimmee,34758
336 Montgomery Ct,Kissimmee,FL,34758,240000,3,2,1346,105,single_family,O6413724,https://www.redfin.com/FL/Kissimmee/336-Montgomery-Ct-34758/home/46560636,kissimmee,34758
2737 Cranmoor Dr,Kissimmee,FL,34758,240000,3,2,1104,163,10,O6390866,https://www.redfin.com/FL/Kissimmee/2737-Cranmoor-Dr-34758/home/46536834,kissimmee,34758
2212 San Vittorino Cir Unit 28-107,Kissimmee,FL,34741,244000,4,3,1470,315,condo,S5144032,https://www.redfin.com/FL/Kissimmee/2212-San-Vittorino-Cir-34741/unit-28-107/home/202073191,kissimmee,34741
9514 11th Ave,Orlando,FL,32824,244900,3,2,1080,,10,O6403464,https://www.redfin.com/FL/Orlando/9514-11th-Ave-32824/home/46688620,kissimmee,32824
3001 Laurel Park Ln #105,Kissimmee,FL,34741,244995,3,2,1433,399,townhouse,O6390452,https://www.redfin.com/FL/Kissimmee/3001-Laurel-Park-Ln-34741/unit-105/home/46501210,kissimmee,34741
508 Villa Del Sol Cir #204,Orlando,FL,32824,245000,3,2,1200,288,townhouse,O6429239,https://www.redfin.com/FL/Orlando/508-Villa-del-Sol-Cir-32824/unit-204/home/46588092,kissimmee,32824
4004 San Gallo Dr #104,Kissimmee,FL,34741,245000,3,2,1296,495,condo,S5139474,https://www.redfin.com/FL/Kissimmee/4004-San-Gallo-Dr-34741/unit-104/home/46477787,kissimmee,34741
1647 Windsor Oak Ct,Kissimmee,FL,34744,245000,3,2.5,1380,185,condo,S5134784,https://www.redfin.com/FL/Kissimmee/1647-Windsor-Oak-Ct-34744/home/46540536,kissimmee,34744
7646 Long Island Dr,Kissimmee,FL,34747,245000,3,3,1187,333,condo,S5153454,https://www.redfin.com/FL/Kissimmee/7646-Long-Island-Dr-34747/home/46492175,kissimmee,34747
326 Colonade Ct,Kissimmee,FL,34758,245000,2,2,1234,85,single_family,P4937527,https://www.redfin.com/FL/Kissimmee/326-Colonade-Ct-34758/home/46560249,kissimmee,34758
11715 Windbourne Ct,Orlando,FL,32837,247000,2,1.5,960,217,condo,O6423843,https://www.redfin.com/FL/Orlando/11715-Windbourne-Ct-32837/home/46798201,kissimmee,32837
330 Cortez Ct,Kissimmee,FL,34758,247000,3,2,1734,100,single_family,O6374485,https://www.redfin.com/FL/Kissimmee/330-Cortez-Ct-34758/for-sale/46560539,kissimmee,34758
11008 Yorkshire Ridge Ct,Orlando,FL,32837,247900,2,2.5,1176,114,condo,O6397747,https://www.redfin.com/FL/Orlando/11008-Yorkshire-Ridge-Ct-32837/home/46745596,kissimmee,32837
2201 San Vittorino Cir #108,Kissimmee,FL,34741,248000,4,3,1470,500,condo,O6359745,https://www.redfin.com/FL/Kissimmee/2201-San-Vittorino-Cir-34741/unit-108/home/46487524,kissimmee,34741
14226 Fredricksburg Dr #220,Orlando,FL,32837,249000,3,3,1554,755,townhouse,O6411751,https://www.redfin.com/FL/Orlando/14226-Fredricksburg-Dr-32837/unit-220/home/46639955,kissimmee,32837
12102 Poppy Field Ln #111,Orlando,FL,32837,249000,3,2,1396,638,condo,O6404227,https://www.redfin.com/FL/Orlando/12102-Poppy-Field-Ln-32837/unit-111/home/46639882,kissimmee,32837
3321 Whitestone Cir #102,Kissimmee,FL,34741,249000,3,2,1495,399,townhouse,O6421222,https://www.redfin.com/FL/Kissimmee/3321-Whitestone-Cir-34741/unit-102/home/46498451,kissimmee,34741
42 Pine Island Cir,Kissimmee,FL,34743,249000,3,2,1214,150,condo,S5149128,https://www.redfin.com/FL/Kissimmee/42-Pine-Island-Cir-34743/home/46527115,kissimmee,34743
2705 Emerald Lake Ct #2705,Kissimmee,FL,34744,249000,2,2,1240,330,townhouse,S5153755,https://www.redfin.com/FL/Kissimmee/2705-Emerald-Lake-Ct-34744/unit-2705/home/77620939,kissimmee,34744
8811 Dunes Ct #308,Kissimmee,FL,34747,249000,4,2,1377,773,townhouse,O6428294,https://www.redfin.com/FL/Kissimmee/8811-Dunes-Ct-34747/unit-308/home/46498887,kissimmee,34747
3175 Feltrim Pl #305,Kissimmee,FL,34747,249000,3,2,,640,townhouse,A12022297,https://www.redfin.com/FL/Kissimmee/3175-Feltrim-Pl-34747/unit-305/home/46507300,kissimmee,34747
8456 Crystal Cove Loop,Kissimmee,FL,34747,249000,3,2.5,1291,672,condo,O6415189,https://www.redfin.com/FL/Kissimmee/8456-Crystal-Cove-Loop-34747/home/46580143,kissimmee,34747
3001 Laurel Run Ln #204,Kissimmee,FL,34741,249500,3,2,1433,399,townhouse,O6405594,https://www.redfin.com/FL/Kissimmee/3001-Laurel-Run-Ln-34741/unit-204/home/46498464,kissimmee,34741
12031 Villanova Dr #110,Orlando,FL,32837,249900,2,2.5,1219,362,townhouse,TB8420828,https://www.redfin.com/FL/Orlando/12031-Villanova-Dr-32837/unit-110/home/46639902,kissimmee,32837
2481 Winchester Blvd,Kissimmee,FL,34743,249900,3,2,1023,28,single_family,O6413677,https://www.redfin.com/FL/Kissimmee/2481-Winchester-Blvd-34743/home/46547605,kissimmee,34743
1057 Park Ridge Cir,Kissimmee,FL,34746,249900,3,2.5,1291,692,condo,O6427820,https://www.redfin.com/FL/Kissimmee/1057-Park-Ridge-Cir-34746/home/46578071,kissimmee,34746
8812 Grand Palms Cir Unit A,Kissimmee,FL,34747,249900,3,2,1245,,townhouse,O6421483,https://www.redfin.com/FL/Kissimmee/8812-Grand-Palms-Cir-34747/unit-A/home/46476186,kissimmee,34747
10873 Windsor Walk Dr #4106,Orlando,FL,32837,249975,2,2,999,400,townhouse,S5142896,https://www.redfin.com/FL/Orlando/10873-Windsor-Walk-Dr-32837/unit-4106/home/46638952,kissimmee,32837
3003 White Orchid Rd,Kissimmee,FL,34747,249990,2,2.5,1161,594,condo,O6425164,https://www.redfin.com/FL/Kissimmee/3003-White-Orchid-Rd-34747/for-sale/53422296,kissimmee,34747
913 San Rafael Way,Kissimmee,FL,34758,249999,3,2,1329,100,single_family,S5153452,https://www.redfin.com/FL/Kissimmee/913-San-Rafael-Way-34758/for-sale/46561146,kissimmee,34758
3001 Laurel Run Ln #206,Kissimmee,FL,34741,250000,3,2,1433,399,townhouse,O6425116,https://www.redfin.com/FL/Kissimmee/3001-Laurel-Run-Ln-34741/unit-206/home/46501600,kissimmee,34741
4011 Venetian Bay Dr #101,Kissimmee,FL,34741,250000,4,3,1470,499,condo,O6339267,https://www.redfin.com/FL/Kissimmee/4011-Venetian-Bay-Dr-34741/unit-101/home/46477819,kissimmee,34741
310 E Magnolia St,Kissimmee,FL,34744,250000,4,2.5,1312,,single_family,O6379567,https://www.redfin.com/FL/Kissimmee/310-E-Magnolia-St-34744/for-sale/46552786,kissimmee,34744
1057 Universal Rest Pl,Kissimmee,FL,34744,250000,3,2,1728,200,condo,S5143478,https://www.redfin.com/FL/Kissimmee/1057-Universal-Rest-Pl-34744/home/46549077,kissimmee,34744
1682 Magnolia Ln,Kissimmee,FL,34746,250000,3,2,972,,single_family,G5114208,https://www.redfin.com/FL/Kissimmee/1682-Magnolia-Ln-34746/home/46519424,kissimmee,34746
2135 Water Mania Ct,Kissimmee,FL,34746,250000,2,2,1052,996,condo,O6410366,https://www.redfin.com/FL/Kissimmee/2135-Water-Mania-Ct-34746/home/46513487,kissimmee,34746
3150 Wet N Wild Ct,Kissimmee,FL,34746,250000,2,2,1052,996,condo,O6410367,https://www.redfin.com/FL/Kissimmee/3150-Wet-N-Wild-Ct-34746/home/46513958,kissimmee,34746
Helen Ave,Kissimmee,FL,34746,250000,,,,,8,S5154572,https://www.redfin.com/FL/Kissimmee/Helen-Ave-34746/home/162665377,kissimmee,34746
3060 Pirates Retreat Ct #102,Kissimmee,FL,34747,250000,2,2,1445,684,townhouse,TB8524632,https://www.redfin.com/FL/Kissimmee/3060-Pirates-Retreat-Ct-34747/unit-102/home/46498747,kissimmee,34747
3003 Bird OF Paradise Ln,Kissimmee,FL,34747,250000,2,2.5,1161,594,condo,O6416279,https://www.redfin.com/FL/Kissimmee/3003-Bird-of-Paradise-Ln-34747/home/53422340,kissimmee,34747
214 Taranto Way,Kissimmee,FL,34758,250000,4,3.5,2871,93,single_family,S5139887,https://www.redfin.com/FL/Kissimmee/214-Taranto-Way-34758/home/46561501,kissimmee,34758
103 Dulverton Way,Kissimmee,FL,34758,250000,3,2,1194,8,single_family,O6423715,https://www.redfin.com/FL/Kissimmee/103-Dulverton-Way-34758/home/46557494,kissimmee,34758
1033 Embrun Ct,Kissimmee,FL,34759,250000,3,2,1068,100,single_family,O6428635,https://www.redfin.com/FL/Kissimmee/1033-Embrun-Ct-34759/for-sale/46563625,kissimmee,34759
3 Country Club Ct,Kissimmee,FL,34759,250000,3,2,1218,23,single_family,TB8515563,https://www.redfin.com/FL/Kissimmee/3-Country-Club-Ct-34759/home/46562409,kissimmee,34759
718 Pincon Ln,Kissimmee,FL,34759,251975,3,2,1208,100,single_family,S5149493,https://www.redfin.com/FL/Kissimmee/718-Pincon-Ln-34759/home/46564330,kissimmee,34759
710 Bay St,Kissimmee,FL,34744,253000,3,3,1100,,single_family,O6385334,https://www.redfin.com/FL/Kissimmee/710-Bay-St-34744/home/46552838,kissimmee,34744
12016 Villanova Dr #102,Orlando,FL,32837,254900,3,2,1344,664,townhouse,G5115027,https://www.redfin.com/FL/Orlando/12016-Villanova-Dr-32837/unit-102/home/46639816,kissimmee,32837
2135 Balboa Way,Kissimmee,FL,34741,254900,2,2.5,1418,160,condo,S5154986,https://www.redfin.com/FL/Kissimmee/2135-Balboa-Way-34741/home/46542973,kissimmee,34741
2868 Tanzanite Ter,Kissimmee,FL,34758,254900,3,2,1838,232,condo,S5155144,https://www.redfin.com/FL/Kissimmee/2868-Tanzanite-Ter-34758/home/46507623,kissimmee,34758
3133 Enclave Ct,Kissimmee,FL,34746,254990,2,2.5,1112,180,condo,S5154013,https://www.redfin.com/FL/Kissimmee/3133-Enclave-Ct-34746/home/46569147,kissimmee,34746
13433 Starry Night Ct #11,Orlando,FL,32824,255000,2,2.5,1303,345,condo,O6421186,https://www.redfin.com/FL/Orlando/13433-Starry-Night-Ct-32824/unit-11/home/46670768,kissimmee,32824
13560 Turtle Marsh Loop #336,Orlando,FL,32837,255000,3,2,1408,583,townhouse,S5146787,https://www.redfin.com/FL/Orlando/13560-Turtle-Marsh-Loop-32837/unit-336/home/201072300,kissimmee,32837
4012 Santa Maria Dr #101,Kissimmee,FL,34741,255000,4,3,1470,,townhouse,S5153570,https://www.redfin.com/FL/Kissimmee/4012-Santa-Maria-Dr-34741/unit-101/home/46487259,kissimmee,34741
4015 Venetian Bay Dr #104,Kissimmee,FL,34741,255000,3,2,1296,496,townhouse,S5131070,https://www.redfin.com/FL/Kissimmee/4015-Venetian-Bay-Dr-34741/unit-104/home/46475995,kissimmee,34741
3157 Sun Lake Ct Unit B,Kissimmee,FL,34747,255000,3,2,1484,387,townhouse,O6428098,https://www.redfin.com/FL/Kissimmee/3157-Sun-Lake-Ct-34747/unit-B/home/46486455,kissimmee,34747
7631 Long Island Dr,Kissimmee,FL,34747,255000,3,3,1187,333,condo,O6418351,https://www.redfin.com/FL/Kissimmee/7631-Long-Island-Dr-34747/home/46492227,kissimmee,34747
929 Gloucester Ct,Kissimmee,FL,34758,255000,3,2,1460,100,single_family,O6426273,https://www.redfin.com/FL/Kissimmee/929-Gloucester-Ct-34758/for-sale/46556494,kissimmee,34758
953 Louvre Ct,Kissimmee,FL,34759,255000,3,2,1409,100,single_family,S5153449,https://www.redfin.com/FL/Kissimmee/953-Louvre-Ct-34759/home/46563929,kissimmee,34759
953 Gascony Ct,Kissimmee,FL,34759,255000,4,2,1652,200,single_family,O6414307,https://www.redfin.com/FL/Kissimmee/953-Gascony-Ct-34759/home/46563853,kissimmee,34759
1113 Park Ridge Cir,Kissimmee,FL,34746,255900,3,2.5,1277,580,condo,S5151434,https://www.redfin.com/FL/Kissimmee/1113-Park-Ridge-Cir-34746/home/46578153,kissimmee,34746
2211 San Vittorino Cir #102,Kissimmee,FL,34741,256000,4,3,1470,496,townhouse,O6330018,https://www.redfin.com/FL/Kissimmee/2211-San-Vittorino-Cir-34741/unit-102/home/46485731,kissimmee,34741
13329 Laver Ln,Orlando,FL,32824,257000,2,2,1108,319,single_family,O6424039,https://www.redfin.com/FL/Orlando/13329-Laver-Ln-32824/home/46859063,kissimmee,32824
4006 Venetian Bay Dr #108,Kissimmee,FL,34741,257000,4,3,1470,528,condo,O6415589,https://www.redfin.com/FL/Kissimmee/4006-Venetian-Bay-Dr-34741/unit-108/home/46477859,kissimmee,34741
3141 Sun Lake Ct Unit A,Kissimmee,FL,34747,257000,3,2,1484,385,townhouse,O6428576,https://www.redfin.com/FL/Kissimmee/3141-Sun-Lake-Ct-34747/unit-A/home/46486467,kissimmee,34747
14864 Laguna Beach Cir,Orlando,FL,32824,258900,3,2,1279,314,condo,O6428673,https://www.redfin.com/FL/Orlando/14864-Laguna-Beach-Cir-32824/for-sale/46935200,kissimmee,32824
2139 Balboa Way,Kissimmee,FL,34741,258900,2,2.5,1418,164,condo,S5144054,https://www.redfin.com/FL/Kissimmee/2139-Balboa-Way-34741/home/46543024,kissimmee,34741
1262 Lucaya Cir,Orlando,FL,32824,259000,3,2,1116,314,condo,O6406445,https://www.redfin.com/FL/Orlando/1262-Lucaya-Cir-32824/home/46934809,kissimmee,32824
12203 Wild Iris Way #104,Orlando,FL,32837,259000,2,2.5,1219,516,townhouse,TB8526445,https://www.redfin.com/FL/Orlando/12203-Wild-Iris-Way-32837/unit-104/home/46639827,kissimmee,32837
1933 Estancia Cir #1933,Kissimmee,FL,34741,259000,3,2.5,1716,337,townhouse,S5153312,https://www.redfin.com/FL/Kissimmee/1933-Estancia-Cir-34741/home/46494603,kissimmee,34741
1236 South Beach Cir,Kissimmee,FL,34746,259000,3,2.5,1468,285,condo,S5153485,https://www.redfin.com/FL/Kissimmee/1236-South-Beach-Cir-34746/home/46485826,kissimmee,34746
2799 Club Cortile Cir #2799,Kissimmee,FL,34746,259000,4,3,1873,298,condo,O6411604,https://www.redfin.com/FL/Kissimmee/2799-Club-Cortile-Cir-34746/unit-2799/home/145504672,kissimmee,34746
7503 Mourning Dove Cir #202,Reunion,FL,34747,259000,3,2,1354,575,townhouse,S5152932,https://www.redfin.com/FL/Reunion/7503-Mourning-Dove-Cir-34747/unit-202/home/46507127,kissimmee,34747
609 Cresting Oak Cir #98,Orlando,FL,32824,259900,3,2.5,1495,343,condo,S5153423,https://www.redfin.com/FL/Orlando/609-Cresting-Oak-Cir-32824/unit-98/home/46639518,kissimmee,32824
12111 Poppy Field Ln #109,Orlando,FL,32837,259900,3,2,1344,664,townhouse,O6406164,https://www.redfin.com/FL/Orlando/12111-Poppy-Field-Ln-32837/unit-109/home/46639890,kissimmee,32837
1115 Park Ridge Cir,Kissimmee,FL,34746,259900,3,2.5,1291,560,condo,O6425222,https://www.redfin.com/FL/Kissimmee/1115-Park-Ridge-Cir-34746/home/46578159,kissimmee,34746
3072 Shingle Creek Ct,Kissimmee,FL,34746,259900,3,2,1218,190,condo,S5150296,https://www.redfin.com/FL/Kissimmee/3072-Shingle-Creek-Ct-34746/home/46569028,kissimmee,34746
3154 Sandy Shore Ln,Kissimmee,FL,34743,259990,2,2,952,350,condo,O6414552,https://www.redfin.com/FL/Kissimmee/3154-Sandy-Shore-Ln-34743/home/46520814,kissimmee,34743
2543 Old Kent Cir,Kissimmee,FL,34758,259990,4,3,1822,458,condo,O6395678,https://www.redfin.com/FL/Kissimmee/2543-Old-Kent-Cir-34758/home/46488308,kissimmee,34758
752 Cresting Oak Cir #64,Orlando,FL,32824,260000,3,2.5,1495,343,townhouse,S5152484,https://www.redfin.com/FL/Orlando/752-Cresting-Oak-Cir-32824/unit-64/home/46619707,kissimmee,32824
4000 Venetian Bay Dr #107,Kissimmee,FL,34741,260000,4,3,1470,516,townhouse,O6428063,https://www.redfin.com/FL/Kissimmee/4000-Venetian-Bay-Dr-34741/unit-107/home/46477867,kissimmee,34741
4021 Venetian Bay Dr #101,Kissimmee,FL,34741,260000,4,3,1470,516,townhouse,G5109730,https://www.redfin.com/FL/Kissimmee/4021-Venetian-Bay-Dr-34741/unit-101/for-sale/46476503,kissimmee,34741
4005 San Sebastian Dr #107,Kissimmee,FL,34741,260000,4,3,1470,516,townhouse,O6401950,https://www.redfin.com/FL/Kissimmee/4005-San-Sabastian-Dr-34741/unit-107/home/46487276,kissimmee,34741
49 Pine Island Cir,Kissimmee,FL,34743,260000,3,2,1070,150,single_family,S5155292,https://www.redfin.com/FL/Kissimmee/49-Pine-Island-Cir-34743/for-sale/46527600,kissimmee,34743
1280 S Beach Cir,Kissimmee,FL,34746,260000,3,2.5,1468,303,condo,O6424976,https://www.redfin.com/FL/Kissimmee/1280-South-Beach-Cir-34746/home/46485910,kissimmee,34746
0 Thacker Trl,Kissimmee,FL,34747,260000,,,,58,8,O6420033,https://www.redfin.com/FL/Kissimmee/Thacker-Trl-34747/home/162371335,kissimmee,34747
188 Anzio Dr,Kissimmee,FL,34758,260000,3,2,1453,100,single_family,C7527985,https://www.redfin.com/FL/Kissimmee/188-Anzio-Dr-34758/home/46561921,kissimmee,34758
20 Coventry Ct,Kissimmee,FL,34758,260000,3,2,1051,100,single_family,TB8518694,https://www.redfin.com/FL/Kissimmee/20-Coventry-Ct-34758/for-sale/46557107,kissimmee,34758
525 Carlsbad Dr,Kissimmee,FL,34758,260000,3,2,1412,90,single_family,O6421388,https://www.redfin.com/FL/Kissimmee/525-Carlsbad-Dr-34758/home/46559626,kissimmee,34758
2852 Tanzanite Ter,Kissimmee,FL,34758,260000,4,2,1838,286,condo,R4911613,https://www.redfin.com/FL/Kissimmee/2852-Tanzanite-Ter-34758/home/46507632,kissimmee,34758
719 Del Ray Dr,Kissimmee,FL,34758,260000,3,2,1057,23,single_family,S5148237,https://www.redfin.com/FL/Kissimmee/719-Del-Ray-Dr-34758/home/46559183,kissimmee,34758
306 Evandee Ct,Kissimmee,FL,34758,260000,4,2,1716,80,10,OM724375,https://www.redfin.com/FL/Kissimmee/306-Evandee-Ct-34758/home/46537054,kissimmee,34758
,Kissimmee,FL,34758,260000,3,2.5,1586,470,condo,O6398612,https://www.redfin.com/FL/Kissimmee/Undisclosed-address-34758/home/46537419,kissimmee,34758
49 W Marbrisa Way,Kissimmee,FL,34743,262000,3,2,1073,75,single_family,O6375674,https://www.redfin.com/FL/Kissimmee/49-W-Marbrisa-Way-34743/home/46529111,kissimmee,34743
4004 Santa Maria Dr #101,Kissimmee,FL,34741,263900,4,3,1470,500,townhouse,S5130668,https://www.redfin.com/FL/Kissimmee/4004-Santa-Maria-Dr-34741/unit-101/home/46487307,kissimmee,34741
2425 Caravelle Cir,Kissimmee,FL,34746,264490,4,3,1512,286,condo,S5151708,https://www.redfin.com/FL/Kissimmee/2425-Caravelle-Cir-34746/home/46504077,kissimmee,34746
2431 Grasmere View Pkwy N,Kissimmee,FL,34746,264900,2,2.5,1820,236,condo,O6429019,https://www.redfin.com/FL/Kissimmee/2431-Grasmere-View-Pkwy-N-34746/home/46504654,kissimmee,34746
821 Jarnac Dr,Kissimmee,FL,34759,264900,3,2,1478,90,single_family,O6405260,https://www.redfin.com/FL/Kissimmee/821-Jarnac-Dr-34759/home/46563881,kissimmee,34759
1127 Gardanne Ct,Kissimmee,FL,34759,264900,3,2,1720,100,single_family,S5152045,https://www.redfin.com/FL/Kissimmee/1127-Gardanne-Ct-34759/home/46564094,kissimmee,34759
1215 Barefoot Bay Dr,Orlando,FL,32824,265000,3,2,1149,314,condo,O6419010,https://www.redfin.com/FL/Orlando/1215-Barefoot-Bay-Dr-32824/home/46935563,kissimmee,32824
2025 Waterleaf St,Orlando,FL,32837,265000,2,2.5,1092,218,condo,O6409025,https://www.redfin.com/FL/Orlando/2025-Waterleaf-St-32837/home/46798167,kissimmee,32837
2448 Summerfield Way,Kissimmee,FL,34741,265000,2,2.5,1265,200,townhouse,O6431463,https://www.redfin.com/FL/Kissimmee/2448-Summerfield-Way-34741/home/46542750,kissimmee,34741
4005 San Sebastian Dr #101,Kissimmee,FL,34741,265000,4,3,1470,516,townhouse,O6424955,https://www.redfin.com/FL/Kissimmee/4005-San-Sabastian-Dr-34741/unit-101/home/46487283,kissimmee,34741
3001 Laurel Run Ln #104,Kissimmee,FL,34741,265000,3,2,1433,399,townhouse,O6407397,https://www.redfin.com/FL/Kissimmee/3001-Laurel-Run-Ln-34741/unit-104/home/46501595,kissimmee,34741
210 Majors Ln Unit A,Kissimmee,FL,34743,265000,3,2.5,1213,90,condo,S5116271,https://www.redfin.com/FL/Kissimmee/210-Majors-Ln-34743/unit-A/home/170043228,kissimmee,34743
210 Majors Ln Unit B,Kissimmee,FL,34743,265000,3,2.5,1270,97,condo,O6237760,https://www.redfin.com/FL/Kissimmee/210-Majors-Ln-34743/unit-B/home/170043229,kissimmee,34743
2848 Club Cortile Cir,Kissimmee,FL,34746,265000,4,3,1880,345,condo,S5155153,https://www.redfin.com/FL/Kissimmee/2848-Club-Cortile-Cir-34746/home/46490326,kissimmee,34746
4751 Clock Tower Dr #204,Kissimmee,FL,34746,265000,2,2,1126,925,townhouse,S5150169,https://www.redfin.com/FL/Kissimmee/4751-Clock-Tower-Dr-34746/unit-204/home/168017167,kissimmee,34746
8050 Vacation Ave #302,Kissimmee,FL,34747,265000,1,1,630,78,townhouse,O6418126,https://www.redfin.com/FL/Kissimmee/8050-Vacation-Ave-34747/unit-302/home/202301064,kissimmee,34747
116 San Benito Way,Kissimmee,FL,34758,265000,3,2,1331,100,single_family,C7528772,https://www.redfin.com/FL/Kissimmee/116-San-Benito-Way-34758/for-sale/46561487,kissimmee,34758
346 Cocoa Ct,Kissimmee,FL,34758,265000,4,2,1640,100,single_family,A4696028,https://www.redfin.com/FL/Kissimmee/346-Cocoa-Ct-34758/home/46560176,kissimmee,34758
221 Cobalt Dr,Kissimmee,FL,34758,265000,4,2,1536,100,single_family,S5149458,https://www.redfin.com/FL/Kissimmee/221-Cobalt-Dr-34758/home/46561131,kissimmee,34758
340 Chiquita Ct,Kissimmee,FL,34758,265000,3,2,1053,8,single_family,O6411794,https://www.redfin.com/FL/Kissimmee/340-Chiquita-Ct-34758/home/46560512,kissimmee,34758
1346 Dunbarton Ct,Kissimmee,FL,34758,265000,3,2,1600,90,single_family,O6381569,https://www.redfin.com/FL/Kissimmee/1346-Dunbarton-Ct-34758/home/46557175,kissimmee,34758
348 Cornwallis Ct,Kissimmee,FL,34758,266900,2,2,1258,100,single_family,O6413531,https://www.redfin.com/FL/Kissimmee/348-Cornwallis-Ct-34758/home/46560589,kissimmee,34758
2606 Roadster Ln,Kissimmee,FL,34746,267000,2,2.5,1350,625,condo,O6413741,https://www.redfin.com/FL/Kissimmee/2606-Roadster-Ln-34746/home/109806749,kissimmee,34746
2617 Bugatti Ct,Kissimmee,FL,34746,267000,2,2.5,1350,619,condo,S5151918,https://www.redfin.com/FL/Kissimmee/2617-Bugatti-Ct-34746/home/103844027,kissimmee,34746
2321 Water View Loop,Kissimmee,FL,34743,267500,3,2.5,1460,189,condo,O6420540,https://www.redfin.com/FL/Kissimmee/2321-Water-View-Loop-34743/home/46546309,kissimmee,34743
308 Clermont Dr,Kissimmee,FL,34759,267500,3,2,1887,100,single_family,O6420545,https://www.redfin.com/FL/Kissimmee/308-Clermont-Dr-34759/home/46563615,kissimmee,34759
12017 Villanova Dr #109,Orlando,FL,32837,268000,3,2,1344,664,townhouse,S5154274,https://www.redfin.com/FL/Orlando/12017-Villanova-Dr-32837/unit-109/for-sale/46620097,kissimmee,32837
1947 Estancia Cir Unit 8C,Kissimmee,FL,34741,268000,3,2.5,1705,304,townhouse,O6379378,https://www.redfin.com/FL/Kissimmee/1947-Estancia-Cir-34741/unit-8C/home/46494598,kissimmee,34741
2436 Hassonite St,Kissimmee,FL,34744,268000,2,2.5,1386,170,condo,S5153209,https://www.redfin.com/FL/Kissimmee/2436-Hassonite-St-34744/home/46494626,kissimmee,34744
104 Turin Way,Kissimmee,FL,34758,268000,3,2,1420,93,single_family,L4963643,https://www.redfin.com/FL/Kissimmee/104-Turin-Way-34758/for-sale/46561382,kissimmee,34758
182 Birmingham Dr,Kissimmee,FL,34758,268900,3,2,1636,90,single_family,R4911296,https://www.redfin.com/FL/Kissimmee/182-Birmingham-Dr-34758/home/46557801,kissimmee,34758
1520 Hill St,Kissimmee,FL,34741,269000,2,1,768,,single_family,S5095453,https://www.redfin.com/FL/Kissimmee/1520-Hill-St-34741/home/46552413,kissimmee,34741
5390 Paradise Cay Cir,Kissimmee,FL,34746,269000,3,3,1187,220,condo,O6428885,https://www.redfin.com/FL/Kissimmee/5390-Paradise-Cay-Cir-34746/for-sale/46493021,kissimmee,34746
3043 White Orchid Rd,Kissimmee,FL,34747,269000,2,2.5,1161,594,condo,O6415165,https://www.redfin.com/FL/Kissimmee/3043-White-Orchid-Rd-34747/home/53422361,kissimmee,34747
925 Gillingham Ct,Kissimmee,FL,34758,269000,3,2,1609,100,single_family,G5116044,https://www.redfin.com/FL/Kissimmee/925-Gillingham-Ct-34758/for-sale/46556269,kissimmee,34758
263 Cranbrook Dr,Kissimmee,FL,34758,269000,3,2,1554,102,single_family,A12049511,https://www.redfin.com/FL/Kissimmee/263-Cranbrook-Dr-34758/home/46560993,kissimmee,34758
14560 Laguna Beach Cir,Orlando,FL,32824,269900,3,2.5,1582,315,condo,O6359278,https://www.redfin.com/FL/Orlando/14560-Laguna-Beach-Cir-32824/home/46935253,kissimmee,32824
3684 Circle Hook St,Kissimmee,FL,34746,269900,3,2.5,1552,484,condo,O6404504,https://www.redfin.com/FL/Kissimmee/3684-Circle-Hook-St-34746/home/187302201,kissimmee,34746
705 Harland Ct,Kissimmee,FL,34758,269900,4,2,1592,23,single_family,S5146345,https://www.redfin.com/FL/Kissimmee/705-Harland-Ct-34758/home/46562827,kissimmee,34758
3 Cecilia Way,Kissimmee,FL,34758,269900,3,2,1606,90,single_family,O6376196,https://www.redfin.com/FL/Kissimmee/3-Cecilia-Way-34758/for-sale/46561855,kissimmee,34758
234 Balboa Dr,Kissimmee,FL,34758,269900,3,2,1609,100,single_family,O6410932,https://www.redfin.com/FL/Kissimmee/234-Balboa-Dr-34758/home/46560440,kissimmee,34758
407 Martigues Dr,Kissimmee,FL,34759,269900,4,2,2196,,single_family,O6420827,https://www.redfin.com/FL/Kissimmee/407-Martigues-Dr-34759/home/46563669,kissimmee,34759
4852 Coral Castle Dr,Kissimmee,FL,34746,269990,3,2.5,1762,225,condo,S5151793,https://www.redfin.com/FL/Kissimmee/4852-Coral-Castle-Dr-34746/home/173826739,kissimmee,34746
,Kissimmee,FL,34741,270000,3,2,1779,401,townhouse,O6427273,https://www.redfin.com/FL/Kissimmee/Undisclosed-address-34741/for-sale/46501188,kissimmee,34741
2124 Penny Ln,Kissimmee,FL,34741,270000,3,2.5,1548,439,single_family,O6343480,https://www.redfin.com/FL/Kissimmee/2124-Penny-Ln-34741/home/193909945,kissimmee,34741
4559 Corsa Ln,Kissimmee,FL,34746,270000,3,2.5,1295,480,condo,S5148154,https://www.redfin.com/FL/Kissimmee/4559-Corsa-Ln-34746/home/46493237,kissimmee,34746
807 Del Prado Dr,Kissimmee,FL,34758,270000,4,2,1730,100,single_family,O6428439,https://www.redfin.com/FL/Kissimmee/807-Del-Prado-Dr-34758/for-sale/46559359,kissimmee,34758
107 Bianca Ct,Kissimmee,FL,34758,270000,4,2,2006,100,single_family,O6405120,https://www.redfin.com/FL/Kissimmee/107-Bianca-Ct-34758/home/46562717,kissimmee,34758
305 Medina Ct,Kissimmee,FL,34758,270000,3,2,1948,100,single_family,S5145744,https://www.redfin.com/FL/Kissimmee/305-Medina-Ct-34758/for-sale/46561541,kissimmee,34758
1124 Dartford Dr,Kissimmee,FL,34758,272000,3,2,1608,100,single_family,O6418698,https://www.redfin.com/FL/Kissimmee/1124-Dartford-Dr-34758/home/46555823,kissimmee,34758
502 Matterhorn Pl,Kissimmee,FL,34758,272999,3,2,1451,100,single_family,L4961809,https://www.redfin.com/FL/Kissimmee/502-Matterhorn-Pl-34758/home/46560168,kissimmee,34758
724 Del Ray Dr,Kissimmee,FL,34758,273999,3,2,1080,100,single_family,S5148992,https://www.redfin.com/FL/Kissimmee/724-Del-Ray-Dr-34758/home/46559402,kissimmee,34758
7509 Pellham Way #0,Kissimmee,FL,34747,274000,3,2.5,1808,495,townhouse,O6430211,https://www.redfin.com/FL/Kissimmee/7509-Pellham-Way-34747/for-sale/46499583,kissimmee,34747
819 Nelson Dr,Kissimmee,FL,34758,274500,3,2,1284,90,single_family,NS1086212,https://www.redfin.com/FL/Kissimmee/819-Nelson-Dr-34758/for-sale/46560269,kissimmee,34758
13512 Turtle Marsh Loop #729,Orlando,FL,32837,274900,3,2,1276,633,townhouse,O6314486,https://www.redfin.com/FL/Orlando/13512-Turtle-Marsh-Loop-32837/unit-729/home/46963115,kissimmee,32837
1034 Chalcedony St,Kissimmee,FL,34744,274900,2,2.5,1386,170,condo,S5152151,https://www.redfin.com/FL/Kissimmee/1034-Chalcedony-St-34744/home/46505714,kissimmee,34744
2764 Club Cortile Cir,Kissimmee,FL,34746,274900,4,3,1850,298,townhouse,O6422413,https://www.redfin.com/FL/Kissimmee/2764-Club-Cortile-Cir-34746/home/46491042,kissimmee,34746
1003 Dorking Way,Kissimmee,FL,34758,274900,3,2,1411,100,single_family,TB8498798,https://www.redfin.com/FL/Kissimmee/1003-Dorking-Way-34758/home/46555809,kissimmee,34758
612 Estrada Ln,Kissimmee,FL,34758,274900,3,2,1484,100,single_family,S5146487,https://www.redfin.com/FL/Kissimmee/612-Estrada-Ln-34758/home/46563104,kissimmee,34758
1414 Anchor Bend Way,Kissimmee,FL,34746,274995,3,2.5,1365,681,condo,S5154753,https://www.redfin.com/FL/Kissimmee/1414-Anchor-Bend-Way-34746/for-sale/188679271,kissimmee,34746
2211 San Vittorino Cir #103,Kissimmee,FL,34741,274999,3,2,1296,496,townhouse,O6356070,https://www.redfin.com/FL/Kissimmee/2211-San-Vittorino-Cir-34741/unit-103/home/46486602,kissimmee,34741
4721 Clock Tower Dr #107,Kissimmee,FL,34746,274999,2,2,1186,925,townhouse,S5150484,https://www.redfin.com/FL/Kissimmee/4721-Clock-Tower-Dr-34746/unit-107/home/170039321,kissimmee,34746
13442 Applerose Ln #66,Orlando,FL,32824,275000,3,2.5,1495,343,townhouse,S5151982,https://www.redfin.com/FL/Orlando/13442-Applerose-Ln-32824/unit-66/home/46661643,kissimmee,32824
215 Glowing Peace Ln #86,Orlando,FL,32824,275000,3,2.5,1495,348,townhouse,R4910464,https://www.redfin.com/FL/Orlando/215-Glowing-Peace-Ln-32824/unit-86/home/46661658,kissimmee,32824
1905 Emmett St,Kissimmee,FL,34741,275000,2,1,1124,,single_family,S5133725,https://www.redfin.com/FL/Kissimmee/1905-Emmett-St-34741/home/46551848,kissimmee,34741
2018 Estancia Cir Unit C,Kissimmee,FL,34741,275000,3,2.5,1705,333,townhouse,S5145367,https://www.redfin.com/FL/Kissimmee/2018-Estancia-Cir-34741/unit-C/home/173928872,kissimmee,34741
2250 San Vital Dr #105,Kissimmee,FL,34741,275000,3,2,1296,516,townhouse,O6396112,https://www.redfin.com/FL/Kissimmee/2250-San-Vital-Dr-34741/unit-105/home/46487116,kissimmee,34741
740 Shore Dr,Kissimmee,FL,34744,275000,3,2,1628,,single_family,O6430690,https://www.redfin.com/FL/Kissimmee/740-Shore-Dr-34744/for-sale/46565423,kissimmee,34744
2080 Heritage Key Blvd,Kissimmee,FL,34744,275000,3,2.5,1512,289,condo,S5154946,https://www.redfin.com/FL/Kissimmee/2080-Heritage-Key-Blvd-34744/for-sale/46494528,kissimmee,34744
4130 Bergamont Ct,Kissimmee,FL,34746,275000,3,2,1289,,single_family,O6418146,https://www.redfin.com/FL/Kissimmee/4130-Bergamont-Ct-34746/for-sale/46521413,kissimmee,34746
2663 Roadster Ln,Kissimmee,FL,34746,275000,2,2.5,1350,619,condo,O6414865,https://www.redfin.com/FL/Kissimmee/2663-Roadster-Ln-34746/home/109806746,kissimmee,34746
8061 Vacation Ave #213,Kissimmee,FL,34747,275000,1,1,501,528,townhouse,O6416625,https://www.redfin.com/FL/Kissimmee/8061-Vacation-Ave-34747/unit-213/home/202263166,kissimmee,34747
2896 Tanzanite Ter,Kissimmee,FL,34758,275000,3,2,1831,231,condo,O6432273,https://www.redfin.com/FL/Kissimmee/2896-Tanzanite-Ter-34758/for-sale/61478119,kissimmee,34758
307 Colony Ct,Kissimmee,FL,34758,275000,3,2,1790,100,single_family,S5154404,https://www.redfin.com/FL/Kissimmee/307-Colony-Ct-34758/for-sale/46560480,kissimmee,34758
29 Andora Ct,Kissimmee,FL,34758,275000,4,2,1685,90,single_family,O6399706,https://www.redfin.com/FL/Kissimmee/29-Andora-Ct-34758/for-sale/46561807,kissimmee,34758
209 Ellsworth Dr,Kissimmee,FL,34758,275000,5,3,2016,195,10,G5114548,https://www.redfin.com/FL/Kissimmee/209-Ellsworth-Dr-34758/home/46536736,kissimmee,34758
675 Basingstoke Ct,Kissimmee,FL,34758,275500,3,2,1126,100,single_family,S5148170,https://www.redfin.com/FL/Kissimmee/675-Basingstoke-Ct-34758/home/46559153,kissimmee,34758
4715 Flagler Beach Way,Kissimmee,FL,34746,275900,3,2.5,1286,501,condo,O6422049,https://www.redfin.com/FL/Kissimmee/4715-Flagler-Beach-Way-34746/home/46481585,kissimmee,34746
2670 Corvette Ln,Kissimmee,FL,34746,276000,2,2.5,1350,626,condo,S5151766,https://www.redfin.com/FL/Kissimmee/2670-Corvette-Ln-34746/home/103843982,kissimmee,34746
811 Savona Pl,Kissimmee,FL,34758,278000,3,2,1582,100,single_family,O6397610,https://www.redfin.com/FL/Kissimmee/811-Savona-Pl-34758/home/46555852,kissimmee,34758
10855 Windsor Walk Dr #5107,Orlando,FL,32837,279000,3,2,1134,393,townhouse,O6421508,https://www.redfin.com/FL/Orlando/10855-Windsor-Walk-Dr-32837/unit-5107/home/191329205,kissimmee,32837
5255 Cane Island Loop #204,Kissimmee,FL,34746,279000,3,2,1402,600,townhouse,O6421730,https://www.redfin.com/FL/Kissimmee/5255-Cane-Island-Loop-34746/unit-204/home/46502716,kissimmee,34746
1139 Cambourne Dr,Kissimmee,FL,34758,279000,4,2.5,2166,90,single_family,O6326286,https://www.redfin.com/FL/Kissimmee/1139-Cambourne-Dr-34758/home/46556758,kissimmee,34758
9653 4th Ave,Orlando,FL,32824,279900,3,2,1620,,10,O6407485,https://www.redfin.com/FL/Orlando/9653-4th-Ave-32824/home/46688602,kissimmee,32824
1013 Park Ridge Cir,Kissimmee,FL,34746,279900,4,3.5,1645,601,condo,S5155216,https://www.redfin.com/FL/Kissimmee/1013-Park-Ridge-Cir-34746/home/46578059,kissimmee,34746
2303 Butterfly Palm Way #303,Kissimmee,FL,34747,279900,3,2,1268,310,townhouse,O6419689,https://www.redfin.com/FL/Kissimmee/2303-Butterfly-Palm-Way-34747/unit-303/home/46577029,kissimmee,34747
527 Kilimanjaro Dr,Kissimmee,FL,34758,279900,3,2,1564,108,single_family,S5153718,https://www.redfin.com/FL/Kissimmee/527-Kilimanjaro-Dr-34758/for-sale/46560161,kissimmee,34758
217 Ellsworth Dr,Kissimmee,FL,34758,279900,4,2.5,1951,150,10,S5145908,https://www.redfin.com/FL/Kissimmee/217-Ellsworth-Dr-34758/home/46536740,kissimmee,34758
102 Carlisle Ct,Kissimmee,FL,34758,279900,3,2,1134,19,single_family,O6418123,https://www.redfin.com/FL/Kissimmee/102-Carlisle-Ct-34758/home/46557598,kissimmee,34758
907 Stockport Dr,Kissimmee,FL,34758,279900,4,2,1732,100,single_family,S5148313,https://www.redfin.com/FL/Kissimmee/907-Stockport-Dr-34758/home/46556953,kissimmee,34758
579 Kilimanjaro Dr,Kissimmee,FL,34758,279900,3,2,1761,90,single_family,S5135618,https://www.redfin.com/FL/Kissimmee/579-Kilimanjaro-Dr-34758/home/46560136,kissimmee,34758
13584 Turtle Marsh Loop #113,Orlando,FL,32837,280000,3,2,1408,681,townhouse,O6377968,https://www.redfin.com/FL/Orlando/13584-Turtle-Marsh-Loop-32837/unit-113/home/46949398,kissimmee,32837
2208 San Vittorino Cir #107,Kissimmee,FL,34741,280000,4,3,1470,496,condo,O6347920,https://www.redfin.com/FL/Kissimmee/2208-San-Vittorino-Cir-34741/unit-107/home/46487223,kissimmee,34741
170 Club Villas Ln,Kissimmee,FL,34744,280000,2,2,1417,312,condo,S5152939,https://www.redfin.com/FL/Kissimmee/170-Club-Villas-Ln-34744/home/46550338,kissimmee,34744
4505 Alberto Cir,Kissimmee,FL,34746,280000,3,2.5,1295,480,condo,O6423392,https://www.redfin.com/FL/Kissimmee/4505-Alberto-Cir-34746/home/46493169,kissimmee,34746
2900 Edenshire Way #107,Kissimmee,FL,34746,280000,3,2,1300,555,condo,O6413995,https://www.redfin.com/FL/Kissimmee/2900-Edenshire-Way-34746/unit-107/home/63056632,kissimmee,34746
2691 Andros Ln,Kissimmee,FL,34747,280000,3,2.5,1595,333,condo,O6428930,https://www.redfin.com/FL/Kissimmee/2691-Andros-Ln-34747/home/46492290,kissimmee,34747
7644 Heritage Crossing Way #102,Reunion,FL,34747,280000,3,2,1344,632,townhouse,O6420886,https://www.redfin.com/FL/Reunion/7644-Heritage-Crossing-Way-34747/unit-102/home/46489779,kissimmee,34747
,Kissimmee,FL,34758,280000,4,2,1704,100,single_family,S5154408,https://www.redfin.com/FL/Kissimmee/Undisclosed-address-34758/for-sale/46558077,kissimmee,34758
804 Carrousel Ln,Kissimmee,FL,34759,280000,3,2,1464,100,single_family,S5151800,https://www.redfin.com/FL/Kissimmee/804-Carrousel-Ln-34759/home/46563688,kissimmee,34759
11807 Mintwood Ct,Orlando,FL,32837,280999,3,2.5,1094,217,condo,S5146257,https://www.redfin.com/FL/Orlando/11807-Mintwood-Ct-32837/home/46798272,kissimmee,32837
925 Pebble Creek Cir,Orlando,FL,32824,282000,2,2,954,192,condo,O6411428,https://www.redfin.com/FL/Orlando/925-Pebble-Creek-Cir-32824/home/46850626,kissimmee,32824
4712 Hemingway House St,Kissimmee,FL,34746,283000,3,2.5,1468,258,condo,O6421374,https://www.redfin.com/FL/Kissimmee/4712-Hemingway-House-St-34746/home/46486789,kissimmee,34746
7612 Cabana Ct #202,Reunion,FL,34747,283500,3,3,1630,985,townhouse,O6414708,https://www.redfin.com/FL/Reunion/7612-Cabana-Ct-34747/unit-202/home/46505287,kissimmee,34747
3300 Whitestone Cir #107,Kissimmee,FL,34741,284000,3,2,1779,399,townhouse,S5150237,https://www.redfin.com/FL/Kissimmee/3300-Whitestone-Cir-34741/unit-107/home/46501151,kissimmee,34741
312 LA Paz Dr,Kissimmee,FL,34743,284000,2,2,1000,,single_family,L4961194,https://www.redfin.com/FL/Kissimmee/312-La-Paz-Dr-34743/home/46524644,kissimmee,34743
7659 Whisper Way #102,Reunion,FL,34747,284900,3,3,1630,985,townhouse,O6423907,https://www.redfin.com/FL/Reunion/7659-Whisper-Way-34747/unit-102/home/46499823,kissimmee,34747
460 Martigues Dr,Kissimmee,FL,34759,284900,3,2,1559,100,single_family,S5154715,https://www.redfin.com/FL/Kissimmee/460-Martigues-Dr-34759/for-sale/46563203,kissimmee,34759
656 Cotulla Dr,Kissimmee,FL,34758,284990,4,2,1755,100,single_family,S5154958,https://www.redfin.com/FL/Kissimmee/656-Cotulla-Dr-34758/for-sale/162476427,kissimmee,34758
12208 Wild Iris Way #112,Orlando,FL,32837,285000,3,2,1396,663,townhouse,O6409384,https://www.redfin.com/FL/Orlando/12208-Wild-Iris-Way-32837/unit-112/home/46639927,kissimmee,32837
11730 Whitewing Ct,Orlando,FL,32837,285000,2,2.5,1174,217,condo,O6393514,https://www.redfin.com/FL/Orlando/11730-Whitewing-Ct-32837/home/46798509,kissimmee,32837
2900 Clarabelle Ct,Kissimmee,FL,34743,285000,3,2.5,1703,325,condo,O6418345,https://www.redfin.com/FL/Kissimmee/2900-Clarabelle-Ct-34743/home/56907332,kissimmee,34743
3607 Main Harbor Dr,Kissimmee,FL,34746,285000,3,2.5,1550,643,condo,O6413721,https://www.redfin.com/FL/Kissimmee/3607-Main-Harbor-Dr-34746/home/188679274,kissimmee,34746
4827 Coral Castle Dr,Kissimmee,FL,34746,285000,3,2.5,1762,280,condo,O6396952,https://www.redfin.com/FL/Kissimmee/4827-Coral-Castle-Dr-34746/home/173826687,kissimmee,34746
4850 Coral Castle Dr,Kissimmee,FL,34746,285000,3,2.5,1762,280,condo,S5152027,https://www.redfin.com/FL/Kissimmee/4850-Coral-Castle-Dr-34746/home/173826740,kissimmee,34746
611 Basingstoke Ct,Kissimmee,FL,34758,285000,3,2,1442,100,single_family,O6428271,https://www.redfin.com/FL/Kissimmee/611-Basingstoke-Ct-34758/for-sale/46559045,kissimmee,34758
7 Tamiami Way,Kissimmee,FL,34758,285000,3,2,1609,90,single_family,O6427164,https://www.redfin.com/FL/Kissimmee/7-Tamiami-Way-34758/for-sale/46560930,kissimmee,34758
796 Del Prado Dr,Kissimmee,FL,34758,285000,3,2,1348,23,single_family,S5143480,https://www.redfin.com/FL/Kissimmee/796-Del-Prado-Dr-34758/home/46559346,kissimmee,34758
2394 Caravelle Cir,Kissimmee,FL,34746,285500,4,3,1536,248,condo,O6425747,https://www.redfin.com/FL/Kissimmee/2394-Caravelle-Cir-34746/for-sale/46499301,kissimmee,34746
1008 Universal Rest Pl,Kissimmee,FL,34744,288000,3,2,1728,200,condo,O6422010,https://www.redfin.com/FL/Kissimmee/1008-Universal-Rest-Pl-34744/home/46549090,kissimmee,34744
2329 Water View Loop,Kissimmee,FL,34743,288900,3,2.5,1460,168,condo,O6377909,https://www.redfin.com/FL/Kissimmee/2329-Water-View-Loop-34743/home/46546305,kissimmee,34743
540 Oak Branch Cir,Kissimmee,FL,34758,288999,3,2,1443,90,single_family,S5137421,https://www.redfin.com/FL/Kissimmee/540-Oak-Branch-Cir-34758/home/46537376,kissimmee,34758
3151 Sunset Walk Dr #1507,Kissimmee,FL,34747,289000,1,1,734,939,townhouse,S5155131,https://www.redfin.com/FL/Kissimmee/3151-Sunset-Walk-Dr-34747/unit-1507/home/204410581,kissimmee,34747
2774 Almaton Loop #202,Kissimmee,FL,34747,289000,2,2,1081,755,townhouse,O6424497,https://www.redfin.com/FL/Kissimmee/2774-Almaton-Loop-34747/unit-202/home/46489749,kissimmee,34747
3208 Cupid Pl,Kissimmee,FL,34747,289000,3,2,1300,464,condo,S5153435,https://www.redfin.com/FL/Kissimmee/3208-Cupid-Pl-34747/home/162340831,kissimmee,34747
932 Albertville Ct,Kissimmee,FL,34759,289000,3,2,1684,85,single_family,S5148781,https://www.redfin.com/FL/Kissimmee/932-Albertville-Ct-34759/for-sale/162379036,kissimmee,34759
13304 Summerton Dr,Orlando,FL,32824,289900,3,2.5,1543,315,condo,S5154230,https://www.redfin.com/FL/Orlando/13304-Summerton-Dr-32824/home/46859822,kissimmee,32824
1304 Seven Eagles Ct #1304,Kissimmee,FL,34747,289900,3,3,2124,1130,townhouse,O6423195,https://www.redfin.com/FL/Kissimmee/1304-Seven-Eagles-Ct-34747/unit-1304/home/191772346,kissimmee,34747
615 Mckinley Ct,Kissimmee,FL,34758,289900,3,2,1449,100,single_family,S5150434,https://www.redfin.com/FL/Kissimmee/615-McKinley-Ct-34758/home/46559433,kissimmee,34758
602 Mesilla Dr,Kissimmee,FL,34758,289900,3,2,1771,24,single_family,O6260060,https://www.redfin.com/FL/Kissimmee/602-Mesilla-Dr-34758/home/46560122,kissimmee,34758
909 San Marco Dr,Kissimmee,FL,34758,289985,3,2,1569,9,single_family,S5154748,https://www.redfin.com/FL/Kissimmee/909-San-Marco-Dr-34758/for-sale/46560784,kissimmee,34758
2736 Oakwater Dr,Kissimmee,FL,34747,289990,3,2,1427,495,condo,S5151634,https://www.redfin.com/FL/Kissimmee/2736-Oakwater-Dr-34747/home/46499426,kissimmee,34747
14451 Bay Isle Dr,Orlando,FL,32824,289997,3,2,1279,310,condo,O6410631,https://www.redfin.com/FL/Orlando/14451-Bay-Isle-Dr-32824/home/46934754,kissimmee,32824
14431 Island Cove Dr,Orlando,FL,32824,289999,3,2,1163,315,condo,O6427053,https://www.redfin.com/FL/Orlando/14431-Island-Cove-Dr-32824/home/46934749,kissimmee,32824
1029 Dudley Dr,Kissimmee,FL,34758,289999,3,2,1425,20,single_family,O6426140,https://www.redfin.com/FL/Kissimmee/1029-Dudley-Dr-34758/for-sale/46557542,kissimmee,34758
621 Juillac Way,Kissimmee,FL,34759,289999,3,2.5,2215,19,single_family,O6429743,https://www.redfin.com/FL/Kissimmee/621-Juillac-Way-34759/for-sale/46564600,kissimmee,34759
14364 Island Cove Dr,Orlando,FL,32824,290000,3,2,1163,315,single_family,S5145583,https://www.redfin.com/FL/Orlando/14364-Island-Cove-Dr-32824/home/46934700,kissimmee,32824
1740 Saint Tropez Ct,Kissimmee,FL,34744,290000,3,2.5,2104,370,condo,O6409575,https://www.redfin.com/FL/Kissimmee/1740-Saint-Tropez-Ct-34744/home/46544777,kissimmee,34744
4751 Clock Tower Dr #107,Kissimmee,FL,34746,290000,2,2,1186,924,townhouse,S5153005,https://www.redfin.com/FL/Kissimmee/4751-Clock-Tower-Dr-34746/unit-107/home/144151155,kissimmee,34746
2717 Bushman Dr,Kissimmee,FL,34746,290000,3,3,1440,625,condo,O6425284,https://www.redfin.com/FL/Kissimmee/2717-Bushman-Dr-34746/for-sale/46498792,kissimmee,34746
8061 Vacation Ave #309,Kissimmee,FL,34747,290000,1,1,734,775,townhouse,S5153870,https://www.redfin.com/FL/Kissimmee/8061-Vacation-Ave-34747/unit-309/home/203165081,kissimmee,34747
4 Carmona Way,Kissimmee,FL,34758,290000,3,2,1676,103,single_family,O6414685,https://www.redfin.com/FL/Kissimmee/4-Carmona-Way-34758/home/46562385,kissimmee,34758
324 Corsica Ct,Kissimmee,FL,34758,290000,3,,1440,,single_family,11561929,https://www.redfin.com/FL/Kissimmee/324-Corsica-Ct-34758/home/46561270,kissimmee,34758
116 Talavera Ln,Kissimmee,FL,34758,293000,3,2,1329,20,single_family,O6383742,https://www.redfin.com/FL/Kissimmee/116-Talavera-Ln-34758/home/46561461,kissimmee,34758
811 Carrousel Ln,Kissimmee,FL,34759,293500,3,2,1536,70,single_family,S5150738,https://www.redfin.com/FL/Kissimmee/811-Carrousel-Ln-34759/home/46563713,kissimmee,34759
4878 Coral Castle Dr,Kissimmee,FL,34746,294000,3,2.5,1762,295,condo,S5151187,https://www.redfin.com/FL/Kissimmee/4878-Coral-Castle-Dr-34746/home/173826734,kissimmee,34746
2024 Cypress Bay Blvd,Kissimmee,FL,34743,294999,3,2.5,1807,216,condo,S5145498,https://www.redfin.com/FL/Kissimmee/2024-Cypress-Bay-Blvd-34743/home/46481654,kissimmee,34743
13536 Tea Rose Way #119,Orlando,FL,32824,295000,3,2.5,1495,343,condo,O6395383,https://www.redfin.com/FL/Orlando/13536-Tea-Rose-Way-32824/unit-119/home/46661669,kissimmee,32824
2724 Coupe St,Kissimmee,FL,34746,295000,4,3,1440,625,condo,O6423375,https://www.redfin.com/FL/Kissimmee/2724-Coupe-St-34746/home/46502209,kissimmee,34746
3013 Bonfire Beach Dr #201,Kissimmee,FL,34746,295000,3,2,1444,789,townhouse,S5150377,https://www.redfin.com/FL/Kissimmee/3013-Bonfire-Beach-Dr-34746/unit-201/home/46498328,kissimmee,34746
1036 Dudley Dr,Kissimmee,FL,34758,295000,3,2,1551,100,single_family,S5150046,https://www.redfin.com/FL/Kissimmee/1036-Dudley-Dr-34758/home/46557509,kissimmee,34758
62 Cordona Dr,Kissimmee,FL,34758,296000,3,2,1696,100,single_family,O6415805,https://www.redfin.com/FL/Kissimmee/62-Cordona-Dr-34758/home/46562337,kissimmee,34758
2581 Sage Dr,Kissimmee,FL,34758,297500,3,2,1434,,single_family,O6420913,https://www.redfin.com/FL/Kissimmee/2581-Sage-Dr-34758/for-sale/46540753,kissimmee,34758
2406 Kam Ct,Kissimmee,FL,34744,298000,3,2,1148,213,condo,O6422076,https://www.redfin.com/FL/Kissimmee/2406-Kam-Ct-34744/home/46548884,kissimmee,34744
5266 Paradise Cay Cir,Kissimmee,FL,34746,298000,3,2.5,1595,225,condo,O6430817,https://www.redfin.com/FL/Kissimmee/5266-Paradise-Cay-Cir-34746/home/46492980,kissimmee,34746
3202 Guana Way,Kissimmee,FL,34747,298000,3,2,1300,464,condo,S5153508,https://www.redfin.com/FL/Kissimmee/3202-Guana-Way-34747/for-sale/147928698,kissimmee,34747
2903 Edenshire Way #102,Kissimmee,FL,34746,298990,3,2,1300,493,condo,S5153738,https://www.redfin.com/FL/Kissimmee/2903-Edenshire-Way-34746/unit-102/home/63056765,kissimmee,34746
13143 Laver Ln,Orlando,FL,32824,299000,3,2,1248,307,condo,S5144791,https://www.redfin.com/FL/Orlando/13143-Laver-Ln-32824/home/46859022,kissimmee,32824
1404 Emmett St,Kissimmee,FL,34741,299000,3,2,1424,,single_family,S5152525,https://www.redfin.com/FL/Kissimmee/1404-Emmett-St-34741/home/46552133,kissimmee,34741
1024 Chalcedony St,Kissimmee,FL,34744,299000,3,2.5,1562,170,condo,S5136346,https://www.redfin.com/FL/Kissimmee/1024-Chalcedony-St-34744/home/46505717,kissimmee,34744
3180 Paradox Cir #405,Kissimmee,FL,34746,299000,2,2,1196,883,townhouse,TB8517657,https://www.redfin.com/FL/Kissimmee/3180-Paradox-Cir-34746/unit-405/home/173810547,kissimmee,34746
7505 Mourning Dove Cir #303,Reunion,FL,34747,299000,3,2,1354,529,townhouse,O6430477,https://www.redfin.com/FL/Reunion/7505-Mourning-Dove-Cir-34747/unit-303/for-sale/46506839,kissimmee,34747
7601 Acklins Rd,Kissimmee,FL,34747,299000,3,2.5,1595,333,condo,S5152952,https://www.redfin.com/FL/Kissimmee/7601-Acklins-Rd-34747/home/46492269,kissimmee,34747
8401 Amelia Trl,Kissimmee,FL,34747,299000,,,,52,8,O6426570,https://www.redfin.com/FL/Kissimmee/8401-Amelia-Trl-34747/home/162466877,kissimmee,34747
Sioux Trl,Kissimmee,FL,34747,299000,,,,25,8,O6422199,https://www.redfin.com/FL/Kissimmee/Sioux-Trl-34747/home/54690031,kissimmee,33896
660 Cotulla Dr,Kissimmee,FL,34758,299000,4,2,1872,100,single_family,A12044845,https://www.redfin.com/FL/Kissimmee/660-Cotulla-Dr-34758/home/162719873,kissimmee,34758
2756 Big Timber Dr,Kissimmee,FL,34758,299000,3,2,1493,67,single_family,S5143530,https://www.redfin.com/FL/Kissimmee/2756-Big-Timber-Dr-34758/home/53423221,kissimmee,34758
102 Saffron Way,Kissimmee,FL,34758,299000,3,2,1562,90,single_family,O6417948,https://www.redfin.com/FL/Kissimmee/102-Saffron-Way-34758/home/46537607,kissimmee,34758
762 Toulon Dr,Kissimmee,FL,34759,299000,4,2,1818,100,single_family,O6421714,https://www.redfin.com/FL/Kissimmee/762-Toulon-Dr-34759/home/46564946,kissimmee,34759
1109 Munster Ct,Kissimmee,FL,34759,299000,4,2,1707,100,single_family,S5149526,https://www.redfin.com/FL/Kissimmee/1109-Munster-Ct-34759/home/162592170,kissimmee,34759
248 Cheshire Ct,Kissimmee,FL,34758,299500,4,2,1695,67,single_family,S5126291,https://www.redfin.com/FL/Kissimmee/248-Cheshire-Ct-34758/home/162475556,kissimmee,34758
206 Great Yarmouth Ct,Kissimmee,FL,34758,299700,4,2,1874,100,single_family,O6429409,https://www.redfin.com/FL/Kissimmee/206-Great-Yarmouth-Ct-34758/for-sale/46556442,kissimmee,34758
4731 Clock Tower Dr #206,Kissimmee,FL,34746,299800,2,2,1196,,townhouse,S5150203,https://www.redfin.com/FL/Kissimmee/4731-Clock-Tower-Dr-34746/unit-206/home/144480156,kissimmee,34746
1217 Mabbette St,Kissimmee,FL,34741,299900,,,,,8,S5128057,https://www.redfin.com/FL/Kissimmee/1217-W-Mabbette-St-34741/home/54619879,kissimmee,34741
1861 Houston St,Kissimmee,FL,34743,299900,3,2.5,1452,351,condo,O6372051,https://www.redfin.com/FL/Kissimmee/1861-Houston-St-34743/home/146076228,kissimmee,34743
146 Club Villas Ln,Kissimmee,FL,34744,299900,2,2,1397,312,single_family,O6422961,https://www.redfin.com/FL/Kissimmee/146-Club-Villas-Ln-34744/home/46550207,kissimmee,34744
815 Assembly Ct,Reunion,FL,34747,299900,3,2.5,1553,595,condo,S5155225,https://www.redfin.com/FL/Reunion/815-Assembly-Ct-34747/home/46478826,kissimmee,34747
7740 Sandy Ridge Dr #102,Reunion,FL,34747,299900,3,2.5,1491,826,townhouse,1228251,https://www.redfin.com/FL/Reunion/7740-Sandy-Ridge-Dr-34747/unit-102/home/173829584,kissimmee,34747
1106 Sunset View Cir #304,Reunion,FL,34747,299900,3,3,1755,985,townhouse,S5152159,https://www.redfin.com/FL/Reunion/1106-Sunset-View-Cir-34747/unit-304/home/46505540,kissimmee,34747
414 Spice Ct,Kissimmee,FL,34758,299900,4,2,1685,100,single_family,O6430908,https://www.redfin.com/FL/Kissimmee/414-Spice-Ct-34758/for-sale/46537575,kissimmee,34758
4536 Ochos Rios Pl,Kissimmee,FL,34758,299900,3,2,1553,435,single_family,S5155089,https://www.redfin.com/FL/Kissimmee/4536-Ochos-Rios-Pl-34758/for-sale/193907016,kissimmee,34758
539 Brentford Ct,Kissimmee,FL,34758,299900,3,2,1876,100,single_family,TB8512665,https://www.redfin.com/FL/Kissimmee/539-Brentford-Ct-34758/for-sale/46558446,kissimmee,34758
32 Altera Ct,Kissimmee,FL,34758,299950,3,2,1690,100,single_family,S5150939,https://www.redfin.com/FL/Kissimmee/32-Altera-Ct-34758/home/46562045,kissimmee,34758
5121 Heatherstone Ct,Kissimmee,FL,34758,299995,3,2,1604,,single_family,O6429656,https://www.redfin.com/FL/Kissimmee/5121-Heatherstone-Ct-34758/for-sale/46540624,kissimmee,34758
2535 Fassona Dr,Kissimmee,FL,34741,299998,3,2.5,1603,404,condo,O6415528,https://www.redfin.com/FL/Kissimmee/2535-Fassona-Dr-34741/home/162417513,kissimmee,34741
121 Pompei Dr,Kissimmee,FL,34758,299999,3,2,1594,,single_family,O6429639,https://www.redfin.com/FL/Kissimmee/121-Pompei-Dr-34758/for-sale/46561572,kissimmee,34758
Alta Plan,Kissimmee,FL,34758,299999,2,2,1483,,single_family,B8BF19FC7C05,https://www.redfin.com/FL/Kissimmee/Kissimmee/Alta/home/202236008,kissimmee,34758
1117 Cambourne Dr,Kissimmee,FL,34758,299999,4,2.5,2168,90,single_family,O6282111,https://www.redfin.com/FL/Kissimmee/1117-Cambourne-Dr-34758/home/46556766,kissimmee,34758
Blackbird Plan,Kissimmee,FL,34758,299999,3,2,1453,,single_family,86BE04AA724A,https://www.redfin.com/FL/Kissimmee/Kissimmee/Blackbird/home/201703259,kissimmee,34758
1125 Munster Ct,Kissimmee,FL,34759,299999,4,2,2004,100,single_family,TB8530218,https://www.redfin.com/FL/Kissimmee/1125-Munster-Ct-34759/for-sale/162477972,kissimmee,34759
1101 Saint Tropez Ct,Kissimmee,FL,34759,299999,4,2,1960,85,single_family,TB8525627,https://www.redfin.com/FL/Kissimmee/1101-Saint-Tropez-Ct-34759/home/162721314,kissimmee,34759
6 Viola St,Kissimmee,FL,34741,300000,3,2,1495,,single_family,O6409235,https://www.redfin.com/FL/Kissimmee/6-Viola-St-34741/home/46551906,kissimmee,34741
2852 Eastham Ln,Kissimmee,FL,34741,300000,3,2.5,1776,384,condo,S5139025,https://www.redfin.com/FL/Kissimmee/2852-Eastham-Ln-34741/home/64028061,kissimmee,34741
2048 Cypress Bay Blvd,Kissimmee,FL,34743,300000,3,2.5,1807,245,condo,O6386580,https://www.redfin.com/FL/Kissimmee/2048-Cypress-Bay-Blvd-34743/home/46487950,kissimmee,34743
2018 Cypress Bay Blvd,Kissimmee,FL,34743,300000,3,2.5,1824,243,condo,O6373358,https://www.redfin.com/FL/Kissimmee/2018-Cypress-Bay-Blvd-34743/home/46481655,kissimmee,34743
5483 Paradise Cay Cir,Kissimmee,FL,34746,300000,3,3,1187,220,condo,O6416889,https://www.redfin.com/FL/Kissimmee/5483-Paradise-Cay-Cir-34746/home/46492933,kissimmee,34746
1147 Doncaster Ct,Kissimmee,FL,34758,300000,4,2,1758,21,single_family,O6422439,https://www.redfin.com/FL/Kissimmee/1147-Doncaster-Ct-34758/home/162647624,kissimmee,34758
34 Bradford Ct,Kissimmee,FL,34758,300000,3,2,1442,100,single_family,B26028927,https://www.redfin.com/FL/Kissimmee/34-Bradford-Ct-34758/home/46558022,kissimmee,34758
228 Amesbury Ln,Kissimmee,FL,34758,300000,4,2,1647,85,single_family,O6340552,https://www.redfin.com/FL/Kissimmee/228-Amesbury-Ln-34758/home/162591133,kissimmee,34758
1321 Dunbarton Ct,Kissimmee,FL,34758,300000,4,2,2093,85,single_family,O6312121,https://www.redfin.com/FL/Kissimmee/1321-Dunbarton-Ct-34758/home/46557676,kissimmee,34758
613 Notre Dame Way,Kissimmee,FL,34759,300000,5,3,2093,100,single_family,P4938790,https://www.redfin.com/FL/Kissimmee/613-Notre-Dame-Way-34759/home/46564490,kissimmee,34759
5609 Morant Bay Path,Kissimmee,FL,34758,302420,3,2,1424,124,single_family,O6399930,https://www.redfin.com/FL/Kissimmee/5609-Morant-Bay-Path-34758/for-sale/199300839,kissimmee,34758
510 Bassett Dr,Kissimmee,FL,34758,303000,4,2.5,,,single_family,A12016007,https://www.redfin.com/FL/Kissimmee/510-Bassett-Dr-34758/home/46558932,kissimmee,34758
760 Palaiseau Ct,Kissimmee,FL,34759,303900,4,2,2088,26,single_family,S5154046,https://www.redfin.com/FL/Kissimmee/760-Palaiseau-Ct-34759/for-sale/46564309,kissimmee,34759
4564 Ada Ln,Kissimmee,FL,34746,304900,3,2.5,1295,455,condo,O6414668,https://www.redfin.com/FL/Kissimmee/4564-Ada-Ln-34746/home/53422500,kissimmee,34746
7740 Sandy Ridge Dr #131,Reunion,FL,34747,304999,3,3,1500,1920,townhouse,O6376669,https://www.redfin.com/FL/Reunion/7740-Sandy-Ridge-Dr-34747/unit-131/home/188677082,kissimmee,34747
2082 Island Walk Dr,Orlando,FL,32824,305000,3,2,1341,220,single_family,S5135879,https://www.redfin.com/FL/Orlando/2082-Island-Walk-Dr-32824/for-sale/46964164,kissimmee,32824
704 S Clyde Ave,Kissimmee,FL,34741,305000,3,1,1096,,single_family,S5152030,https://www.redfin.com/FL/Kissimmee/704-S-Clyde-Ave-34741/home/46566274,kissimmee,34741
2451 Varenna Loop,Kissimmee,FL,34741,305000,3,2.5,1603,417,single_family,S5149050,https://www.redfin.com/FL/Kissimmee/2451-Varenna-Loop-34741/home/170043514,kissimmee,34741
3111 River Branch Cir,Kissimmee,FL,34741,305000,2,2,1964,349,condo,V4945364,https://www.redfin.com/FL/Kissimmee/3111-River-Branch-Cir-34741/home/46571956,kissimmee,34741
286 Beckenham Dr,Kissimmee,FL,34758,305000,4,2,1811,100,single_family,C7527222,https://www.redfin.com/FL/Kissimmee/286-Beckenham-Dr-34758/home/162719663,kissimmee,34758
13180 Summerton Dr,Orlando,FL,32824,307000,3,2.5,1313,315,condo,S5150041,https://www.redfin.com/FL/Orlando/13180-Summerton-Dr-32824/home/46859894,kissimmee,32824
3510 Yacht Club Ct,Kissimmee,FL,34746,307000,3,2,1508,74,single_family,O6417472,https://www.redfin.com/FL/Kissimmee/3510-Yacht-Club-Ct-34746/home/53423824,kissimmee,34746
610 Notre Dame Way,Kissimmee,FL,34759,307000,4,2.5,2162,100,single_family,O6419777,https://www.redfin.com/FL/Kissimmee/610-Notre-Dame-Way-34759/for-sale/46564477,kissimmee,34759
3161 Paradox Cir #304,Kissimmee,FL,34746,308000,2,2,1126,859,townhouse,O6430228,https://www.redfin.com/FL/Kissimmee/3161-Paradox-Cir-34746/unit-304/home/177662025,kissimmee,34746
5534 Sapote Ct,Kissimmee,FL,34758,308290,4,2,1600,124,single_family,O6430941,https://www.redfin.com/FL/Kissimmee/5534-Sapote-Ct-34758/for-sale/199300901,kissimmee,34758
666 Florida Pkwy,Kissimmee,FL,34743,309000,2,2,1000,,single_family,P4937699,https://www.redfin.com/FL/Kissimmee/666-Florida-Pkwy-34743/home/46524860,kissimmee,34743
2510 Hassonite St,Kissimmee,FL,34744,309000,3,2.5,1763,172,condo,S5155371,https://www.redfin.com/FL/Kissimmee/2510-Hassonite-St-34744/for-sale/46494659,kissimmee,34744
9031 Wildflower Ln,Kissimmee,FL,34747,309000,3,2.5,1530,259,condo,O6417989,https://www.redfin.com/FL/Kissimmee/9031-Wildflower-Ln-34747/home/170046908,kissimmee,34747
1101 Challenge #1501,Kissimmee,FL,33896,309000,2,2,1388,512,townhouse,A11998831,https://www.redfin.com/FL/Kissimmee/1101-Challenge-Dr-34747/unit-1501/home/201260181,kissimmee,33896
619 Mayan Pl,Kissimmee,FL,34758,309000,3,2,1730,100,single_family,TB8535977,https://www.redfin.com/FL/Kissimmee/619-Mayan-Pl-34758/for-sale/46559301,kissimmee,34758
2446 Temple Grove Ln,Kissimmee,FL,34741,309900,3,2.5,1423,147,condo,S5152136,https://www.redfin.com/FL/Kissimmee/2446-Temple-Grove-Ln-34741/home/46487590,kissimmee,34741
3087 Seaview Castle Dr,Kissimmee,FL,34746,309900,3,3,1394,272,condo,O6430430,https://www.redfin.com/FL/Kissimmee/3087-Seaview-Castle-Dr-34746/for-sale/46500418,kissimmee,34746
4121 Cannon Ct,Kissimmee,FL,34746,309900,3,2,1436,33,single_family,O6411696,https://www.redfin.com/FL/Kissimmee/4121-Cannon-Ct-34746/home/46519902,kissimmee,34746
136 Pompano Beach Dr,Kissimmee,FL,34746,309900,3,2.5,1286,532,condo,O6408419,https://www.redfin.com/FL/Kissimmee/136-Pompano-Beach-Dr-34746/home/46478507,kissimmee,34746
1177 Seaside Mist Trl,Kissimmee,FL,34747,309900,3,2.5,1460,253,condo,S5153645,https://www.redfin.com/FL/Kissimmee/1177-Seaside-Mist-Trl-34747/home/184276541,kissimmee,34747
639 Mesilla Dr,Kissimmee,FL,34758,309900,3,2,2033,24,single_family,O6286744,https://www.redfin.com/FL/Kissimmee/639-Mesilla-Dr-34758/home/46560092,kissimmee,34758
17 S Flag Ct,Kissimmee,FL,34759,309900,3,2,1500,100,single_family,O6418950,https://www.redfin.com/FL/Kissimmee/17-S-Flag-Ct-34759/for-sale/46562614,kissimmee,34759
3107 Harris Park Way,Kissimmee,FL,34758,309990,4,3,2175,53,single_family,S5154843,https://www.redfin.com/FL/Kissimmee/3107-Harris-Park-Way-34758/for-sale/53422761,kissimmee,34758
10813 Corsican St #10,Orlando,FL,32824,309999,3,2.5,1548,423,condo,S5142920,https://www.redfin.com/FL/Orlando/10813-Corsican-St-32824/unit-10/home/144579018,kissimmee,32824
2203 San Vittorino Cir #108,Kissimmee,FL,34741,309999,4,3,1470,516,condo,S5153202,https://www.redfin.com/FL/Kissimmee/2203-San-Vittorino-Cir-34741/unit-108/home/46487226,kissimmee,34741
4779 Warrior Ln,Kissimmee,FL,34746,309999,2,2,1330,10,single_family,O6426473,https://www.redfin.com/FL/Kissimmee/4779-Warrior-Ln-34746/for-sale/46514127,kissimmee,34746
2200 San Zanobi Dr #108,Kissimmee,FL,34741,310000,4,3,1470,516,townhouse,S5102991,https://www.redfin.com/FL/Kissimmee/2200-San-Zanobi-Dr-34741/unit-108/home/46476361,kissimmee,34741
136 Puelba Ln,Kissimmee,FL,34743,310000,4,3,1856,,single_family,S5143079,https://www.redfin.com/FL/Kissimmee/136-Puelba-Ln-34743/home/46525340,kissimmee,34743
153 Club Villas Ln,Kissimmee,FL,34744,310000,2,2,1306,26,condo,S5153772,https://www.redfin.com/FL/Kissimmee/153-Club-Villas-Ln-34744/home/46550535,kissimmee,34744
3161 Winding Trl,Kissimmee,FL,34746,310000,3,2,1556,364,single_family,S5152605,https://www.redfin.com/FL/Kissimmee/3161-Winding-Trl-34746/home/46478242,kissimmee,34746
4553 Teoli Ct,Kissimmee,FL,34746,310000,3,2.5,1552,216,condo,O6409362,https://www.redfin.com/FL/Kissimmee/4553-Teoli-Ct-34746/home/184277868,kissimmee,34746
894 Assembly Ct,Reunion,FL,34747,310000,4,2.5,1862,595,single_family,S5154249,https://www.redfin.com/FL/Reunion/894-Assembly-Ct-34747/for-sale/46478682,kissimmee,34747
8563 Bay Lilly Loop,Kissimmee,FL,34747,310000,3,2.5,1295,531,condo,O6426863,https://www.redfin.com/FL/Kissimmee/8563-Bay-Lilly-Loop-34747/home/46492560,kissimmee,34747
509 Maricopa Dr,Kissimmee,FL,34758,310000,4,2,1744,100,single_family,B26046013,https://www.redfin.com/FL/Kissimmee/509-Maricopa-Dr-34758/home/46559690,kissimmee,34758
2256 Portrait St,Kissimmee,FL,34758,310000,3,2.5,1407,223,condo,P4939367,https://www.redfin.com/FL/Kissimmee/2256-Portrait-ST-34758/home/203210209,kissimmee,34758
701 Fulmar Ct,Kissimmee,FL,34759,310000,4,2.5,1736,90,single_family,S5153473,https://www.redfin.com/FL/Kissimmee/701-Fulmar-Ct-34759/home/192732319,kissimmee,34759
1414 Orlando Ct,Kissimmee,FL,34759,310000,4,2,1801,100,single_family,A12061986,https://www.redfin.com/FL/Kissimmee/1414-Orlando-Ct-34759/home/46254903,kissimmee,34759
1404 Dusty Stone Ln,Kindred,FL,34744,312990,3,2.5,1624,102,condo,O6387862,https://www.redfin.com/FL/Kindred/1404-Dusty-Stone-Ln-34744/home/109730402,kissimmee,34744
902 N Thacker Ave,Kissimmee,FL,34741,314000,3,2,1300,,single_family,O6392187,https://www.redfin.com/FL/Kissimmee/902-N-Thacker-Ave-34741/home/46549826,kissimmee,34741
2413 Ruddenstone Way,Kissimmee,FL,34744,314900,3,2,1560,13,single_family,TB8535943,https://www.redfin.com/FL/Kissimmee/Undisclosed-address-34744/for-sale/46477632,kissimmee,34744
955 Louvre Ct,Kissimmee,FL,34759,314900,4,2,2088,90,single_family,O6405460,https://www.redfin.com/FL/Kissimmee/955-Louvre-Ct-34759/home/46563931,kissimmee,34759
2344 Caravelle Cir,Kissimmee,FL,34746,314990,4,3,1636,286,condo,O6427692,https://www.redfin.com/FL/Kissimmee/2344-Caravelle-Cir-34746/for-sale/46499476,kissimmee,34746
4318 Hazel St,Kissimmee,FL,34746,314990,3,2.5,1463,132,condo,O6428888,https://www.redfin.com/FL/Kissimmee/4318-Hazel-St-34746/home/193907934,kissimmee,34746
4314 Hazel St,Kissimmee,FL,34746,314990,3,2.5,1463,132,condo,O6428892,https://www.redfin.com/FL/Kissimmee/4314-Hazel-St-34746/home/193907935,kissimmee,34746
4322 Hazel St,Kissimmee,FL,34746,314990,3,2.5,1463,132,condo,O6428883,https://www.redfin.com/FL/Kissimmee/4322-Hazel-St-34746/home/193907932,kissimmee,34746
4342 Hazel St,Kissimmee,FL,34746,314990,3,2.5,1463,132,condo,O6414876,https://www.redfin.com/FL/Kissimmee/4342-Hazel-St-34746/home/193907925,kissimmee,34746
2615 N Beaumont Ave,Kissimmee,FL,34741,315000,4,2,1280,,single_family,S5153530,https://www.redfin.com/FL/Kissimmee/2615-N-Beaumont-Ave-34741/home/46531587,kissimmee,34741
1009 Whalebone Bay Dr,Kissimmee,FL,34741,315000,2,2,1159,75,single_family,O6422140,https://www.redfin.com/FL/Kissimmee/1009-Whalebone-Bay-Dr-34741/home/46530709,kissimmee,34741
1841 Houston St,Kissimmee,FL,34743,315000,3,2.5,1452,255,condo,O6424504,https://www.redfin.com/FL/Kissimmee/1841-Houston-St-34743/home/146860615,kissimmee,34743
722 Royal Palm Dr,Kissimmee,FL,34743,315000,3,2,1065,,single_family,S5152677,https://www.redfin.com/FL/Kissimmee/722-Royal-Palm-Dr-34743/home/46525814,kissimmee,34743
1009 Chalcedony St,Kissimmee,FL,34744,315000,3,2.5,1683,170,condo,O6412394,https://www.redfin.com/FL/Kissimmee/1009-Chalcedony-St-34744/home/46505777,kissimmee,34744
8529 Bay Lilly Loop,Kissimmee,FL,34747,315000,3,3,1295,594,condo,S5154015,https://www.redfin.com/FL/Kissimmee/8529-Bay-Lilly-Loop-34747/home/46492556,kissimmee,34747
3240 Cupid Pl,Kissimmee,FL,34747,315000,4,3,1694,575,condo,S5152792,https://www.redfin.com/FL/Kissimmee/3240-Cupid-Pl-34747/home/162410447,kissimmee,34747
3023 Red Ginger Rd,Kissimmee,FL,34747,315000,3,2.5,1470,594,condo,O6420176,https://www.redfin.com/FL/Kissimmee/3023-Red-Ginger-Rd-34747/home/53422318,kissimmee,34747
4442 Maple Chase Trl,Kissimmee,FL,34758,315000,3,2,1876,111,single_family,O6390414,https://www.redfin.com/FL/Kissimmee/4442-Maple-Chase-Trl-34758/for-sale/46483199,kissimmee,34758
5744 LE Marin Way,Kissimmee,FL,34758,315000,3,2,1454,125,single_family,S5153564,https://www.redfin.com/FL/Kissimmee/5744-Le-Marin-Way-34758/for-sale/192616737,kissimmee,34758
545 Viceroy Ct,Kissimmee,FL,34758,315000,3,2,2035,100,single_family,O6418547,https://www.redfin.com/FL/Kissimmee/545-Viceroy-Ct-34758/home/162377904,kissimmee,34758
280 Beckenham Dr,Kissimmee,FL,34758,315000,4,2,1640,100,single_family,C7527217,https://www.redfin.com/FL/Kissimmee/280-Beckenham-Dr-34758/home/162475945,kissimmee,34758
613 Bayport Dr,Kissimmee,FL,34758,315000,3,2,1422,85,single_family,W7880082,https://www.redfin.com/FL/Kissimmee/613-Bayport-Dr-34758/home/46557718,kissimmee,34758
5636 Seagrape Ln,Kissimmee,FL,34758,315290,4,2,1600,124,single_family,O6431662,https://www.redfin.com/FL/Kissimmee/5636-Seagrape-Ln-34758/for-sale/199300733,kissimmee,34758
Seagrape Ln,Kissimmee,FL,34758,315290,4,2,1600,,single_family,F8D49E257812,https://www.redfin.com/FL/Kissimmee/Seagrape-Ln-34758/for-sale/199300794,kissimmee,34758
103 Dellwood Dr,Kissimmee,FL,34744,315900,3,1,1368,,single_family,S5143443,https://www.redfin.com/FL/Kissimmee/103-Dellwood-Dr-34744/home/46541497,kissimmee,34744
172 Bowie Ln Unit B,Kissimmee,FL,34743,315995,3,2.5,1308,127,condo,S5154474,https://www.redfin.com/FL/Kissimmee/172-Bowie-Ln-34743/unit-B/for-sale/192059987,kissimmee,34743
172 Bowie Ln Unit E,Kissimmee,FL,34743,315995,3,2.5,1308,100,condo,O6414290,https://www.redfin.com/FL/Kissimmee/172-Bowie-Ln-34743/unit-E/home/193908302,kissimmee,34743
3172 River Branch Cir,Kissimmee,FL,34741,316000,3,2,1512,325,condo,S5140219,https://www.redfin.com/FL/Kissimmee/3172-River-Branch-Cir-34741/home/46571993,kissimmee,34741
271 LA Paz Dr,Kissimmee,FL,34743,316990,3,2,1065,,single_family,S5143475,https://www.redfin.com/FL/Kissimmee/271-La-Paz-Dr-34743/home/46525235,kissimmee,34743
Canary Plan,Kissimmee,FL,34758,316999,3,2,1603,,single_family,F4ED722E92DF,https://www.redfin.com/FL/Kissimmee/Kissimmee/Canary/home/201703209,kissimmee,34758
1895 Spring Shower Cir,Kissimmee,FL,34744,318000,3,2,1559,212,single_family,S5148149,https://www.redfin.com/FL/Kissimmee/1895-Spring-Shower-Cir-34744/home/184284917,kissimmee,34744
415 Francisco Way,Kissimmee,FL,34758,318000,4,2,1872,100,single_family,S5140495,https://www.redfin.com/FL/Kissimmee/415-Francisco-Way-34758/home/162591670,kissimmee,34758
Kitson Plan,Kissimmee,FL,34758,318420,3,2,1424,,single_family,64CFB48F1382,https://www.redfin.com/FL/Kissimmee/Kissimmee/Kitson/home/199043079,kissimmee,34758
2239 Santa Lucia St,Kissimmee,FL,34743,318497,3,2,1059,26,single_family,O6337080,https://www.redfin.com/FL/Kissimmee/2239-Santa-Lucia-St-34743/home/46546957,kissimmee,34743
1010 Van Lieu St,Kissimmee,FL,34744,318500,2,2,1062,,single_family,O6409485,https://www.redfin.com/FL/Kissimmee/1010-Van-Lieu-St-34744/home/46542159,kissimmee,34744
3145 Caribbean Soul Dr,Kissimmee,FL,34747,318900,2,2.5,1380,797,condo,O6413644,https://www.redfin.com/FL/Kissimmee/3145-Caribbean-Soul-Dr-34747/home/177663364,kissimmee,34747
7468 Excitement Dr #102,Reunion,FL,34747,318900,3,2,1472,706,townhouse,O6418716,https://www.redfin.com/FL/Reunion/7468-Excitement-Dr-34747/unit-102/home/46506888,kissimmee,34747
2479 Toscolona Dr,Kissimmee,FL,34741,319000,3,2.5,1603,288,condo,O6425771,https://www.redfin.com/FL/Kissimmee/2479-Toscolona-Dr-34741/home/162345633,kissimmee,34741
1200 Teton Dr,Kissimmee,FL,34744,319000,4,2.5,1969,164,condo,O6380571,https://www.redfin.com/FL/Kissimmee/1200-Teton-Dr-34744/home/46508576,kissimmee,34744
7664 Comrow St #101,Kissimmee,FL,34747,319000,3,2,1246,709,townhouse,O6417344,https://www.redfin.com/FL/Kissimmee/7664-Comrow-St-34747/unit-101/home/46486362,kissimmee,34747
7524 Bliss Way #7524,Kissimmee,FL,34747,319500,3,2.5,1808,495,townhouse,O6424508,https://www.redfin.com/FL/Kissimmee/7524-Bliss-Way-34747/unit-7524/home/170248834,kissimmee,34747
1921 Chatham Place Dr,Orlando,FL,32824,319900,3,2.5,1667,311,condo,O6420059,https://www.redfin.com/FL/Orlando/1921-Chatham-Place-Dr-32824/home/46644760,kissimmee,32824
1213 Cherokee Dr,Kissimmee,FL,34744,319900,3,1,1715,,single_family,K4903584,https://www.redfin.com/FL/Kissimmee/1213-Cherokee-Dr-34744/home/46541733,kissimmee,34744
2917 Evans Way,Kissimmee,FL,34758,319900,3,2,1745,66,single_family,A12021655,https://www.redfin.com/FL/Kissimmee/2917-Evans-Way-34758/home/46577729,kissimmee,34758
813 Halifax Dr,Kissimmee,FL,34758,319900,4,2,2164,95,single_family,S5146839,https://www.redfin.com/FL/Kissimmee/813-Halifax-Dr-34758/home/46556290,kissimmee,34758
3363 Bellezza Ct,Kissimmee,FL,34746,319990,3,2.5,2019,275,condo,O6429510,https://www.redfin.com/FL/Kissimmee/3363-Bellezza-Ct-34746/home/168039512,kissimmee,34746
9821 8th Ave,Orlando,FL,32824,319999,3,2,1457,,single_family,O6419748,https://www.redfin.com/FL/Orlando/9821-8th-Ave-32824/home/46688497,kissimmee,32824
1712 Patrick St,Kissimmee,FL,34741,319999,3,1.5,1512,,single_family,S5150171,https://www.redfin.com/FL/Kissimmee/1712-Patrick-St-34741/home/46566026,kissimmee,34741
760 Del Prado Dr,Kissimmee,FL,34758,319999,3,2,1661,100,single_family,O6422135,https://www.redfin.com/FL/Kissimmee/760-Del-Prado-Dr-34758/home/46559266,kissimmee,34758
331 Marquee Dr,Kissimmee,FL,34758,319999,3,2,1602,95,single_family,TB8434543,https://www.redfin.com/FL/Kissimmee/331-Marquee-Dr-34758/home/46556203,kissimmee,34758
1911 Sunny St,Kissimmee,FL,34741,320000,3,1.5,1062,,single_family,S5154689,https://www.redfin.com/FL/Kissimmee/1911-Sunny-St-34741/for-sale/46566629,kissimmee,34741
2449 Varenna Loop,Kissimmee,FL,34741,320000,3,2.5,1602,417,condo,S5148673,https://www.redfin.com/FL/Kissimmee/2449-Varenna-Loop-34741/home/170043513,kissimmee,34741
1833 Spring Shower Cir,Kissimmee,FL,34744,320000,3,2,1559,219,single_family,O6422244,https://www.redfin.com/FL/Kissimmee/1833-Spring-Shower-Cir-34744/for-sale/177664217,kissimmee,34744
710 E Jackson St,Kissimmee,FL,34744,320000,3,2,1338,,single_family,S5149877,https://www.redfin.com/FL/Kissimmee/710-E-Jackson-St-34744/home/46533113,kissimmee,34744
2905 Satire St,Kissimmee,FL,34746,320000,3,2.5,1869,454,condo,O6411574,https://www.redfin.com/FL/Kissimmee/2905-Satire-St-34746/home/162333129,kissimmee,34746
7659 Whisper Way #304,Reunion,FL,34747,320000,3,3,1755,985,townhouse,O6417591,https://www.redfin.com/FL/Reunion/7659-Whisper-Way-34747/unit-304/home/46505225,kissimmee,34747
305 Cornwallis Ct,Kissimmee,FL,34758,320000,4,2,1712,90,single_family,S5155192,https://www.redfin.com/FL/Kissimmee/305-Cornwallis-Ct-34758/for-sale/46560568,kissimmee,34758
562 Maricopa Dr,Kissimmee,FL,34758,320000,4,2.5,1750,100,single_family,O6424669,https://www.redfin.com/FL/Kissimmee/562-Maricopa-Dr-34758/home/162476473,kissimmee,34758
106 Castleford Way,Kissimmee,FL,34758,320000,4,3,2909,100,single_family,O6402915,https://www.redfin.com/FL/Kissimmee/106-Castleford-Way-34758/for-sale/46557570,kissimmee,34758
577 Pinehurst Cv,Kissimmee,FL,34758,320000,3,2.5,1978,100,single_family,S5151383,https://www.redfin.com/FL/Kissimmee/577-Pinehurst-Cv-34758/home/46537223,kissimmee,34758
746 Maderia Ct,Kissimmee,FL,34758,320000,4,2,1719,21,single_family,O6363600,https://www.redfin.com/FL/Kissimmee/746-Maderia-Ct-34758/home/46562898,kissimmee,34758
82 Lakepointe Cir #82,Kissimmee,FL,34743,322000,3,2.5,1471,250,condo,O6426397,https://www.redfin.com/FL/Kissimmee/82-Lakepointe-Cir-34743/unit-82/home/203198051,kissimmee,34743
2411 Condado Ct,Kissimmee,FL,34743,322000,3,2,1392,28,single_family,O6374772,https://www.redfin.com/FL/Kissimmee/2411-Condado-Ct-34743/home/46546742,kissimmee,34743
878 Nelson Dr,Kissimmee,FL,34758,322900,4,2,1746,20,single_family,S5134044,https://www.redfin.com/FL/Kissimmee/878-Nelson-Dr-34758/home/54774293,kissimmee,34758
Rivera Plan,Kissimmee,FL,34758,323999,2,2,1677,,single_family,EEF982F215CA,https://www.redfin.com/FL/Kissimmee/Kissimmee/Rivera/home/202236024,kissimmee,34758
165 Citrine Loop,Kissimmee,FL,34758,324000,3,2,1510,175,single_family,S5126819,https://www.redfin.com/FL/Kissimmee/165-Citrine-Loop-34758/home/184274099,kissimmee,34758
2118 Southbury Dr,Kissimmee,FL,34744,324190,3,2.5,1553,126,condo,O6429218,https://www.redfin.com/FL/Kissimmee/2118-Southbury-Dr-34744/home/199298995,kissimmee,34744
183 Club Villas Ln,Kissimmee,FL,34744,324900,2,2,1397,312,single_family,O6427874,https://www.redfin.com/FL/Kissimmee/183-Club-Villas-Ln-34744/for-sale/46550518,kissimmee,34744
2356 Silver Palm Dr,Kissimmee,FL,34747,324900,3,3,1440,483,condo,L4962865,https://www.redfin.com/FL/Kissimmee/2356-Silver-Palm-Dr-34747/home/46477449,kissimmee,34747
323 Alegriano Ct,Kissimmee,FL,34758,324900,3,2,2239,100,single_family,O6414545,https://www.redfin.com/FL/Kissimmee/323-Alegriano-Ct-34758/home/46561284,kissimmee,34758
4930 Harold Stanley Dr,Kissimmee,FL,34758,324900,3,2,1703,272,single_family,O6415160,https://www.redfin.com/FL/Kissimmee/4930-Harold-Stanley-Dr-34758/home/109229227,kissimmee,34758
709 Fredrick Pl,Kissimmee,FL,34758,324900,4,2,1747,80,single_family,S5152582,https://www.redfin.com/FL/Kissimmee/709-Fredrick-Pl-34758/home/162378121,kissimmee,34758
179 Aurelia Ct,Kissimmee,FL,34758,324900,4,2,1746,80,single_family,S5152593,https://www.redfin.com/FL/Kissimmee/179-Aurelia-Ct-34758/home/162476995,kissimmee,34758
4326 Hazel St,Kissimmee,FL,34746,324990,3,2.5,1463,132,condo,O6428877,https://www.redfin.com/FL/Kissimmee/4326-Hazel-St-34746/home/193907931,kissimmee,34746
4330 Hazel St,Kissimmee,FL,34746,324990,3,2.5,1463,132,condo,O6414898,https://www.redfin.com/FL/Kissimmee/4330-Hazel-St-34746/home/193907928,kissimmee,34746
4310 Hazel St,Kissimmee,FL,34746,324990,3,2.5,1463,132,condo,O6414917,https://www.redfin.com/FL/Kissimmee/4310-Hazel-St-34746/home/193907936,kissimmee,34746
1796 Bryant St,Kissimmee,FL,34746,324990,3,2.5,1463,132,condo,O6414925,https://www.redfin.com/FL/Kissimmee/1796-Bryant-St-34746/home/193907914,kissimmee,34746
1025 Derbyshire Dr,Kissimmee,FL,34758,324990,3,2,1834,100,single_family,O6431713,https://www.redfin.com/FL/Kissimmee/1025-Derbyshire-Dr-34758/for-sale/46557008,kissimmee,34758
126 1st St,Orlando,FL,32824,325000,1,2,728,,single_family,G5115394,https://www.redfin.com/FL/Orlando/126-1st-St-32824/home/46688365,kissimmee,32824
11700 Minto Ct,Orlando,FL,32837,325000,2,2,1082,37,single_family,S5152688,https://www.redfin.com/FL/Orlando/11700-Minto-Ct-32837/home/46791572,kissimmee,32837
3132 River Branch Cir,Kissimmee,FL,34741,325000,2,2,1512,342,condo,O6420682,https://www.redfin.com/FL/Kissimmee/3132-River-Branch-Cir-34741/home/46571990,kissimmee,34741
120 Milta Ln,Kissimmee,FL,34743,325000,4,3,1624,,single_family,O6429643,https://www.redfin.com/FL/Kissimmee/120-Milta-Ln-34743/for-sale/46525423,kissimmee,34743
2416 Condado Ct,Kissimmee,FL,34743,325000,3,2,1102,25,single_family,O6403808,https://www.redfin.com/FL/Kissimmee/2416-Condado-Ct-34743/home/46546761,kissimmee,34743
2352 Old Dixie Hwy,Kissimmee,FL,34744,325000,3,2,1438,,single_family,O6430485,https://www.redfin.com/FL/Kissimmee/2352-Old-Dixie-Hwy-34744/for-sale/46541675,kissimmee,34744
168 Club Villas Ln,Kissimmee,FL,34744,325000,2,2,1417,315,single_family,S5144405,https://www.redfin.com/FL/Kissimmee/168-Club-Villas-Ln-34744/for-sale/46550227,kissimmee,34744
2935 Theme St,Kissimmee,FL,34746,325000,3,2.5,1859,454,condo,O6428910,https://www.redfin.com/FL/Kissimmee/2935-Theme-St-34746/home/146958315,kissimmee,34746
2740 Coupe St,Kissimmee,FL,34746,325000,4,3.5,1852,625,condo,O6425896,https://www.redfin.com/FL/Kissimmee/2740-Coupe-St-34746/for-sale/46499060,kissimmee,34746
1204 S Beach Cir,Kissimmee,FL,34746,325000,3,2.5,1468,225,condo,S5153974,https://www.redfin.com/FL/Kissimmee/1204-South-Beach-Cir-34746/home/46486853,kissimmee,34746
5352 Diplomat Ct #108,Kissimmee,FL,34746,325000,4,3,1694,611,condo,O6420146,https://www.redfin.com/FL/Kissimmee/5352-Diplomat-Ct-34746/unit-108/home/63056900,kissimmee,34746
3556 Landing Net Dr,Kissimmee,FL,34746,325000,3,2.5,1550,484,condo,O6416193,https://www.redfin.com/FL/Kissimmee/3556-Landing-Net-Dr-34746/home/187622907,kissimmee,34746
2749 Club Cortile Cir,Kissimmee,FL,34746,325000,4,3,1880,336,condo,B26032528,https://www.redfin.com/FL/Kissimmee/2749-Club-Cortile-Cir-34746/home/46490847,kissimmee,34746
1647 Key Bay Trl,Kissimmee,FL,34747,325000,2,2,1557,330,single_family,O6426741,https://www.redfin.com/FL/Kissimmee/1647-Key-Bay-Trl-34747/for-sale/177670731,kissimmee,34747
2382 Silver Palm Dr E,Kissimmee,FL,34747,325000,3,3,1440,470,condo,O6422661,https://www.redfin.com/FL/Kissimmee/2382-Silver-Palm-Dr-34747/home/46477469,kissimmee,34747
2788 Almaton Loop #404,Kissimmee,FL,34747,325000,3,2,1450,618,townhouse,O6418717,https://www.redfin.com/FL/Kissimmee/2788-Almaton-Loop-34747/unit-404/home/46492695,kissimmee,34747
7593 Gathering Dr #307,Reunion,FL,34747,325000,2,2,1430,1617,townhouse,O6432059,https://www.redfin.com/FL/Reunion/7593-Gathering-Dr-34747/unit-307/home/46506773,kissimmee,34747
7593 Gathering Dr #706,Reunion,FL,34747,325000,2,2,1430,1617,townhouse,O6432143,https://www.redfin.com/FL/Reunion/7593-Gathering-Dr-34747/unit-706/home/46506722,kissimmee,34747
4647 Caverns Dr,Kissimmee,FL,34758,325000,3,2,1915,66,single_family,S5137432,https://www.redfin.com/FL/Kissimmee/4647-Caverns-Dr-34758/home/46504916,kissimmee,34758
418 Blue Lake Cir,Kissimmee,FL,34758,325000,3,2,1510,175,single_family,S5146349,https://www.redfin.com/FL/Kissimmee/418-Blue-Lake-Cir-34758/home/162619876,kissimmee,34758
4457 Ochos Rios Pl,Kissimmee,FL,34758,325000,2,2,1483,417,single_family,O6417711,https://www.redfin.com/FL/Kissimmee/4457-Ochos-Rios-Pl-34758/home/193907067,kissimmee,34758
Vento Plan,Kissimmee,FL,34758,325999,3,2,1709,,single_family,F49102887518,https://www.redfin.com/FL/Kissimmee/Kissimmee/Vento/home/202236010,kissimmee,34758
8956 California Palm Rd,Kissimmee,FL,34747,326500,4,3,1902,761,condo,O6429230,https://www.redfin.com/FL/Kissimmee/8956-California-Palm-Rd-34747/home/54685708,kissimmee,34747
103 Luca Ln,Kissimmee,FL,34743,327000,3,2,1750,,single_family,S5147880,https://www.redfin.com/FL/Kissimmee/103-Luca-Ln-34743/for-sale/46525478,kissimmee,34743
4607 Kalispell Rd,Kissimmee,FL,34758,327000,3,2,1680,67,single_family,O6391232,https://www.redfin.com/FL/Kissimmee/4607-Kalispell-Rd-34758/home/64037113,kissimmee,34758
1021 Golfside Ct,Kissimmee,FL,34741,327900,3,2,1659,,single_family,O6320634,https://www.redfin.com/FL/Kissimmee/1021-Golfside-Ct-34741/home/46566569,kissimmee,34741
1925 Michigan Dr,Kissimmee,FL,34759,327900,3,2,1512,100,single_family,O6429667,https://www.redfin.com/FL/Kissimmee/1925-Michigan-Dr-34759/for-sale/194987575,kissimmee,34759
Sentosa Plan,Kissimmee,FL,34758,328540,4,2,1600,,single_family,B8F567267DE9,https://www.redfin.com/FL/Kissimmee/Kissimmee/Sentosa/home/199043063,kissimmee,34758
1126 Lavaur Ct,Kissimmee,FL,34759,328990,4,2,2240,100,single_family,S5154673,https://www.redfin.com/FL/Kissimmee/1126-Lavaur-Ct-34759/for-sale/46564008,kissimmee,34759
3108 Westbrook Rd,Kissimmee,FL,34746,329000,4,2,2041,12,single_family,S5154674,https://www.redfin.com/FL/Kissimmee/3108-Westbrook-Rd-34746/for-sale/46491763,kissimmee,34746
2379 Caravelle Cir,Kissimmee,FL,34746,329000,4,2.5,1400,290,condo,O6405924,https://www.redfin.com/FL/Kissimmee/2379-Caravelle-Cir-34746/home/46499284,kissimmee,34746
7604 Cabana Ct #303,Reunion,FL,34747,329000,3,3,1630,985,townhouse,O6425656,https://www.redfin.com/FL/Reunion/7604-Cabana-Ct-34747/unit-303/home/46505173,kissimmee,34747
1144 Cambourne Dr,Kissimmee,FL,34758,329000,4,2,1808,100,single_family,O6421924,https://www.redfin.com/FL/Kissimmee/1144-Cambourne-Dr-34758/home/54628391,kissimmee,34758
2911 Elbert Way,Kissimmee,FL,34758,329000,3,2,2036,66,single_family,O6340133,https://www.redfin.com/FL/Kissimmee/2911-Elbert-Way-34758/home/46564692,kissimmee,34758
4817 Marcos Cir,Kissimmee,FL,34758,329000,4,2,1699,108,single_family,S5146511,https://www.redfin.com/FL/Kissimmee/4817-Marcos-Cir-34758/home/146841434,kissimmee,34758
304 Cocoa Ct,Kissimmee,FL,34758,329000,4,2.5,2844,20,single_family,S5140659,https://www.redfin.com/FL/Kissimmee/304-Cocoa-Ct-34758/home/46559789,kissimmee,34758
231 Elm Ct,Kissimmee,FL,34759,329000,4,3,1999,100,single_family,S5154732,https://www.redfin.com/FL/Kissimmee/231-Elm-Ct-34759/for-sale/46148990,kissimmee,34759
11534 Kenley Cir,Orlando,FL,32824,329900,3,2,1435,30,single_family,S5148514,https://www.redfin.com/FL/Orlando/11534-Kenley-Cir-32824/home/46784020,kissimmee,32824
755 Park Ln,Kissimmee,FL,34741,329900,3,2,1313,,single_family,S5150068,https://www.redfin.com/FL/Kissimmee/755-Park-Ln-34741/home/46531416,kissimmee,34741
140 Guaymas Dr,Kissimmee,FL,34743,329900,3,2,1444,,single_family,O6411942,https://www.redfin.com/FL/Kissimmee/140-Guaymas-Dr-34743/home/46524816,kissimmee,34743
2705 Chatham Cir,Kissimmee,FL,34746,329900,3,2,1380,60,single_family,O6424766,https://www.redfin.com/FL/Kissimmee/2705-Chatham-Cir-34746/for-sale/46533377,kissimmee,34746
620 Heraldo Ct,Kissimmee,FL,34758,329900,3,2,1372,85,single_family,S5141681,https://www.redfin.com/FL/Kissimmee/620-Heraldo-Ct-34758/for-sale/46563030,kissimmee,34758
2903 Banana Palm Dr,Kissimmee,FL,34747,329990,4,3,1902,737,condo,O6426138,https://www.redfin.com/FL/Kissimmee/2903-Banana-Palm-Dr-34747/for-sale/103845079,kissimmee,34747
2035 Island Brook Ln,Orlando,FL,32824,330000,3,2.5,2161,220,condo,S5146286,https://www.redfin.com/FL/Orlando/2035-Island-Brook-Ln-32824/home/46963572,kissimmee,32824
2904 Grafton Dr,Kissimmee,FL,34741,330000,3,2.5,2013,230,condo,O6427198,https://www.redfin.com/FL/Kissimmee/2904-Grafton-Dr-34741/home/46485711,kissimmee,34741
711 S Emory Ave,Kissimmee,FL,34741,330000,3,3,1720,,single_family,O6432346,https://www.redfin.com/FL/Kissimmee/711-S-Emory-Ave-34741/for-sale/46565850,kissimmee,34741
120 Lindenwood Ln,Kissimmee,FL,34743,330000,3,2,1610,,single_family,O6427307,https://www.redfin.com/FL/Kissimmee/120-Lindenwood-Ln-34743/for-sale/46526878,kissimmee,34743
0 Donegan,Kissimmee,FL,34741,330000,,,,,8,S5123102,https://www.redfin.com/FL/Kissimmee/0-E-Donegan-Ave-34744/home/194519296,kissimmee,34744
5362 Diplomat Ct,Kissimmee,FL,34746,330000,4,3,,611,single_family,A12063295,https://www.redfin.com/FL/Kissimmee/5362-Diplomat-Ct-34746/for-sale/197067891,kissimmee,34746
3109 Seaview Castle Dr,Kissimmee,FL,34746,330000,2,2.5,1112,548,condo,S5154157,https://www.redfin.com/FL/Kissimmee/3109-Seaview-Castle-Dr-34746/home/46508139,kissimmee,34746
2705 Impala Ln,Kissimmee,FL,34746,330000,3,2.5,1435,626,condo,O6418130,https://www.redfin.com/FL/Kissimmee/2705-Impala-Ln-34746/home/46498759,kissimmee,34746
2714 Bushman Dr,Kissimmee,FL,34746,330000,4,3.5,1852,619,condo,S5151642,https://www.redfin.com/FL/Kissimmee/2714-Bushman-Dr-34746/home/46498784,kissimmee,34746
4712 Terra Esmeralda Dr,Kissimmee,FL,34746,330000,3,2.5,1591,200,condo,O6413805,https://www.redfin.com/FL/Kissimmee/4712-Terra-Esmeralda-Dr-34746/for-sale/169056526,kissimmee,34746
3200 Cupid Pl,Kissimmee,FL,34747,330000,4,3,1694,575,condo,O6431279,https://www.redfin.com/FL/Kissimmee/3200-Cupid-Pl-34747/home/160457515,kissimmee,34747
3239 Sustainable Way,Kissimmee,FL,34747,330000,3,3,1361,198,condo,O6429498,https://www.redfin.com/FL/Kissimmee/3239-Sustainable-Way-34747/for-sale/188672967,kissimmee,34747
3119 Sun Lake Ct Unit B,Kissimmee,FL,34747,330000,3,2,1484,387,single_family,O6425761,https://www.redfin.com/FL/Kissimmee/3119-Sun-Lake-Ct-34747/unit-B/for-sale/46486448,kissimmee,34747
906 San Paulo Way,Kissimmee,FL,34758,330000,3,2,1472,100,single_family,S5153286,https://www.redfin.com/FL/Kissimmee/906-San-Paulo-Way-34758/home/46560749,kissimmee,34758
2914 Rodrick Cir,Orlando,FL,32824,330999,3,2.5,1829,423,condo,S5151996,https://www.redfin.com/FL/Orlando/2914-Rodrick-Cir-32824/home/46671238,kissimmee,32824
Dove Plan,Kissimmee,FL,34758,331999,3,2.5,1850,,single_family,134730CCACE6,https://www.redfin.com/FL/Kissimmee/Kissimmee/Dove/home/201703257,kissimmee,34758
658 Cotulla Dr,Kissimmee,FL,34758,332000,4,2,1872,100,single_family,O6429646,https://www.redfin.com/FL/Kissimmee/658-Cotulla-Dr-34758/for-sale/162647952,kissimmee,34758
2000 Rankin St,Kindred,FL,34744,333000,3,2.5,1814,89,condo,S5151625,https://www.redfin.com/FL/Kindred/2000-Rankin-St-34744/home/188667834,kissimmee,34744
1205 Teton Dr,Kissimmee,FL,34744,334000,4,2.5,1935,158,condo,S5148840,https://www.redfin.com/FL/Kissimmee/1205-Teton-Dr-34744/home/162374853,kissimmee,34744
856 Franconville Ct,Kissimmee,FL,34759,334000,3,2,1825,103,single_family,S5153617,https://www.redfin.com/FL/Kissimmee/856-Franconville-Ct-34759/home/46563803,kissimmee,34759
2274 Centerra Loop,Kissimmee,FL,34741,334900,3,2.5,1602,666,condo,S5149195,https://www.redfin.com/FL/Kissimmee/2274-Centerra-Loop-34741/home/170043718,kissimmee,34741
2319 Lily Pad Ln,Kissimmee,FL,34743,334900,3,2,1704,28,single_family,S5154140,https://www.redfin.com/FL/Kissimmee/2319-Lily-Pad-Ln-34743/for-sale/46547019,kissimmee,34743
1259 Wispy Cypress Dr,Kissimmee,FL,34746,334900,4,2.5,1876,355,condo,O6419499,https://www.redfin.com/FL/Kissimmee/1259-Wispy-Cypress-Dr-34746/home/177669797,kissimmee,34746
2413 Brook Marsh Loop,Kissimmee,FL,34747,334900,3,2.5,1843,210,condo,O6423977,https://www.redfin.com/FL/Kissimmee/2413-Brook-Marsh-Loop-34747/home/184275177,kissimmee,34747
2921 Cello Ln,Kissimmee,FL,34741,335000,3,2.5,1528,404,condo,O6411611,https://www.redfin.com/FL/Kissimmee/2921-Cello-Ln-34741/home/144247409,kissimmee,34741
115 Toluca Dr,Kissimmee,FL,34743,335000,3,2,1175,,single_family,S5142086,https://www.redfin.com/FL/Kissimmee/115-Toluca-Dr-34743/for-sale/46524677,kissimmee,34743
1455 Eldra Dr,Kissimmee,FL,34744,335000,2,2.5,1288,,single_family,O6426494,https://www.redfin.com/FL/Kissimmee/1455-Eldra-Dr-34744/for-sale/46513746,kissimmee,34744
2430 Quail Run Blvd,Kissimmee,FL,34744,335000,3,2,1080,,single_family,V4948022,https://www.redfin.com/FL/Kissimmee/2430-Quail-Run-Blvd-N-34744/home/46536433,kissimmee,34744
1532 Nature Trl,Kissimmee,FL,34746,335000,3,2.5,2028,124,single_family,TB8529290,https://www.redfin.com/FL/Kissimmee/1532-Nature-Trl-34746/for-sale/53423931,kissimmee,34746
4642 Tribute Trl,Kissimmee,FL,34746,335000,3,2.5,1797,445,condo,O6426309,https://www.redfin.com/FL/Kissimmee/4642-Tribute-Trl-34746/for-sale/146976501,kissimmee,34746
2900 Title St,Kissimmee,FL,34746,335000,4,3.5,2067,454,single_family,O6415126,https://www.redfin.com/FL/Kissimmee/2900-Title-St-34746/home/162333110,kissimmee,34746
7602 Cabana Ct #101,Reunion,FL,34747,335000,3,3,1755,985,townhouse,O6428329,https://www.redfin.com/FL/Reunion/7602-Cabana-Ct-34747/unit-101/home/46499827,kissimmee,34747
7656 Whisper Way #402,Reunion,FL,34747,335000,3,3,1630,985,townhouse,S5151726,https://www.redfin.com/FL/Reunion/7656-Whisper-Way-34747/unit-402/home/46505411,kissimmee,34747
663 Mesilla Dr,Kissimmee,FL,34758,335000,3,2,1856,100,single_family,O6428313,https://www.redfin.com/FL/Kissimmee/663-Mesilla-Dr-34758/for-sale/46560087,kissimmee,34758
436 Bloomfield Dr,Kissimmee,FL,34758,335000,3,2,1825,100,single_family,S5144432,https://www.redfin.com/FL/Kissimmee/436-Bloomfield-Dr-34758/home/46558295,kissimmee,34758
2749 Pleasant Cypress Cir,Kissimmee,FL,34741,335995,3,2.5,1747,250,single_family,S5150146,https://www.redfin.com/FL/Kissimmee/2749-Pleasant-Cypress-Cir-34741/home/168025736,kissimmee,34741
947 Salerno Ct,Kissimmee,FL,34758,336990,4,2,1876,100,single_family,O6377307,https://www.redfin.com/FL/Kissimmee/947-Salerno-Ct-34758/home/162378440,kissimmee,34758
5027 Loggia Ln,Kissimmee,FL,34758,337500,4,2.5,1910,124,single_family,O6411282,https://www.redfin.com/FL/Kissimmee/5027-Loggia-Ln-34758/for-sale/199300914,kissimmee,34758
2311 Rock Dr,Kissimmee,FL,34759,337990,4,2,1828,81,single_family,O6429466,https://www.redfin.com/FL/Kissimmee/2311-Rock-Dr-34759/for-sale/203520055,kissimmee,34759
2317 Rock Dr,Kissimmee,FL,34759,337990,4,2,1828,81,single_family,O6429483,https://www.redfin.com/FL/Kissimmee/2317-Rock-Dr-34759/for-sale/203520346,kissimmee,34759
60 Andora Ct,Kissimmee,FL,34758,338000,5,2,1934,103,single_family,S5152128,https://www.redfin.com/FL/Kissimmee/60-Andora-Ct-34758/home/46561750,kissimmee,34758
1861 Chatham Place Dr,Orlando,FL,32824,339000,3,2.5,1814,310,condo,O6398435,https://www.redfin.com/FL/Orlando/1861-Chatham-Place-Dr-32824/home/46644711,kissimmee,32824
2405 Lincolnshire Ct,Kissimmee,FL,34743,339000,3,2,1424,28,single_family,R4910839,https://www.redfin.com/FL/Kissimmee/2405-Lincolnshire-Ct-34743/home/46547106,kissimmee,34743
1617 Mohegan Blvd,Kissimmee,FL,34744,339000,3,2.5,1896,140,condo,O6349369,https://www.redfin.com/FL/Kissimmee/1617-Mohegan-Blvd-34744/home/162374837,kissimmee,34744
2909 Theme St,Kissimmee,FL,34746,339000,3,2.5,1869,443,condo,O6428186,https://www.redfin.com/FL/Kissimmee/2909-Theme-St-34746/home/146976514,kissimmee,34746
611 Jura Ln,Kissimmee,FL,34759,339000,3,2,1444,100,single_family,A4696153,https://www.redfin.com/FL/Kissimmee/611-Jura-Ln-34759/home/46564645,kissimmee,34759
1103 Saint Tropez Ct,Kissimmee,FL,34759,339000,4,2,1623,90,single_family,S5150726,https://www.redfin.com/FL/Kissimmee/1103-Saint-Tropez-Ct-34759/home/162648385,kissimmee,34759
2920 Title St,Kissimmee,FL,34746,339500,4,3.5,1959,454,condo,O6415903,https://www.redfin.com/FL/Kissimmee/2920-Title-St-34746/home/162402618,kissimmee,34746
1610 Mohegan Blvd,Kissimmee,FL,34744,339900,3,2.5,2167,164,condo,O6408062,https://www.redfin.com/FL/Kissimmee/1610-Mohegan-Blvd-34744/home/55655033,kissimmee,34744
2210 Granger Ave,Kissimmee,FL,34746,339900,3,2,1869,80,single_family,O6413686,https://www.redfin.com/FL/Kissimmee/2210-Granger-Ave-34746/home/46480380,kissimmee,34746
4741 Clock Tower Dr #203,Kissimmee,FL,34746,339900,2,2,1196,925,townhouse,O6422815,https://www.redfin.com/FL/Kissimmee/4741-Clock-Tower-Dr-34746/unit-203/home/168017156,kissimmee,34746
4573 Ada Ln,Kissimmee,FL,34746,339900,4,3,1636,543,condo,O6408598,https://www.redfin.com/FL/Kissimmee/4573-Ada-Ln-34746/home/53422524,kissimmee,34746
7917 NW Spectrum Dr,Reunion,FL,34747,339900,3,2.5,1704,873,condo,O6422348,https://www.redfin.com/FL/Reunion/7917-Spectrum-Dr-34747/home/188676930,kissimmee,34747
2041 Lacie JO Ln,Kissimmee,FL,34743,340000,3,2.5,1807,225,condo,O6419582,https://www.redfin.com/FL/Kissimmee/2041-Lacie-Jo-Ln-34743/home/46487924,kissimmee,34743
1737 Kato Way,Kissimmee,FL,34744,340000,4,2.5,1935,168,condo,TB8492414,https://www.redfin.com/FL/Kissimmee/1737-Kato-Way-34744/home/162471413,kissimmee,34744
1686 Contentment Loop,Kissimmee,FL,34744,340000,3,2.5,1755,136,condo,S5136114,https://www.redfin.com/FL/Kissimmee/1686-Contentment-Loop-34744/home/184285378,kissimmee,34744
1779 Red Canyon Dr,Kindred,FL,34744,340000,3,2.5,1624,94,condo,S5142388,https://www.redfin.com/FL/Kindred/1779-Red-Canyon-Dr-34744/home/170050868,kissimmee,34744
7593 Gathering Dr #504,Reunion,FL,34747,340000,2,2,1430,1771,townhouse,O6426460,https://www.redfin.com/FL/Reunion/7593-Gathering-Dr-34747/unit-504/home/46506690,kissimmee,34747
5484 Isla Saona Dr,Kissimmee,FL,34758,340000,4,2,1813,124,single_family,O6428805,https://www.redfin.com/FL/Kissimmee/5484-Isla-Saona-DR-34758/for-sale/203471579,kissimmee,34758
4824 Ashurst St,Kissimmee,FL,34758,340000,4,2,1702,51,single_family,TB8524890,https://www.redfin.com/FL/Kissimmee/4824-Ashurst-St-34758/home/64033056,kissimmee,34758
4611 Cabalerro Trl,Kissimmee,FL,34758,340000,4,2,1545,136,single_family,S5132592,https://www.redfin.com/FL/Kissimmee/4611-Cabalerro-Trl-34758/home/46500040,kissimmee,34758
540 Bristol Cir,Kissimmee,FL,34758,340000,4,2,1811,90,single_family,S5136210,https://www.redfin.com/FL/Kissimmee/540-Bristol-Cir-34758/home/162475726,kissimmee,34758
1147 Normandy Dr,Kissimmee,FL,34759,340000,3,2,1485,100,single_family,O6413648,https://www.redfin.com/FL/Kissimmee/1147-Normandy-Dr-34759/home/46564496,kissimmee,34759
5015 Loggia Ln,Kissimmee,FL,34758,341500,4,2.5,1910,,single_family,0718D54FB603,https://www.redfin.com/FL/Kissimmee/5015-Loggia-Ln-34758/for-sale/199300916,kissimmee,34758
7602 Sandy Ridge Dr #102,Reunion,FL,34747,342500,3,3,1630,950,townhouse,O6423637,https://www.redfin.com/FL/Reunion/7602-Sandy-Ridge-Dr-34747/unit-102/home/46499844,kissimmee,34747
7921 Spectrum Dr,Reunion,FL,34747,342900,3,2.5,1680,873,condo,O6427668,https://www.redfin.com/FL/Reunion/7921-Spectrum-Dr-34747/home/188676929,kissimmee,34747
14352 Sun Bay Dr,Orlando,FL,32824,343000,3,2.5,1281,250,single_family,O6405726,https://www.redfin.com/FL/Orlando/14352-Sun-Bay-Dr-32824/home/46955076,kissimmee,32824
1004 Pinewood St,Kissimmee,FL,34744,343990,3,2.5,1489,86,condo,O6427026,https://www.redfin.com/FL/Kissimmee/1004-Pinewood-St-34744/home/203212379,kissimmee,34744
2320 Pebble Brook Rd,Kissimmee,FL,34741,344000,3,2.5,1393,44,single_family,O6341345,https://www.redfin.com/FL/Kissimmee/2320-Pebble-Brook-Rd-34741/home/46544417,kissimmee,34741
1845 Spring Shower Cir,Kissimmee,FL,34744,344400,2,2,1559,212,single_family,S5153795,https://www.redfin.com/FL/Kissimmee/1845-Spring-Shower-Cir-34744/for-sale/177664223,kissimmee,34744
2739 Sun Key Pl,Kissimmee,FL,34747,344900,4,3.5,1645,672,condo,O6423531,https://www.redfin.com/FL/Kissimmee/2739-Sun-Key-Pl-34747/home/46576448,kissimmee,34747
10837 Wyne Tree Ct,Orlando,FL,32824,345000,3,2.5,1359,235,condo,O6420491,https://www.redfin.com/FL/Orlando/10837-Wyne-Tree-Ct-32824/home/174042155,kissimmee,32824
2506 Tobin Ct,Orlando,FL,32837,345000,3,2,1399,79,condo,S5150552,https://www.redfin.com/FL/Orlando/2506-Tobin-Ct-32837/home/46798566,kissimmee,32837
2016 Valencia Cir,Kissimmee,FL,34741,345000,4,1.5,1476,,single_family,S5150824,https://www.redfin.com/FL/Kissimmee/2016-Valencia-Cir-34741/home/46550091,kissimmee,34741
1905 Hughey St,Kissimmee,FL,34741,345000,3,2,1294,,single_family,O6386088,https://www.redfin.com/FL/Kissimmee/1905-Hughey-St-34741/home/46566013,kissimmee,34741
405 Latonia St,Kissimmee,FL,34741,345000,3,2,1355,,single_family,O6380676,https://www.redfin.com/FL/Kissimmee/405-Latonia-St-34741/home/46566329,kissimmee,34741
1873 Spring Shower Cir,Kissimmee,FL,34744,345000,3,2,1559,211,single_family,S5133310,https://www.redfin.com/FL/Kissimmee/1873-Spring-Shower-Cir-34744/home/184284904,kissimmee,34744
2503 Hassonite St,Kissimmee,FL,34744,345000,3,2.5,2018,170,condo,S5137504,https://www.redfin.com/FL/Kissimmee/2503-Hassonite-St-34744/home/46494712,kissimmee,34744
3630 Northwoods Dr,Kissimmee,FL,34746,345000,3,2,2053,364,single_family,S5152245,https://www.redfin.com/FL/Kissimmee/3630-Northwoods-Dr-34746/home/46485446,kissimmee,34746
1988 Traverse Way,Kissimmee,FL,34746,345000,3,2,1432,150,single_family,O6419097,https://www.redfin.com/FL/Kissimmee/1988-Traverse-Way-34746/home/173818303,kissimmee,34746
4836 Tribute Trl,Kissimmee,FL,34746,345000,3,2.5,1797,886,condo,S5150827,https://www.redfin.com/FL/Kissimmee/4836-Tribute-Trl-34746/home/161062851,kissimmee,34746
1667 Key Bay Trl,Kissimmee,FL,34747,345000,2,2,1437,480,single_family,O6431972,https://www.redfin.com/FL/Kissimmee/1667-Key-Bay-Trl-34747/for-sale/177670736,kissimmee,34747
2821 E Almaton Loop #401,Kissimmee,FL,34747,345000,3,2,1246,755,townhouse,O6421478,https://www.redfin.com/FL/Kissimmee/2821-Almaton-Loop-34747/unit-401/home/46486348,kissimmee,34747
7593 Gathering Dr #511,Reunion,FL,34747,345000,2,2,1432,1741,townhouse,O6418044,https://www.redfin.com/FL/Reunion/7593-Gathering-Dr-34747/unit-511/home/46506688,kissimmee,34747
1983 Kimlyn Cir,Kissimmee,FL,34758,345000,3,2,1655,,single_family,O6418845,https://www.redfin.com/FL/Kissimmee/1983-Kimlyn-Cir-34758/home/46480007,kissimmee,34758
Goldfinch Plan,Kissimmee,FL,34758,346999,4,2,1813,,single_family,311AAB0F5D2B,https://www.redfin.com/FL/Kissimmee/Kissimmee/Goldfinch/home/201703211,kissimmee,34758
5203 Jasmine Trace Ln,Kissimmee,FL,34758,348950,3,2,1876,,single_family,O6403135,https://www.redfin.com/FL/Kissimmee/5203-Jasmine-Trace-Ln-34758/home/46540237,kissimmee,34758
2573 Folio Way,Kissimmee,FL,34741,349000,3,2.5,1603,404,condo,O6401958,https://www.redfin.com/FL/Kissimmee/2573-Folio-Way-34741/home/147928181,kissimmee,34741
104 Morelia Ln,Kissimmee,FL,34743,349000,4,2,1390,,single_family,O6431402,https://www.redfin.com/FL/Kissimmee/104-Morelia-Ln-34743/for-sale/46525306,kissimmee,34743
2346 Cordova Ct,Kissimmee,FL,34743,349000,3,2,1102,28,single_family,O6431242,https://www.redfin.com/FL/Kissimmee/2346-Cordova-Ct-34743/for-sale/46546816,kissimmee,34743
2240 Stonehedge Loop,Kissimmee,FL,34743,349000,3,2,1304,28,single_family,S5154703,https://www.redfin.com/FL/Kissimmee/2240-Stonehedge-Loop-34743/for-sale/46547892,kissimmee,34743
1320 Mill Creek Pl,Kissimmee,FL,34744,349000,3,2,1363,,single_family,O6419178,https://www.redfin.com/FL/Kissimmee/1320-Mill-Creek-Pl-34744/home/46540304,kissimmee,34744
4576 Sparkling Shell Ave,Kissimmee,FL,34746,349000,3,2.5,1699,321,condo,S5153228,https://www.redfin.com/FL/Kissimmee/4576-Sparkling-Shell-Ave-34746/home/177668302,kissimmee,34746
3120 Paradox Cir #205,Kissimmee,FL,34746,349000,2,2,1126,882,townhouse,O6410330,https://www.redfin.com/FL/Kissimmee/3120-Paradox-Cir-34746/unit-205/home/173810683,kissimmee,34746
4751 Clock Tower Dr #305,Kissimmee,FL,34746,349000,2,2,1126,925,townhouse,O6410323,https://www.redfin.com/FL/Kissimmee/4751-Clock-Tower-Dr-34746/unit-305/home/168017171,kissimmee,34746
823 Ognon Ct,Kissimmee,FL,34759,349000,5,2,2300,90,single_family,S5148867,https://www.redfin.com/FL/Kissimmee/823-Ognon-Ct-34759/home/46564250,kissimmee,34759
4581 Sparkling Shell Ave,Kissimmee,FL,34746,349375,3,2.5,1782,321,condo,S5153606,https://www.redfin.com/FL/Kissimmee/4581-Sparkling-Shell-Ave-34746/home/177668280,kissimmee,34746
2588 Sedge Grass Way,Orlando,FL,32824,349500,3,2.5,1627,199,condo,S5154023,https://www.redfin.com/FL/Orlando/2588-Sedge-Grass-Way-32824/for-sale/160593574,kissimmee,32824
4915 Tribute Trl,Kissimmee,FL,34746,349500,4,3.5,1959,273,condo,O6420473,https://www.redfin.com/FL/Kissimmee/4915-Tribute-Trl-34746/home/162662647,kissimmee,34746
124 Citrine Loop,Kissimmee,FL,34758,349500,4,2,1725,378,single_family,O6431673,https://www.redfin.com/FL/Kissimmee/124-Citrine-Loop-34758/for-sale/184274046,kissimmee,34758
2403 Sedge Grass Way,Orlando,FL,32824,349900,3,2.5,1571,207,condo,S5144991,https://www.redfin.com/FL/Orlando/2403-Sedge-Grass-Way-32824/home/160593541,kissimmee,32824
2945 Cello Ln,Kissimmee,FL,34741,349900,3,2.5,1690,419,condo,S5148559,https://www.redfin.com/FL/Kissimmee/2945-Cello-Ln-34741/home/144278854,kissimmee,34741
2912 Belle Ln,Kissimmee,FL,34743,349900,3,2,1502,37,single_family,S5152568,https://www.redfin.com/FL/Kissimmee/2912-Belle-Ln-34743/for-sale/46501403,kissimmee,34743
378 Buttonwood Dr,Kissimmee,FL,34743,349900,3,2,1486,,single_family,O6410901,https://www.redfin.com/FL/Kissimmee/378-Buttonwood-Dr-34743/home/46526477,kissimmee,34743
134 Coralwood Cir,Kissimmee,FL,34743,349900,3,2,1462,46,single_family,O6408676,https://www.redfin.com/FL/Kissimmee/134-Coralwood-Cir-34743/home/46527755,kissimmee,34743
2704 Kendall Ave,Kissimmee,FL,34744,349900,3,2,1156,,single_family,S5153613,https://www.redfin.com/FL/Kissimmee/2704-Kendall-Ave-34744/home/46535400,kissimmee,34744
2726 Summer Retreat Ln,Kissimmee,FL,34744,349900,2,2,1559,389,single_family,TB8528728,https://www.redfin.com/FL/Kissimmee/2726-Summer-Retreat-Ln-34744/home/184284869,kissimmee,34744
1563 Cross Prairie Pkwy,Kissimmee,FL,34744,349900,3,2.5,1802,10,single_family,S5147463,https://www.redfin.com/FL/Kissimmee/1563-Cross-Prairie-Pkwy-34744/home/184285424,kissimmee,34744
1167 Boardwalk Pl,Kissimmee,FL,34747,349900,3,2.5,1460,253,condo,O6425502,https://www.redfin.com/FL/Kissimmee/1167-Boardwalk-Pl-34747/for-sale/184276486,kissimmee,34747
3245 Tranquil Trl,Kissimmee,FL,34747,349900,3,3,1360,284,condo,O6424023,https://www.redfin.com/FL/Kissimmee/3245-Tranquil-Trl-34747/home/184285124,kissimmee,34747
626 Baldwin Dr,Kissimmee,FL,34758,349900,4,2,2236,90,single_family,S5154681,https://www.redfin.com/FL/Kissimmee/626-Baldwin-Dr-34758/for-sale/46558490,kissimmee,34758
2221 Paria Ln,Kissimmee,FL,34758,349900,4,2,1874,36,single_family,O6407028,https://www.redfin.com/FL/Kissimmee/2221-Paria-Ln-34758/home/46503066,kissimmee,34758
2260 Painter Ln,Kissimmee,FL,34741,349990,3,2.5,1838,369,condo,S5154838,https://www.redfin.com/FL/Kissimmee/2260-Painter-Ln-34741/home/101642165,kissimmee,34741
2251 Rita Ln,Kissimmee,FL,34744,349990,3,2.5,1489,86,condo,O6426958,https://www.redfin.com/FL/Kissimmee/2251-Rita-Ln-34744/home/203211099,kissimmee,34744
2249 Rita Ln,Kissimmee,FL,34744,349990,3,2.5,1489,86,condo,O6426942,https://www.redfin.com/FL/Kissimmee/2249-Rita-Ln-34744/home/203210772,kissimmee,34744
2245 Rita Ln,Kissimmee,FL,34744,349990,3,2.5,1489,86,condo,O6426914,https://www.redfin.com/FL/Kissimmee/2245-Rita-Ln-34744/home/203210380,kissimmee,34744
2247 Rita Ln,Kissimmee,FL,34744,349990,3,2.5,1489,86,condo,O6426931,https://www.redfin.com/FL/Kissimmee/2247-Rita-Ln-34744/home/203210486,kissimmee,34744
3578 Valleyview Dr,Kissimmee,FL,34746,349999,4,2,1923,364,single_family,S5151551,https://www.redfin.com/FL/Kissimmee/3578-Valleyview-Dr-34746/home/46489062,kissimmee,34746
3045 Beach Palm Ave,Kissimmee,FL,34747,349999,4,3,1902,760,condo,O6416702,https://www.redfin.com/FL/Kissimmee/3045-Beach-Palm-Ave-34747/home/53423993,kissimmee,34747
Saint Vincent Plan,Kissimmee,FL,34758,349999,3,2.5,1790,,single_family,68FE99EE67A0,https://www.redfin.com/FL/Kissimmee/Kissimmee/Saint-Vincent/home/201248134,kissimmee,34758
Aruba Plan,Kissimmee,FL,34758,349999,2,2,1768,,single_family,1584AF75EFF5,https://www.redfin.com/FL/Kissimmee/Kissimmee/Aruba/home/201248097,kissimmee,34758
931 Arizona Woods Ln,Orlando,FL,32824,350000,3,2,1456,,single_family,O6423517,https://www.redfin.com/FL/Orlando/931-Arizona-Woods-Ln-32824/for-sale/46850489,kissimmee,32824
9703 Red Clover Ave,Orlando,FL,32824,350000,3,2,1234,21,single_family,O6418829,https://www.redfin.com/FL/Orlando/9703-Red-Clover-Ave-32824/home/46724355,kissimmee,32824
3105 Aqua Virgo Loop,Orlando,FL,32837,350000,3,2.5,1731,386,townhouse,O6431347,https://www.redfin.com/FL/Orlando/3105-Aqua-Virgo-Loop-32837/home/200753730,kissimmee,32837
2958 Aqua Virgo Loop #52,Orlando,FL,32837,350000,3,2.5,1956,558,condo,O6413981,https://www.redfin.com/FL/Orlando/2958-Aqua-Virgo-Loop-32837/unit-52/home/46661171,kissimmee,32837
1524 Manor Dr,Kissimmee,FL,34741,350000,3,1,1025,,single_family,S5133076,https://www.redfin.com/FL/Kissimmee/1524-Manor-Dr-34741/home/46566432,kissimmee,34741
2967 Stillwater Dr,Kissimmee,FL,34743,350000,3,2,1565,26,single_family,O6424025,https://www.redfin.com/FL/Kissimmee/2967-Stillwater-Dr-34743/home/46520093,kissimmee,34743
Plaza Dr,Kissimmee,FL,34743,350000,,,,,8,S5154540,https://www.redfin.com/FL/KISSIMMEE/Plaza-Dr-34743/home/147069436,kissimmee,34743
Neptune Rd,Kissimmee,FL,34744,350000,,,,,8,S5125867,https://www.redfin.com/FL/Kissimmee/Neptune-Rd-34744/home/162468123,kissimmee,34744
3050 China Berry Ct,Kissimmee,FL,34746,350000,4,2,2013,25,single_family,O6432117,https://www.redfin.com/FL/Kissimmee/3050-China-Berry-Ct-34746/for-sale/46548007,kissimmee,34746
,Kissimmee,FL,34746,350000,3,2,1949,14,single_family,O6426400,https://www.redfin.com/FL/Kissimmee/Undisclosed-address-34746/for-sale/46482657,kissimmee,34746
8957 Cat Palm Rd,Kissimmee,FL,34747,350000,4,3,1902,730,condo,O6428364,https://www.redfin.com/FL/Kissimmee/8957-Cat-Palm-Rd-34747/for-sale/53422863,kissimmee,34747
3357 Tranquil Trl,Kissimmee,FL,34747,350000,3,3,1360,238,condo,O6430821,https://www.redfin.com/FL/Kissimmee/3357-Tranquil-Trl-34747/home/184285081,kissimmee,34747
8821 Parliament Ct,Kissimmee,FL,34747,350000,3,2,1301,,single_family,O6416468,https://www.redfin.com/FL/Kissimmee/8821-Parliament-Ct-34747/home/46518145,kissimmee,34747
2785 Almaton Loop #103,Kissimmee,FL,34747,350000,3,2,1246,754,townhouse,S5153635,https://www.redfin.com/FL/Kissimmee/2785-Almaton-Loop-34747/unit-103/home/46492691,kissimmee,34747
1122 Seaside Mist Trl,Kissimmee,FL,34747,350000,3,2.5,1704,250,condo,O6415418,https://www.redfin.com/FL/Kissimmee/1122-Seaside-Mist-Trl-34747/home/184276515,kissimmee,34747
3113 Yellow Lantana Ln,Kissimmee,FL,34747,350000,3,2.5,1295,580,condo,O6419385,https://www.redfin.com/FL/Kissimmee/3113-Yellow-Lantana-Ln-34747/home/46492459,kissimmee,34747
1006 Coyote Creek Way,Reunion,FL,34747,350000,,,,175,8,O6432242,https://www.redfin.com/FL/Reunion/1006-Coyote-Creek-Way-34747/home/54759851,kissimmee,34747
58 Cardona Dr,Kissimmee,FL,34758,350000,,,,,8,A11882233,https://www.redfin.com/FL/Kissimmee/58-Cordona-Dr-34758/home/194517447,kissimmee,34758
Morrow Plan,Kissimmee,FL,34758,350650,4,2.5,1910,,single_family,EEA53397C521,https://www.redfin.com/FL/Kissimmee/Kissimmee/Morrow/home/199043054,kissimmee,34758
Eagle Plan,Kissimmee,FL,34758,351999,4,2.5,2271,,single_family,E343FAA96906,https://www.redfin.com/FL/Kissimmee/Kissimmee/Eagle/home/201703199,kissimmee,34758
661 Elbridge Dr,Kissimmee,FL,34758,352000,4,3,2308,100,single_family,S5151239,https://www.redfin.com/FL/Kissimmee/661-Elbridge-Dr-34758/for-sale/46557805,kissimmee,34758
2670 Reagan Ln,Kissimmee,FL,34744,353000,3,2,1294,,single_family,O6385604,https://www.redfin.com/FL/Kissimmee/2670-Reagan-Ln-34744/home/46532616,kissimmee,34744
3589 Rock Creek Ln,Kissimmee,FL,34744,354000,3,2,1554,138,single_family,S5143035,https://www.redfin.com/FL/Kissimmee/3589-Rock-Creek-Ln-34744/home/170044417,kissimmee,34744
217 Woodbay Ct,Orlando,FL,32824,354900,3,2,1406,63,single_family,S5153965,https://www.redfin.com/FL/Orlando/217-Woodbay-Ct-32824/for-sale/46859224,kissimmee,32824
3189 Dasha Palm Dr,Kissimmee,FL,34744,354900,3,2,1630,136,single_family,O6420223,https://www.redfin.com/FL/Kissimmee/3189-Dasha-Palm-Dr-34744/for-sale/49773639,kissimmee,34744
4882 Ashurst St,Kissimmee,FL,34758,354900,4,2,1698,53,single_family,O6428919,https://www.redfin.com/FL/Kissimmee/4882-Ashurst-St-34758/for-sale/53423174,kissimmee,34758
1010 Pinewood St,Kissimmee,FL,34744,354990,3,2.5,1484,86,condo,O6414305,https://www.redfin.com/FL/Kissimmee/1010-Pinewood-St-34744/home/202383498,kissimmee,34744
3111 Paradox Cir #108,Kissimmee,FL,34746,354990,3,2,1329,883,townhouse,O6422807,https://www.redfin.com/FL/Kissimmee/3111-Paradox-Cir-34746/unit-108/home/170039386,kissimmee,34746
4619 Cabalerro Trl,Kissimmee,FL,34758,354990,3,2,1770,141,single_family,O6406501,https://www.redfin.com/FL/Kissimmee/4619-Cabalerro-Trl-34758/home/46500030,kissimmee,34758
2636 Sedge Grass Way,Orlando,FL,32824,355000,3,2.5,1720,207,condo,O6431982,https://www.redfin.com/FL/Orlando/2636-Sedge-Grass-Way-32824/for-sale/160593568,kissimmee,32824
3158 Rodrick Cir,Orlando,FL,32824,355000,2,2.5,1704,250,condo,L4959957,https://www.redfin.com/FL/Orlando/3158-Rodrick-Cir-32824/home/46671169,kissimmee,32824
907 Hacienda Cir,Kissimmee,FL,34741,355000,3,2,1822,76,single_family,O6421949,https://www.redfin.com/FL/Kissimmee/907-Hacienda-Cir-34741/home/46484574,kissimmee,34741
2101 Painter Ln,Kissimmee,FL,34741,355000,3,2.5,1820,356,condo,O6405386,https://www.redfin.com/FL/Kissimmee/2101-Painter-Ln-34741/home/109797813,kissimmee,34741
2864 Eastham Ln,Kissimmee,FL,34741,355000,3,2.5,1890,356,condo,S5132189,https://www.redfin.com/FL/Kissimmee/2864-Eastham-Ln-34741/home/64028064,kissimmee,34741
,Kissimmee,FL,34743,355000,3,2,1132,,single_family,O6410360,https://www.redfin.com/FL/Kissimmee/Undisclosed-address-34743/home/46524740,kissimmee,34743
1811 Baguette Ct,Kissimmee,FL,34743,355000,3,2,1684,,single_family,24399740,https://www.redfin.com/FL/Kissimmee/1811-Baguette-Ct-34743/home/46577167,kissimmee,34743
1001 La Mirada,Kissimmee,FL,34744,355000,4,3,1626,231,single_family,A11983563,https://www.redfin.com/FL/Kissimmee/1001-La-Mirada-Ct-34744/home/162492801,kissimmee,34744
1881 Spring Shower Cir,Kissimmee,FL,34744,355000,3,2,1559,219,single_family,S5140189,https://www.redfin.com/FL/Kissimmee/1881-Spring-Shower-Cir-34744/home/184284909,kissimmee,34744
2605 Play Hard Aly,Kissimmee,FL,34744,355000,3,2.5,1603,154,condo,S5143916,https://www.redfin.com/FL/Kissimmee/2605-Play-Hard-Aly-34744/home/168022132,kissimmee,34744
2581 Marshfield Preserve Way,Kissimmee,FL,34746,355000,3,2,2235,10,single_family,A4694287,https://www.redfin.com/FL/Kissimmee/2581-Marshfield-Preserve-Way-34746/home/54687391,kissimmee,34746
4815 Lake Sheppard St,Kissimmee,FL,34758,355000,4,2,2116,120,single_family,O6425230,https://www.redfin.com/FL/Kissimmee/4815-Lake-Sheppard-St-34758/for-sale/144249077,kissimmee,34758
2563 Aster Cove Ln,Kissimmee,FL,34758,355000,4,3,2084,87,single_family,S5147077,https://www.redfin.com/FL/Kissimmee/2563-Aster-Cove-Ln-34758/home/46542368,kissimmee,34758
2808 Polson Dr,Kissimmee,FL,34758,355990,3,2,1493,5,single_family,S5152613,https://www.redfin.com/FL/Kissimmee/2808-Polson-Dr-34758/home/53423109,kissimmee,34758
4811 Pliny Ct,Kissimmee,FL,34746,356000,3,2,1570,50,single_family,R4911702,https://www.redfin.com/FL/Kissimmee/4811-Pliny-Ct-34746/for-sale/46537833,kissimmee,34746
Marino Plan,Kissimmee,FL,34758,356999,3,3,2085,,single_family,E23A154390AD,https://www.redfin.com/FL/Kissimmee/Kissimmee/Marino/home/200436812,kissimmee,34758
1364 Centre Court Ridge Dr #101,Reunion,FL,34747,358000,3,3,1686,,townhouse,O6420774,https://www.redfin.com/FL/Reunion/1364-Centre-Court-Ridge-Dr-34747/unit-101/home/46506175,kissimmee,34747
1854 Superior Ct,Kissimmee,FL,34759,358500,4,3,1710,90,single_family,O6425828,https://www.redfin.com/FL/Kissimmee/1854-Superior-Ct-34759/for-sale/204192543,kissimmee,34759
721 Mabbette St,Kissimmee,FL,34741,358990,3,2,1027,,single_family,S5141765,https://www.redfin.com/FL/Kissimmee/721-Mabbette-St-34741/home/46552087,kissimmee,34741
12123 Agana St,Orlando,FL,32837,359000,3,2,1422,,single_family,O6426813,https://www.redfin.com/FL/Orlando/12123-Agana-St-32837/for-sale/46827667,kissimmee,32837
1854 Katz Crossing Dr,Kindred,FL,34744,359000,3,2.5,1870,102,condo,S5155048,https://www.redfin.com/FL/Kindred/1854-Katz-Crossing-Dr-34744/home/168042981,kissimmee,34744
1608 Mohegan Blvd,Kissimmee,FL,34744,359000,3,2.5,2016,160,condo,O6431298,https://www.redfin.com/FL/Kissimmee/1608-Mohegan-Blvd-34744/home/55662247,kissimmee,34744
1240 Windway Cir,Kissimmee,FL,34744,359000,3,2,1173,30,single_family,S5154398,https://www.redfin.com/FL/Kissimmee/1240-Windway-Cir-34744/for-sale/46541981,kissimmee,34744
3829 Springlake Village Ct,Kissimmee,FL,34744,359000,3,2,1661,136,single_family,O6425717,https://www.redfin.com/FL/Kissimmee/3829-Springlake-Village-Ct-34744/for-sale/46514391,kissimmee,34744
1211 Lehigh St,Kissimmee,FL,34744,359000,3,2,1685,,single_family,S5147242,https://www.redfin.com/FL/Kissimmee/1211-Lehigh-St-34744/home/46541515,kissimmee,34744
2345 Southbury,Kissimmee,FL,34744,359000,3,2.5,1553,126,condo,S5151680,https://www.redfin.com/FL/Kissimmee/2345-Southbury-Dr-34744/home/193907414,kissimmee,34744
397 Citrine Loop,Kissimmee,FL,34758,359000,4,2.5,2168,154,single_family,S5146123,https://www.redfin.com/FL/Kissimmee/397-Citrine-Loop-34758/home/177668170,kissimmee,34758
2155 Southbury Dr,Kissimmee,FL,34744,359490,4,2.5,1770,126,condo,O6419423,https://www.redfin.com/FL/Kissimmee/2155-Southbury-Dr-34744/home/199298976,kissimmee,34744
948 Hacienda Cir,Kissimmee,FL,34741,359500,4,2,1720,76,single_family,S5146282,https://www.redfin.com/FL/Kissimmee/948-Hacienda-Cir-34741/home/46484304,kissimmee,34741
1743 Portofino Meadows Blvd,Orlando,FL,32824,359900,3,2.5,1671,175,condo,S5153450,https://www.redfin.com/FL/Orlando/1743-Portofino-Meadows-Blvd-32824/home/46661770,kissimmee,32824
1264 Timberbend Cir,Orlando,FL,32824,359900,3,2,1368,97,single_family,O6395905,https://www.redfin.com/FL/Orlando/1264-Timberbend-Cir-32824/home/46935585,kissimmee,32824
2925 Aqua Virgo Loop #25,Orlando,FL,32837,359900,3,2.5,1767,558,condo,R4911503,https://www.redfin.com/FL/Orlando/2925-Aqua-Virgo-Loop-32837/unit-25/home/46661191,kissimmee,32837
2759 Pleasant Cypress Cir,Kissimmee,FL,34741,359900,3,2.5,1771,242,condo,O6420541,https://www.redfin.com/FL/Kissimmee/2759-Pleasant-Cypress-Cir-34741/home/168025730,kissimmee,34741
2109 Broome St,Kissimmee,FL,34743,359900,3,2.5,1452,255,condo,S5146619,https://www.redfin.com/FL/Kissimmee/2109-Broome-St-34743/home/168032558,kissimmee,34743
2542 Camphorwood Cir,Kissimmee,FL,34744,359900,3,2,1406,,single_family,S5136753,https://www.redfin.com/FL/Kissimmee/2542-Camphorwood-Cir-34744/home/46535001,kissimmee,34744
2931 Sentence St,Kissimmee,FL,34746,359900,3,2.5,1859,454,condo,O6428205,https://www.redfin.com/FL/Kissimmee/2931-Sentence-St-34746/home/162609434,kissimmee,34746
4502 Philadelphia Cir,Kissimmee,FL,34746,359900,4,2,1950,38,single_family,O6423270,https://www.redfin.com/FL/Kissimmee/4502-Philadelphia-Cir-34746/home/46478359,kissimmee,34746
1512 Oak Hill Trl,Kissimmee,FL,34747,359900,3,2,1262,6,single_family,O6429580,https://www.redfin.com/FL/Kissimmee/1512-Oak-Hill-Trl-34747/for-sale/46540704,kissimmee,34747
2312 Brook Marsh Loop,Kissimmee,FL,34747,359900,3,2.5,1780,280,condo,O6423525,https://www.redfin.com/FL/Kissimmee/2312-Brook-Marsh-Loop-34747/home/184275156,kissimmee,34747
135 Veracruz Ave,Kissimmee,FL,34743,359950,3,2,1132,,single_family,S5154734,https://www.redfin.com/FL/Kissimmee/135-Veracruz-Ave-34743/for-sale/46524225,kissimmee,34743
2822 Moultrie Creek Dr,Kissimmee,FL,34743,359990,3,2,1450,30,single_family,O6387450,https://www.redfin.com/FL/Kissimmee/2822-Moultrie-Creek-Dr-34743/home/46579586,kissimmee,34743
1765 Brockridge Rd,Kindred,FL,34744,359990,3,2,1690,10,single_family,S5134833,https://www.redfin.com/FL/Kindred/1765-Brockridge-Rd-34744/home/145590951,kissimmee,34744
1982 Locust Berry Dr,Kissimmee,FL,34743,359999,4,2,1972,28,single_family,S5150591,https://www.redfin.com/FL/Kissimmee/1982-Locust-Berry-Dr-34743/home/46575546,kissimmee,34743
949 Whispering Cypress Ln,Orlando,FL,32824,360000,3,2,1718,83,single_family,O6404431,https://www.redfin.com/FL/Orlando/949-Whispering-Cypress-Ln-32824/home/46954235,kissimmee,32824
2617 Giardino Loop,Kissimmee,FL,34741,360000,3,2.5,1603,145,condo,S5143495,https://www.redfin.com/FL/Kissimmee/2617-Giardino-Loop-34741/home/162345623,kissimmee,34741
119 Southampton Dr,Kissimmee,FL,34744,360000,3,2,1816,13,single_family,S5154043,https://www.redfin.com/FL/Kissimmee/119-Southampton-Dr-34744/for-sale/46480519,kissimmee,34744
1135 Cherokee Dr,Kissimmee,FL,34744,360000,3,2,1358,,single_family,S5152754,https://www.redfin.com/FL/Kissimmee/1135-Cherokee-Dr-34744/home/46541731,kissimmee,34744
3837 Springlake Village Ct,Kissimmee,FL,34744,360000,3,2,1766,106,single_family,S5149674,https://www.redfin.com/FL/Kissimmee/3837-Springlake-Village-Ct-34744/home/46514379,kissimmee,34744
2910 Vienna Ln,Kissimmee,FL,34744,360000,3,2,1475,,single_family,O6384632,https://www.redfin.com/FL/Kissimmee/2910-Vienna-Ln-34744/home/46534704,kissimmee,34744
,Kissimmee,FL,34744,360000,3,2,1412,,single_family,S5143372,https://www.redfin.com/FL/Kissimmee/Undisclosed-address-34744/home/46552770,kissimmee,34744
3191 Paradox Cir #208,Kissimmee,FL,34746,360000,3,2.5,1329,859,townhouse,S5154802,https://www.redfin.com/FL/Kissimmee/3191-Paradox-Cir-34746/unit-208/home/184282665,kissimmee,34746
2160 Preston Ln,Kissimmee,FL,34746,360000,4,2,1677,100,single_family,O6420516,https://www.redfin.com/FL/Kissimmee/2160-Preston-Ln-34746/home/146249806,kissimmee,34746
3111 Paradox Cir #208,Kissimmee,FL,34746,360000,3,2,1329,878,townhouse,S5152537,https://www.redfin.com/FL/Kissimmee/3111-Paradox-Cir-34746/unit-208/home/170039394,kissimmee,34746
984 Derbyshire Dr,Kissimmee,FL,34758,360000,4,2.5,2215,90,single_family,O6426322,https://www.redfin.com/FL/Kissimmee/984-Derbyshire-Dr-34758/for-sale/46557006,kissimmee,34758
4773 Yellow Elder Way,Kissimmee,FL,34758,360000,4,2,1848,125,single_family,O6403468,https://www.redfin.com/FL/Kissimmee/4773-Yellow-Elder-Way-34758/home/193908941,kissimmee,34758
5436 Isla Saona Dr,Kissimmee,FL,34758,361484,5,3,2287,124,single_family,O6421464,https://www.redfin.com/FL/Kissimmee/5436-Isla-Saona-DR-34758/home/202477498,kissimmee,34758
1847 Red Canyon Dr,Kindred,FL,34744,361900,4,2.5,1870,89,condo,S5152900,https://www.redfin.com/FL/Kindred/1847-Red-Canyon-Dr-34744/home/166645733,kissimmee,34744
2243 Rita Ln,Kissimmee,FL,34744,361990,3,2.5,1489,86,condo,O6426895,https://www.redfin.com/FL/Kissimmee/2243-Rita-Ln-34744/home/203210102,kissimmee,34744
2253 Rita Ln,Kissimmee,FL,34744,361990,3,2.5,1489,86,condo,O6426585,https://www.redfin.com/FL/Kissimmee/2253-Rita-Ln-34744/home/203193386,kissimmee,34744
1359 Isleta Loop,Kissimmee,FL,34741,361998,3,2.5,1676,125,condo,O6360951,https://www.redfin.com/FL/Kissimmee/1359-Isleta-Loop-34741/home/187326457,kissimmee,34741
Falcon Plan,Kissimmee,FL,34758,361999,5,3.5,2471,,single_family,960EE24564AB,https://www.redfin.com/FL/Kissimmee/Kissimmee/Falcon/home/201703186,kissimmee,34758
5449 Isla Saona Dr,Kissimmee,FL,34758,362794,5,3,2287,124,single_family,O6421445,https://www.redfin.com/FL/Kissimmee/5449-Isla-Saona-DR-34758/home/202477490,kissimmee,34758
9009 Pinales Way,Kissimmee,FL,34747,362900,3,2,1672,125,single_family,S5154937,https://www.redfin.com/FL/Kissimmee/9009-Pinales-Way-34747/for-sale/170046861,kissimmee,34747
392 Citrine Loop,Kissimmee,FL,34758,362900,4,3,2091,120,single_family,S5148295,https://www.redfin.com/FL/Kissimmee/392-Citrine-Loop-34758/home/177668164,kissimmee,34758
Hummingbird Plan,Kissimmee,FL,34758,362999,4,3,2075,,single_family,91175E5193B4,https://www.redfin.com/FL/Kissimmee/Kissimmee/Hummingbird/home/201703215,kissimmee,34758
1724 Ranger Highlands Rd,Kindred,FL,34744,363000,4,2,1910,10,single_family,TB8408985,https://www.redfin.com/FL/Kindred/1724-Ranger-Highlands-Rd-34744/home/168042895,kissimmee,34744
1150 Indian Ridge Trl E,Kissimmee,FL,34747,363000,3,2,1636,5,single_family,O6428609,https://www.redfin.com/FL/Kissimmee/1150-Indian-Ridge-Trl-E-34747/for-sale/46553076,kissimmee,34747
2016 Locust Berry Dr,Kissimmee,FL,34743,364000,3,2,1501,28,single_family,O6422856,https://www.redfin.com/FL/Kissimmee/2016-Locust-Berry-Dr-34743/home/46547652,kissimmee,34743
1631 Bitteroot St,Kindred,FL,34744,364900,3,2.5,1814,130,condo,O6432166,https://www.redfin.com/FL/Kindred/1631-Bitteroot-St-34744/home/188668074,kissimmee,34744
2679 Corvette Ln,Kissimmee,FL,34746,364900,3,2.5,1474,626,condo,S5154623,https://www.redfin.com/FL/Kissimmee/2679-Corvette-Ln-34746/home/103843931,kissimmee,34746
2981 Marshfield Preserve Way,Kissimmee,FL,34746,364900,5,3,3112,11,single_family,O6410372,https://www.redfin.com/FL/Kissimmee/2981-Marshfield-Preserve-Way-34746/home/46499915,kissimmee,34746
3200 Casa Del Rey Ave,Kissimmee,FL,34746,364900,4,2,1701,65,single_family,O6416502,https://www.redfin.com/FL/Kissimmee/3200-Casa-del-Rey-Ave-34746/home/170048577,kissimmee,34746
8752 Good Vibes Pl,Kissimmee,FL,34747,364900,3,3,1372,198,condo,A4701504,https://www.redfin.com/FL/Kissimmee/8752-Good-Vibes-Pl-34747/for-sale/188672985,kissimmee,34747
4808 Rockvale Dr,Kissimmee,FL,34758,364900,4,2,1972,67,single_family,S5151603,https://www.redfin.com/FL/Kissimmee/4808-Rockvale-Dr-34758/home/109274690,kissimmee,34758
2026 Crape Jasmine Ln,Orlando,FL,32824,365000,3,2.5,1489,230,condo,S5147919,https://www.redfin.com/FL/Orlando/2026-Crape-Jasmine-Ln-32824/home/188918519,kissimmee,32824
3130 Koval Ct,Orlando,FL,32837,365000,3,2,1252,265,single_family,O6419616,https://www.redfin.com/FL/Orlando/3130-Koval-Ct-32837/for-sale/46798403,kissimmee,32837
2324 Haley Ct,Kissimmee,FL,34741,365000,3,2,1853,,single_family,O6414105,https://www.redfin.com/FL/Kissimmee/2324-Haley-Ct-34741/home/46542941,kissimmee,34741
3222 Brewster Dr,Kissimmee,FL,34743,365000,3,2,1392,35,single_family,S5155058,https://www.redfin.com/FL/Kissimmee/3222-Brewster-Dr-34743/for-sale/46518961,kissimmee,34743
105 Cattail Ct,Kissimmee,FL,34743,365000,3,2,1395,46,single_family,FC308382,https://www.redfin.com/FL/Kissimmee/105-Cattail-Ct-34743/home/46528585,kissimmee,34743
2563 Relaxing Ln,Kissimmee,FL,34744,365000,3,2.5,1755,147,condo,O6415454,https://www.redfin.com/FL/Kissimmee/2563-Relaxing-Ln-34744/home/184285301,kissimmee,34744
1910 Goblet Cove St,Kissimmee,FL,34746,365000,3,2,1768,364,single_family,S5154724,https://www.redfin.com/FL/Kissimmee/1910-Goblet-Cove-St-34746/for-sale/180188381,kissimmee,34746
121 S Roma Way,Kissimmee,FL,34746,365000,4,2,1740,5,single_family,R4911375,https://www.redfin.com/FL/Kissimmee/121-S-Roma-Way-34746/for-sale/46575085,kissimmee,34746
3129 Tocoa Cir,Kissimmee,FL,34746,365000,4,3.5,1782,271,condo,O6415821,https://www.redfin.com/FL/Kissimmee/3129-Tocoa-Cir-34746/home/60188655,kissimmee,34746
6 Alicante Ct,Kissimmee,FL,34758,365000,4,3,2844,81,single_family,O6382339,https://www.redfin.com/FL/Kissimmee/6-Alicante-Ct-34758/home/46561903,kissimmee,34758
5222 Worchester Dr,Kissimmee,FL,34746,365990,3,2,1555,88,single_family,O6427223,https://www.redfin.com/FL/Kissimmee/5222-Worchester-Dr-34746/for-sale/193910978,kissimmee,34746
236 Aquamarine Ln,Kissimmee,FL,34758,366000,4,2,1845,175,single_family,O6371295,https://www.redfin.com/FL/Kissimmee/236-Aquamarine-Ln-34758/home/177668117,kissimmee,34758
5473 Isla Saona Dr,Kissimmee,FL,34758,366619,4,3,2308,124,single_family,O6421328,https://www.redfin.com/FL/Kissimmee/5473-Isla-Saona-34758/home/202480152,kissimmee,34758
5473 Isla Saona Dr,Kissimmee,FL,34758,366619,4,3,2308,,single_family,2C1A0D919546,https://www.redfin.com/FL/Kissimmee/5473-Isla-Saona-DR-34758/home/202477495,kissimmee,34758
2806 Plymouth Pl,Kissimmee,FL,34741,367000,3,2.5,1838,356,condo,S5154304,https://www.redfin.com/FL/Kissimmee/2806-Plymouth-Pl-34741/home/144244419,kissimmee,34741
1602 Tail Feather Dr,Kissimmee,FL,34746,367000,3,2.5,2005,194,single_family,S5154034,https://www.redfin.com/FL/Kissimmee/1602-Tail-Feather-Dr-34746/for-sale/46580873,kissimmee,34746
2962 Rodrick Cir,Orlando,FL,32824,368000,3,2.5,1829,275,condo,S5155000,https://www.redfin.com/FL/Orlando/2962-Rodrick-Cir-32824/for-sale/46671242,kissimmee,32824
803 Mountbatten Ln,Kissimmee,FL,34758,368000,4,2.5,2144,100,single_family,G5113568,https://www.redfin.com/FL/Kissimmee/803-Mountbatten-Ln-34758/home/46560275,kissimmee,34758
3045 Yellow Lantana Ln,Kissimmee,FL,34747,368950,4,3,1340,594,condo,O6421781,https://www.redfin.com/FL/Kissimmee/3045-Yellow-Lantana-Ln-34747/home/46492389,kissimmee,34747
2037 Crape Jasmine Ln,Orlando,FL,32824,368990,3,2.5,1591,260,condo,S5144335,https://www.redfin.com/FL/Orlando/2037-Crape-Jasmine-Ln-32824/home/185541180,kissimmee,32824
15613 Willow Arbor Cir,Orlando,FL,32824,369000,3,2.5,1596,344,condo,O6427475,https://www.redfin.com/FL/Orlando/15613-Willow-Arbor-Cir-32824/home/160593064,kissimmee,32824
12418 Bowes Branch Rd,Orlando,FL,32824,369000,3,2.5,1530,172,condo,S5138352,https://www.redfin.com/FL/Orlando/12418-Bowes-Branch-Rd-32824/home/174042513,kissimmee,32824
7604 Stone Creek Trl,Kissimmee,FL,34747,369000,3,2.5,1793,110,condo,TB8530592,https://www.redfin.com/FL/Kissimmee/7604-Stone-Creek-Trl-34747/home/184275102,kissimmee,34747
5782 LE Marin Way,Kissimmee,FL,34758,369000,3,2,1451,125,single_family,O6426701,https://www.redfin.com/FL/Kissimmee/5782-Le-Marin-Way-34758/for-sale/193737342,kissimmee,34758
14208 Avonlea Ct,Orlando,FL,32824,369900,3,2,1548,35,single_family,O6415666,https://www.redfin.com/FL/Orlando/14208-Avonlea-Ct-32824/home/46936103,kissimmee,32824
2790 Muscatello St,Orlando,FL,32837,369900,3,2,1514,,single_family,O6429655,https://www.redfin.com/FL/Orlando/2790-Muscatello-St-32837/for-sale/46828571,kissimmee,32837
309 Citrine Loop,Kissimmee,FL,34758,369900,4,3,2091,85,single_family,O6425773,https://www.redfin.com/FL/Kissimmee/309-Citrine-Loop-34758/for-sale/177668196,kissimmee,34758
1186 Sandestin Way,Orlando,FL,32824,369990,4,2.5,1440,250,single_family,O6396110,https://www.redfin.com/FL/Orlando/1186-Sandestin-Way-32824/home/46955112,kissimmee,32824
1692 Tohoqua Blvd,Kissimmee,FL,34744,369990,3,2.5,1780,136,condo,O6408176,https://www.redfin.com/FL/Kissimmee/1692-Tohoqua-Blvd-34744/home/184284700,kissimmee,34744
3535 Beau Chene Dr,Kissimmee,FL,34746,369999,4,2,2184,113,single_family,O6410541,https://www.redfin.com/FL/Kissimmee/3535-Beau-Chene-Dr-34746/home/46571716,kissimmee,34746
2163 Crystal Bell St,Orlando,FL,32824,370000,3,2.5,1550,233,condo,S5154387,https://www.redfin.com/FL/Orlando/2163-Crystal-Bell-St-32824/home/174042139,kissimmee,32824
1413 Portofino Meadows Blvd,Orlando,FL,32824,370000,3,2.5,2024,200,condo,O6417267,https://www.redfin.com/FL/Orlando/1413-Portofino-Meadows-Blvd-32824/home/46661361,kissimmee,32824
2424 Pewter Ct,Orlando,FL,32837,370000,3,2,1465,133,single_family,O6430176,https://www.redfin.com/FL/Orlando/2424-Pewter-Ct-32837/for-sale/46913759,kissimmee,32837
11547 Grazeley Ct,Orlando,FL,32837,370000,3,2,1642,38,single_family,O6377331,https://www.redfin.com/FL/Orlando/11547-Grazeley-Ct-32837/for-sale/46790295,kissimmee,32837
11532 Benbow Ct,Orlando,FL,32837,370000,3,2,1367,27,single_family,C7527232,https://www.redfin.com/FL/Orlando/11532-Benbow-Ct-32837/home/46797948,kissimmee,32837
3173 Aqua Virgo Loop #18,Orlando,FL,32837,370000,3,2.5,1899,491,condo,O6402725,https://www.redfin.com/FL/Orlando/3173-Aqua-Virgo-Loop-32837/unit-18/home/46661136,kissimmee,32837
2821 Plymouth Pl,Kissimmee,FL,34741,370000,3,2.5,1838,356,single_family,O6427779,https://www.redfin.com/FL/Kissimmee/2821-Plymouth-Pl-34741/for-sale/102153004,kissimmee,34741
2728 Emerson Ln,Kissimmee,FL,34743,370000,3,2.5,1598,30,single_family,S5154427,https://www.redfin.com/FL/Kissimmee/2728-Emerson-Ln-34743/for-sale/46519049,kissimmee,34743
2408 Shelby Cir,Kissimmee,FL,34743,370000,3,2,1274,28,single_family,O6423694,https://www.redfin.com/FL/Kissimmee/2408-Shelby-Cir-34743/home/46547951,kissimmee,34743
1804 Baguette Ct,Kissimmee,FL,34743,370000,3,2,1437,29,single_family,S5147972,https://www.redfin.com/FL/Kissimmee/1804-Baguette-Ct-34743/home/46575976,kissimmee,34743
2540 Blowing Breeze Ave,Kissimmee,FL,34744,370000,3,2.5,1700,154,condo,S5141277,https://www.redfin.com/FL/Kissimmee/2540-Blowing-Breeze-Ave-34744/home/170042763,kissimmee,34744
5149 Adelaide Dr,Kissimmee,FL,34746,370000,4,3.5,1637,175,condo,O6397314,https://www.redfin.com/FL/Kissimmee/5149-Adelaide-Dr-34746/home/144708771,kissimmee,34746
2750 Corbel Loop,Kissimmee,FL,34746,370000,4,2,1948,75,single_family,O6405493,https://www.redfin.com/FL/Kissimmee/2750-Corbel-Loop-34746/home/53423634,kissimmee,34746
0 N Poinciana Blvd,Kissimmee,FL,34746,370000,,,,,8,S5151896,https://www.redfin.com/FL/Kissimmee/N-Poinciana-Blvd-34746/home/162619212,kissimmee,34746
3389 Tranquil Trl,Kissimmee,FL,34747,370000,3,3,1361,282,condo,O6429175,https://www.redfin.com/FL/Kissimmee/3389-Tranquil-Trl-34747/home/184285093,kissimmee,34747
292 Beckenham Dr,Kissimmee,FL,34758,370000,4,3,2571,8,single_family,TB8521478,https://www.redfin.com/FL/Kissimmee/292-Beckenham-Dr-34758/home/46558533,kissimmee,34758
2546 Sage Dr,Kissimmee,FL,34758,370000,3,2,1434,,single_family,S5144380,https://www.redfin.com/FL/Kissimmee/2546-Sage-Dr-34758/home/46540729,kissimmee,34758
Kingfisher Plan,Kissimmee,FL,34758,371999,5,3,2287,,single_family,5F606CBF3ACE,https://www.redfin.com/FL/Kissimmee/Kissimmee/Kingfisher/home/201703191,kissimmee,34758
4069 Marina Isle Dr,Kissimmee,FL,34746,373000,4,2,2184,74,single_family,O6424753,https://www.redfin.com/FL/Kissimmee/4069-Marina-Isle-Dr-34746/for-sale/64040239,kissimmee,34746
Cardinal Plan,Kissimmee,FL,34758,373999,4,3,2308,,single_family,39943DE9755D,https://www.redfin.com/FL/Kissimmee/Kissimmee/Cardinal/home/201703218,kissimmee,34758
Saint Thomas Plan,Kissimmee,FL,34758,373999,3,2,2055,,single_family,54B72881CBBA,https://www.redfin.com/FL/Kissimmee/Kissimmee/Saint-Thomas/home/201248111,kissimmee,34758
198 N Lake Ct,Kissimmee,FL,34743,374900,3,2.5,1706,,single_family,S5144435,https://www.redfin.com/FL/Kissimmee/198-North-Lake-Ct-34743/home/46527149,kissimmee,34743
2349 Jernigan Loop,Kissimmee,FL,34746,374900,3,2,2006,105,single_family,O6416499,https://www.redfin.com/FL/Kissimmee/2349-Jernigan-Loop-34746/home/162669172,kissimmee,34746
1762 Brockridge Rd,Kindred,FL,34744,374990,3,2,1676,10,single_family,S5153601,https://www.redfin.com/FL/Kindred/1762-Brockridge-Rd-34744/home/168042838,kissimmee,34744
4592 Big Island Dr,Kissimmee,FL,34746,374990,4,2,1973,98,single_family,S5150523,https://www.redfin.com/FL/Kissimmee/4592-Big-Island-Dr-34746/home/170048934,kissimmee,34746
665 Regency Way,Kissimmee,FL,34758,374990,6,3,2417,100,single_family,O6415683,https://www.redfin.com/FL/Kissimmee/665-Regency-Way-34758/home/46563146,kissimmee,34758
5638 Loggia Ln,Kissimmee,FL,34758,374990,4,2,1940,124,single_family,O6414210,https://www.redfin.com/FL/Kissimmee/5638-Loggia-Ln-34758/home/192481148,kissimmee,34758
7 Bolton Ct,Kissimmee,FL,34758,374999,4,2.5,2144,90,single_family,S5150473,https://www.redfin.com/FL/Kissimmee/7-Bolton-Ct-34758/home/46558083,kissimmee,34758
3743 Plainview Dr,Orlando,FL,32824,375000,3,2.5,1778,393,condo,O6431453,https://www.redfin.com/FL/Orlando/3743-Plainview-Dr-32824/home/171099588,kissimmee,32824
1304 Timberbend Cir,Orlando,FL,32824,375000,4,2.5,2081,100,single_family,O6425548,https://www.redfin.com/FL/Orlando/1304-Timberbend-Cir-32824/for-sale/46935587,kissimmee,32824
13534 Texas Woods Cir,Orlando,FL,32824,375000,3,2,1335,,single_family,S5151624,https://www.redfin.com/FL/Orlando/13534-Texas-Woods-Cir-32824/for-sale/46892897,kissimmee,32824
1940 Portofino Meadows Blvd,Orlando,FL,32824,375000,4,2.5,1968,175,condo,O6419006,https://www.redfin.com/FL/Orlando/1940-Portofino-Meadows-Blvd-32824/home/46661716,kissimmee,32824
15493 Willow Arbor Cir,Orlando,FL,32824,375000,3,2.5,2291,403,condo,O6334902,https://www.redfin.com/FL/Orlando/15493-Willow-Arbor-Cir-32824/home/160377784,kissimmee,32824
2569 Folio Way,Kissimmee,FL,34741,375000,3,2.5,1690,417,condo,O6430480,https://www.redfin.com/FL/Kissimmee/2569-Folio-Way-34741/home/147928179,kissimmee,34741
1503 Isleta Loop,Kissimmee,FL,34741,375000,3,2.5,1758,129,condo,S5152119,https://www.redfin.com/FL/Kissimmee/1503-Isleta-Loop-34741/home/188678641,kissimmee,34741
2455 Parsons Pond Cir,Kissimmee,FL,34743,375000,3,2,1292,25,single_family,S5154735,https://www.redfin.com/FL/Kissimmee/2455-Parsons-Pond-Cir-34743/for-sale/46547245,kissimmee,34743
107 Iguala Dr,Kissimmee,FL,34743,375000,4,2,1842,,single_family,S5145868,https://www.redfin.com/FL/Kissimmee/107-Iguala-Dr-34743/home/46525089,kissimmee,34743
1823 Summer Serenity Dr,Kissimmee,FL,34744,375000,3,2.5,1900,25,single_family,O6400356,https://www.redfin.com/FL/Kissimmee/1823-Summer-Serenity-Dr-34744/home/177664097,kissimmee,34744
4450 Small Creek Rd,Kissimmee,FL,34744,375000,3,2.5,1534,229,condo,S5134233,https://www.redfin.com/FL/Kissimmee/4450-Small-Creek-Rd-34744/home/183003037,kissimmee,34744
1528 Erin Breeze Ln,Kissimmee,FL,34744,375000,3,2.5,1509,280,condo,S5147056,https://www.redfin.com/FL/Kissimmee/1528-Erin-Breeze-Ln-34744/home/188678989,kissimmee,34744
4089 Navigator Way,Kissimmee,FL,34746,375000,4,2.5,2123,325,single_family,O6430859,https://www.redfin.com/FL/Kissimmee/4089-Navigator-Way-34746/for-sale/46494865,kissimmee,34746
4208 Lugano Ct,Kissimmee,FL,34746,375000,4,2.5,2388,12,single_family,O6427986,https://www.redfin.com/FL/Kissimmee/4208-Lugano-Ct-34746/for-sale/46574070,kissimmee,34746
456 Waterford Way,Kissimmee,FL,34746,375000,4,3,2470,125,single_family,O6422070,https://www.redfin.com/FL/Kissimmee/456-Waterford-Way-34746/home/46548702,kissimmee,34746
1722 Evergreen St,Kissimmee,FL,34746,375000,5,3,2108,,single_family,O6426368,https://www.redfin.com/FL/Kissimmee/1722-Evergreen-St-34746/home/54594809,kissimmee,34746
3121 Paradox Cir #301,Kissimmee,FL,34746,375000,3,2,1329,869,townhouse,O6403226,https://www.redfin.com/FL/Kissimmee/3121-Paradox-Cir-34746/unit-301/home/173810716,kissimmee,34746
1255 Wispy Cypress Dr,Kissimmee,FL,34746,375000,4,2.5,1918,355,condo,V4948931,https://www.redfin.com/FL/Kissimmee/1255-Wispy-Cypress-Dr-34746/home/177669795,kissimmee,34746
3069 Caribbean Soul Dr,Kissimmee,FL,34747,375000,4,3,1719,583,condo,O6423872,https://www.redfin.com/FL/Kissimmee/3069-Caribbean-Soul-Dr-34747/home/177663302,kissimmee,34747
2487 White Lilly Dr,Kissimmee,FL,34747,375000,4,2,1828,134,single_family,S5154052,https://www.redfin.com/FL/Kissimmee/2487-White-Lilly-Dr-34747/for-sale/168032115,kissimmee,34747
7474 Excitement Dr #203,Reunion,FL,34747,375000,3,2,1419,675,townhouse,O6423217,https://www.redfin.com/FL/Reunion/7474-Excitement-Dr-34747/unit-203/home/46506794,kissimmee,34747
7813 Turkey Oak Ln,Kissimmee,FL,34747,375000,4,2,1464,6,single_family,O6422342,https://www.redfin.com/FL/Kissimmee/7813-Turkey-Oak-Ln-34747/home/46541236,kissimmee,34747
672 Sterling Dr,Kissimmee,FL,34758,375000,4,2.5,2219,92,single_family,S5154957,https://www.redfin.com/FL/Kissimmee/672-Sterling-Dr-34758/for-sale/46563163,kissimmee,34758
5632 Loggia Ln,Kissimmee,FL,34758,375000,4,2.5,1879,124,single_family,O6417017,https://www.redfin.com/FL/Kissimmee/5632-Loggia-Ln-34758/home/193909040,kissimmee,34758
4451 Ochos Rios Pl,Kissimmee,FL,34758,375759,3,2.5,1709,417,single_family,O6417548,https://www.redfin.com/FL/Kissimmee/4451-Ochos-Rios-Pl-34758/home/193907068,kissimmee,34758
145 Thornbury Dr,Kissimmee,FL,34744,375900,4,2,1766,13,single_family,S5152081,https://www.redfin.com/FL/Kissimmee/145-Thornbury-Dr-34744/for-sale/46577197,kissimmee,34744
Captiva Plan,Kissimmee,FL,34758,375999,3,3.5,1989,,single_family,73AD4A90FDB1,https://www.redfin.com/FL/Kissimmee/Kissimmee/Captiva/home/201248138,kissimmee,34758
4612 Falcon Ave,Kissimmee,FL,34746,376600,4,2,1822,22,single_family,S5153544,https://www.redfin.com/FL/Kissimmee/4612-Falcon-Ave-34746/for-sale/46570676,kissimmee,34746
12141 Caper St,Orlando,FL,32837,377000,2,2,1242,2,single_family,S5147663,https://www.redfin.com/FL/Orlando/12141-Caper-St-32837/home/46834849,kissimmee,32837
1819 Wild Rye Way,Kindred,FL,34744,379000,3,2,1504,10,single_family,S5151456,https://www.redfin.com/FL/Kindred/1819-Wild-Rye-Way-34744/home/177670130,kissimmee,34744
3603 Light Port Way,Kissimmee,FL,34746,379000,4,2.5,2156,222,single_family,O6425281,https://www.redfin.com/FL/Kissimmee/3603-Light-Port-Way-34746/for-sale/53423836,kissimmee,34746
4223 Little Owl Ln,Kissimmee,FL,34746,379000,4,2,1843,168,single_family,S5152907,https://www.redfin.com/FL/Kissimmee/4223-Little-Owl-Ln-34746/for-sale/186210607,kissimmee,34746
657 Mckinley Ct,Kissimmee,FL,34758,379000,3,2,1122,25,single_family,O6313270,https://www.redfin.com/FL/Kissimmee/657-McKinley-Ct-34758/for-sale/46559412,kissimmee,34758
2644 Clear Night Avenue Dr,Kissimmee,FL,34744,379290,3,2.5,1848,41,single_family,O6428742,https://www.redfin.com/FL/Kissimmee/2644-Clear-Night-Ave-34744/for-sale/199299181,kissimmee,34744
2169 Remington Pointe Blvd,Kissimmee,FL,34743,379900,3,2,1466,28,single_family,S5154020,https://www.redfin.com/FL/Kissimmee/2169-Remington-Pointe-Blvd-34743/for-sale/46547554,kissimmee,34743
1611 Bridgeview Cir,Orlando,FL,32824,379990,3,2,1201,25,single_family,O6413966,https://www.redfin.com/FL/Orlando/1611-Bridgeview-Cir-32824/home/46892704,kissimmee,32824
10731 Silk Tree Ct,Orlando,FL,32824,379990,3,2.5,1550,235,condo,O6364402,https://www.redfin.com/FL/Orlando/10731-Silk-Tree-Ct-32824/home/174042169,kissimmee,32824
1844 Bright Sky Dr,Kissimmee,FL,34744,379990,3,2.5,1795,6,single_family,S5148768,https://www.redfin.com/FL/Kissimmee/1844-Bright-Sky-Dr-34744/home/188673636,kissimmee,34744
1085 Indian Ridge Trl E,Kissimmee,FL,34747,379999,3,2,,75,single_family,A12068139,https://www.redfin.com/FL/Kissimmee/1085-Indian-Ridge-Trl-E-34747/for-sale/46552318,kissimmee,34747
3538 Rodrick Cir,Orlando,FL,32824,380000,4,2.5,2465,300,condo,O6432397,https://www.redfin.com/FL/Orlando/3538-Rodrick-Cir-32824/home/64116954,kissimmee,32824
3349 Rodrick Cir,Orlando,FL,32824,380000,4,2.5,2465,300,condo,O6427120,https://www.redfin.com/FL/Orlando/3349-Rodrick-Cir-32824/home/64116860,kissimmee,32824
14856 Harvest St,Orlando,FL,32824,380000,3,2.5,1352,223,condo,S5152346,https://www.redfin.com/FL/Orlando/14856-Harvest-St-32824/home/187315905,kissimmee,32824
2966 Aqua Virgo Loop #16,Orlando,FL,32837,380000,3,2.5,1731,386,condo,S5128831,https://www.redfin.com/FL/Orlando/2966-Aqua-Virgo-Loop-32837/unit-16/home/174030312,kissimmee,32837
12608 Crayfird Ave,Orlando,FL,32837,380000,3,2,,28,single_family,A12060904,https://www.redfin.com/FL/Orlando/12608-Crayford-Ave-32837/for-sale/46827558,kissimmee,32837
2608 Deck Ave,Kissimmee,FL,34743,380000,4,2,1682,33,single_family,S5153655,https://www.redfin.com/FL/Kissimmee/2608-Deck-Ave-34743/for-sale/46572088,kissimmee,34743
2986 Stillwater Dr,Kissimmee,FL,34743,380000,4,2,1756,25,single_family,O6360521,https://www.redfin.com/FL/Kissimmee/2986-Stillwater-Dr-34743/home/46520105,kissimmee,34743
908 Marisa Ln,Kissimmee,FL,34744,380000,4,2,1784,82,single_family,TB8523179,https://www.redfin.com/FL/Kissimmee/908-Marisa-Ln-34744/home/109810931,kissimmee,34744
,Kindred,FL,34744,380000,3,2,1672,13,single_family,O6426820,https://www.redfin.com/FL/Kindred/Undisclosed-address-34744/for-sale/177670109,kissimmee,34744
3078 Sangria St,Kissimmee,FL,34744,380000,3,2,1770,160,single_family,O6404323,https://www.redfin.com/FL/Kissimmee/3078-Sangria-St-34744/for-sale/147928419,kissimmee,34744
513 Berry James Ct,Kissimmee,FL,34744,380000,4,2.5,2191,13,single_family,C7526253,https://www.redfin.com/FL/Kissimmee/513-Berry-James-Ct-34744/home/46481730,kissimmee,34744
2281 Tradewinds,Kissimmee,FL,34746,380000,3,2,2037,17,single_family,S5155064,https://www.redfin.com/FL/Kissimmee/2281-Tradewinds-Dr-34746/for-sale/105722528,kissimmee,34746
3111 Paradox #104,Kissimmee,FL,34746,380000,2,,,,townhouse,A12065885,https://www.redfin.com/FL/Kissimmee/3111-Paradox-Cir-34746/unit-104/for-sale/170039382,kissimmee,34746
1750 Evergreen Ct,Kissimmee,FL,34746,380000,3,2,1584,30,single_family,O6410743,https://www.redfin.com/FL/Kissimmee/1750-Evergreen-Ct-34746/home/46550680,kissimmee,34746
3501 Beau Chene Dr,Kissimmee,FL,34746,380000,4,2,2240,113,single_family,O6416974,https://www.redfin.com/FL/Kissimmee/3501-Beau-Chene-Dr-34746/home/46570850,kissimmee,34746
7636 Heritage Crossing Way,Reunion,FL,34747,380000,3,2.5,2069,630,condo,S5153534,https://www.redfin.com/FL/Reunion/7636-Heritage-Crossing-Way-34747/home/46489804,kissimmee,34747
560 Viceroy Ct,Kissimmee,FL,34758,380000,5,3,2308,100,single_family,O6424564,https://www.redfin.com/FL/Kissimmee/560-Viceroy-Ct-34758/home/46558515,kissimmee,34758
418 Marlberry Leaf Ct,Kissimmee,FL,34758,380000,4,3,2571,100,single_family,S5145640,https://www.redfin.com/FL/Kissimmee/418-Marlberry-Leaf-Ct-34758/home/46576613,kissimmee,34758
4463 Ochos Rios Pl,Kissimmee,FL,34758,380019,2,2,1677,417,single_family,O6417693,https://www.redfin.com/FL/Kissimmee/4463-Ochos-Rios-Pl-34758/home/193907066,kissimmee,34758
1648 Heart Bar Rd,Kindred,FL,34744,380990,3,2,1516,10,single_family,S5125282,https://www.redfin.com/FL/Kindred/1648-Heart-Bar-Rd-34744/home/177669988,kissimmee,34744
2651 Rambling Oaks Way,Kissimmee,FL,34746,382900,4,2,2233,53,single_family,S5151825,https://www.redfin.com/FL/Kissimmee/2651-Rambling-Oaks-Way-34746/home/46480467,kissimmee,34746
Oriole Plan,Kissimmee,FL,34758,382999,4,2.5,2514,,single_family,C2045D30C720,https://www.redfin.com/FL/Kissimmee/Kissimmee/Oriole/home/201703189,kissimmee,34758
2579 Relaxing Ln,Kissimmee,FL,34744,383979,3,2.5,1755,147,condo,S5149255,https://www.redfin.com/FL/Kissimmee/2579-Relaxing-Ln-34744/home/184285299,kissimmee,34744
3221 Cupid Pl,Kissimmee,FL,34747,384000,4,3,1694,575,condo,S5154675,https://www.redfin.com/FL/Kissimmee/3221-Cupid-Pl-34747/for-sale/162340827,kissimmee,34747
1723 Flourish Ave,Kissimmee,FL,34744,384500,3,2.5,1617,10,single_family,O6410022,https://www.redfin.com/FL/Kissimmee/1723-Flourish-Ave-34744/home/168022142,kissimmee,34744
4321 Bayside Dr,Kissimmee,FL,34746,384900,3,2,1426,27,single_family,O6424710,https://www.redfin.com/FL/Kissimmee/4321-Bayside-Dr-34746/for-sale/46567661,kissimmee,34746
5768 Gingham Dr,Kissimmee,FL,34758,384990,4,2,1940,124,single_family,O6409905,https://www.redfin.com/FL/Kissimmee/5768-Gingham-Dr-34758/home/193909005,kissimmee,34758
14001 Fairwinds Ct,Orlando,FL,32824,385000,3,2,1700,83,single_family,O6430989,https://www.redfin.com/FL/Orlando/14001-Fairwinds-Ct-32824/for-sale/46954268,kissimmee,32824
12422 Sion Ct,Orlando,FL,32824,385000,3,2.5,2793,43,single_family,S5133033,https://www.redfin.com/FL/Orlando/12422-Sion-Ct-32824/for-sale/46843733,kissimmee,32824
1355 Honey Blossom Dr,Orlando,FL,32824,385000,5,2.5,2024,303,condo,O6405087,https://www.redfin.com/FL/Orlando/1355-Honey-Blossom-Dr-32824/home/46651753,kissimmee,32824
2271 J Lawson Blvd,Orlando,FL,32824,385000,2,3,1230,,single_family,cmqfrcjwr00kns601hi1029ad,https://www.redfin.com/FL/Orlando/2271-J-Lawson-Blvd-32824/home/46606643,kissimmee,32824
125 Pine St,Orlando,FL,32824,385000,3,2,1429,,single_family,S5137132,https://www.redfin.com/FL/Orlando/125-Pine-St-32824/home/46934204,kissimmee,32824
3348 Rodrick Cir,Orlando,FL,32824,385000,3,3.5,,285,condo,A12006189,https://www.redfin.com/FL/Orlando/3348-Rodrick-Cir-32824/home/64116983,kissimmee,32824
14453 Windchime Ln,Orlando,FL,32837,385000,3,2,1787,354,single_family,O6408655,https://www.redfin.com/FL/Orlando/14453-Windchime-Ln-32837/home/46912720,kissimmee,32837
11606 Goodwyck Dr,Orlando,FL,32837,385000,3,2,1266,38,single_family,S5135703,https://www.redfin.com/FL/Orlando/11606-Goodwyck-Dr-32837/for-sale/46790917,kissimmee,32837
1818 Irlo Dr,Kissimmee,FL,34741,385000,3,2,1533,,single_family,O6378442,https://www.redfin.com/FL/Kissimmee/1818-Irlo-Dr-34741/home/46542920,kissimmee,34741
209 Westmoreland Cir,Kissimmee,FL,34744,385000,3,2,1581,27,single_family,O6431499,https://www.redfin.com/FL/Kissimmee/209-Westmoreland-Cir-34744/for-sale/46550335,kissimmee,34744
1796 Tohoqua Blvd,Kissimmee,FL,34744,385000,3,2.5,1755,139,condo,O6415328,https://www.redfin.com/FL/Kissimmee/1796-Tohoqua-Blvd-34744/home/184284712,kissimmee,34744
1513 Indian Oaks Trl,Kissimmee,FL,34747,385000,4,2,1536,6,single_family,O6429805,https://www.redfin.com/FL/Kissimmee/1513-Indian-Oaks-Trl-34747/for-sale/46540716,kissimmee,34747
525 Viceroy Ct,Kissimmee,FL,34758,385000,4,3,2571,100,single_family,S5154913,https://www.redfin.com/FL/Kissimmee/525-Viceroy-Ct-34758/for-sale/46558522,kissimmee,34758
5427 Bryce Canyon Dr,Kissimmee,FL,34758,385000,4,2,1918,83,single_family,V4949600,https://www.redfin.com/FL/Kissimmee/5427-Bryce-Canyon-Dr-34758/home/46491192,kissimmee,34758
200 Aquamarine Ln,Kissimmee,FL,34758,385000,4,2,1845,,single_family,S5145690,https://www.redfin.com/FL/Kissimmee/200-Aquamarine-Ln-34758/home/177668141,kissimmee,34758
2402 Accord Ter,Kissimmee,FL,34758,388000,3,2,1593,50,single_family,A12032245,https://www.redfin.com/FL/Kissimmee/2402-Accord-Ter-34758/home/46573425,kissimmee,34758
1959 Summer Serenity Dr,Kissimmee,FL,34744,388500,3,2.5,2072,6,single_family,S5151902,https://www.redfin.com/FL/Kissimmee/1959-Summer-Serenity-Dr-34744/home/184284795,kissimmee,34744
945 Tramells Trl,Kissimmee,FL,34744,388900,4,2,2014,13,single_family,S5150165,https://www.redfin.com/FL/Kissimmee/945-Tramells-Trl-34744/for-sale/46488082,kissimmee,34744
3195 Whooping Crane Run,Kissimmee,FL,34741,389000,3,2,1579,58,single_family,O6400981,https://www.redfin.com/FL/Kissimmee/3195-Whooping-Crane-Run-34741/home/46518484,kissimmee,34741
1795 Partin Terrace Rd S,Kindred,FL,34744,389000,4,2,1730,29,single_family,O6430319,https://www.redfin.com/FL/Kindred/1795-Partin-Terrace-Rd-34744/for-sale/168042843,kissimmee,34744
3570 Southern Cross Loop,Kissimmee,FL,34744,389000,3,2,1554,118,single_family,O6333789,https://www.redfin.com/FL/Kissimmee/3570-Southern-Cross-Loop-34744/home/168027516,kissimmee,34744
3404 Great Pond Dr,Kissimmee,FL,34746,389000,4,2,2094,365,single_family,O6421796,https://www.redfin.com/FL/Kissimmee/3404-Great-Pond-Dr-34746/home/46476440,kissimmee,34746
1374 Brentwood Dr,Kissimmee,FL,34746,389000,3,2,1782,88,single_family,O6420260,https://www.redfin.com/FL/Kissimmee/1374-Brentwood-Dr-34746/home/184070016,kissimmee,34746
1224 Royal View Ter,Reunion,FL,34747,389000,3,2.5,1708,434,condo,O6428151,https://www.redfin.com/FL/Reunion/1224-Royal-View-Ter-34747/home/188676990,kissimmee,34747
7740 Sandy Ridge Dr #135,Reunion,FL,34747,389000,4,3,1769,877,townhouse,S5154087,https://www.redfin.com/FL/Reunion/7740-Sandy-Ridge-Dr-34747/unit-135/home/186007031,kissimmee,34747
1216 Royal View Ter,Reunion,FL,34747,389000,3,2.5,1708,434,condo,O6428148,https://www.redfin.com/FL/Reunion/1216-Royal-View-Ter-34747/home/188676988,kissimmee,34747
3261 Energy Dr,Kissimmee,FL,34747,389000,3,3,1365,198,condo,O6427339,https://www.redfin.com/FL/Kissimmee/3261-Energy-Dr-34747/for-sale/188673011,kissimmee,34747
7909 Draw St,Reunion,FL,34747,389000,3,2.5,1704,1350,condo,O6417162,https://www.redfin.com/FL/Reunion/7909-Draw-St-34747/home/173829493,kissimmee,34747
1360 Centre Court Ridge Dr #201,Reunion,FL,34747,389000,3,3,1686,768,townhouse,O6409621,https://www.redfin.com/FL/Reunion/1360-Centre-Court-Ridge-Dr-34747/unit-201/home/46506191,kissimmee,34747
132 Sandalwood Dr,Kissimmee,FL,34743,389793,3,3,1706,,single_family,O6327183,https://www.redfin.com/FL/Kissimmee/132-Sandalwood-Dr-34743/home/46527066,kissimmee,34743
11316 Ashboro Dr,Orlando,FL,32837,389900,3,2,1690,27,single_family,O6430620,https://www.redfin.com/FL/Orlando/11316-Ashboro-Dr-32837/for-sale/46797888,kissimmee,32837
291 Magical Way,Kissimmee,FL,34744,389900,4,3,1797,63,single_family,O6430434,https://www.redfin.com/FL/Kissimmee/291-Magical-Way-34744/for-sale/46487805,kissimmee,34744
2732 E Lake Pointe Dr,Kissimmee,FL,34744,389900,3,2,1978,137,single_family,S5154836,https://www.redfin.com/FL/Kissimmee/2732-E-Lake-Pointe-Dr-34744/for-sale/170044433,kissimmee,34744
2728 Portchester Ct,Kissimmee,FL,34744,389900,4,3,1960,6,single_family,S5126915,https://www.redfin.com/FL/Kissimmee/2728-Portchester-Ct-34744/home/46488546,kissimmee,34744
3505 Forest Park Dr,Kissimmee,FL,34746,389900,3,2,2053,365,single_family,O6429562,https://www.redfin.com/FL/Kissimmee/3505-Forest-Park-Dr-34746/for-sale/46478279,kissimmee,34746
1515 Carey Palm Cir,Kissimmee,FL,34747,389900,3,3.5,1962,662,condo,O6425829,https://www.redfin.com/FL/Kissimmee/1515-Carey-Palm-Cir-34747/home/162639192,kissimmee,34747
1188 Woody Cypress Dr,Kissimmee,FL,34746,389990,4,2.5,1868,355,condo,O6413386,https://www.redfin.com/FL/Kissimmee/1188-Woody-Cypress-Dr-34746/home/184282339,kissimmee,34746
14796 Outfitter St,Orlando,FL,32824,389999,3,2.5,1689,222,condo,O6339013,https://www.redfin.com/FL/Orlando/14796-Outfitter-St-32824/home/184101610,kissimmee,32824
8810 Kensington Ct,Kissimmee,FL,34747,389999,3,2,1526,,single_family,S5151363,https://www.redfin.com/FL/Kissimmee/8810-Kensington-Ct-34747/home/46518080,kissimmee,34747
15222 Harrington Cove Dr,Orlando,FL,32824,390000,3,2.5,1729,300,condo,O6430723,https://www.redfin.com/FL/Orlando/15222-Harrington-Cove-Dr-32824/home/108583866,kissimmee,32824
15234 Harrington Cove Dr,Orlando,FL,32824,390000,4,3.5,2261,300,condo,S5146441,https://www.redfin.com/FL/Orlando/15234-Harrington-Cove-Dr-32824/home/108583865,kissimmee,32824
15215 Pacey Cove Dr,Orlando,FL,32824,390000,3,2.5,2280,285,condo,S5141643,https://www.redfin.com/FL/Orlando/15215-Pacey-Cove-Dr-32824/home/112771428,kissimmee,32824
12315 Kenton Ct,Orlando,FL,32837,390000,3,3,1580,46,single_family,O6392715,https://www.redfin.com/FL/Orlando/12315-Kenton-Ct-32837/home/46835995,kissimmee,32837
1212 Shawnee Dr,Kissimmee,FL,34744,390000,4,2,1848,,single_family,S5153705,https://www.redfin.com/FL/Kissimmee/1212-Shawnee-Dr-34744/for-sale/46541749,kissimmee,34744
1721 Freeman Dr,Kissimmee,FL,34744,390000,3,2,1842,,single_family,O6424008,https://www.redfin.com/FL/Kissimmee/1721-Freeman-Dr-34744/for-sale/46539749,kissimmee,34744
1973 Spring Shower Cir,Kissimmee,FL,34744,390000,3,2,1701,135,single_family,O6416082,https://www.redfin.com/FL/Kissimmee/1973-Spring-Shower-Cir-34744/home/177664327,kissimmee,34744
1451 Taos Ave,Kindred,FL,34744,390000,4,2,1846,10,single_family,S5148136,https://www.redfin.com/FL/Kindred/1451-Taos-Ave-34744/home/168043025,kissimmee,34744
2717 Eagle Canyon Dr S,Kissimmee,FL,34746,390000,4,2.5,2383,37,single_family,O6415736,https://www.redfin.com/FL/Kissimmee/2717-Eagle-Canyon-Dr-S-34746/home/46488470,kissimmee,34746
7740 Sandy Ridge Dr #228,Reunion,FL,34747,390000,5,4.5,2703,1805,townhouse,G5115349,https://www.redfin.com/FL/Reunion/7740-Sandy-Ridge-Dr-34747/unit-228/home/187200379,kissimmee,34747
442 Tamarind Parke Ln,Kissimmee,FL,34758,390000,4,3,2318,33,single_family,S5148605,https://www.redfin.com/FL/Kissimmee/442-Tamarind-Parke-Ln-34758/home/46572887,kissimmee,34758
1359 Greenfield Loop,Kissimmee,FL,34747,391900,3,2.5,1570,702,single_family,S5152889,https://www.redfin.com/FL/Kissimmee/1359-Greenfield-Loop-34747/home/184281874,kissimmee,34747
4417 Canopy Ct,Kissimmee,FL,34758,392900,4,3,2847,100,single_family,O6386701,https://www.redfin.com/FL/Kissimmee/4417-Canopy-Ct-34758/home/46580515,kissimmee,34758
3169 Pantanal Ln,Kissimmee,FL,34747,393500,3,3.5,2181,647,condo,S5153276,https://www.redfin.com/FL/Kissimmee/3169-Pantanal-Ln-34747/home/144248052,kissimmee,34747
3058 Bay Laurel Cir N,Kissimmee,FL,34744,394000,4,2,2059,132,single_family,S5151672,https://www.redfin.com/FL/Kissimmee/3058-Bay-Laurel-Cir-N-34744/home/46575879,kissimmee,34744
10722 Whisperwood Ln,Orlando,FL,32837,394900,3,2,1243,,single_family,O6425000,https://www.redfin.com/FL/Orlando/Undisclosed-address-32837/for-sale/46744915,kissimmee,32837
1491 August Gray Dr,Kissimmee,FL,34744,394900,4,3,2070,80,single_family,O6397176,https://www.redfin.com/FL/Kissimmee/1491-August-Gray-Dr-34744/home/188678834,kissimmee,34744
1823 Spring Shower Cir,Kissimmee,FL,34744,394900,3,2,1579,220,condo,O6389198,https://www.redfin.com/FL/Kissimmee/1823-Spring-Shower-Cir-34744/home/177664212,kissimmee,34744
Landmark Plan,Orlando,FL,32824,394990,3,2.5,1528,,condo,1AADD613691E,https://www.redfin.com/FL/Orlando/Orlando/Landmark/home/203184513,kissimmee,32824
3220 Abiaka Dr,Kissimmee,FL,34743,394990,4,2,1990,72,single_family,S5142733,https://www.redfin.com/FL/Kissimmee/3220-Abiaka-Dr-34743/home/46579672,kissimmee,34743
2609 Mill Run Blvd,Kissimmee,FL,34744,394990,3,2,1280,,single_family,S5150924,https://www.redfin.com/FL/Kissimmee/2609-Mill-Run-Blvd-34744/home/46534600,kissimmee,34744
2042 Walnut Creek Dr,Kindred,FL,34744,394990,3,2,1614,10,single_family,O6422932,https://www.redfin.com/FL/Kindred/2042-Walnut-Creek-Dr-34744/home/188668418,kissimmee,34744
2030 Walnut Creek Dr,Kindred,FL,34744,394990,3,2,1504,10,single_family,O6411670,https://www.redfin.com/FL/Kindred/2030-Walnut-Creek-Dr-34744/home/188668415,kissimmee,34744
2112 Bunker View Ct,Kissimmee,FL,34746,394999,3,3,2039,23,single_family,O6422791,https://www.redfin.com/FL/Kissimmee/2112-Bunker-View-Ct-34746/for-sale/46580753,kissimmee,34746
11545 Bentry St,Orlando,FL,32824,395000,3,2,1645,33,single_family,S5155012,https://www.redfin.com/FL/Orlando/11545-Bentry-St-32824/for-sale/46961459,kissimmee,32824
12109 Scrub Palm Ln,Orlando,FL,32824,395000,3,2.5,1912,345,condo,S5154093,https://www.redfin.com/FL/Orlando/12109-Scrub-Palm-Ln-32824/home/144575912,kissimmee,32824
11842 Atlin Dr,Orlando,FL,32837,395000,3,2.5,1460,37,single_family,S5154086,https://www.redfin.com/FL/Orlando/11842-Atlin-Dr-32837/for-sale/46791029,kissimmee,32837
336 Magical Way,Kissimmee,FL,34744,395000,4,3,1797,63,single_family,O6427241,https://www.redfin.com/FL/Kissimmee/336-Magical-Way-34744/for-sale/46487818,kissimmee,34744
4371 Creek Cove Ln,Kissimmee,FL,34744,395000,4,3,1867,241,condo,S5147262,https://www.redfin.com/FL/Kissimmee/4371-Creek-Cove-Ln-34744/home/184282879,kissimmee,34744
1776 Fulfillment Dr,Kissimmee,FL,34744,395000,3,2.5,1620,55,condo,S5148323,https://www.redfin.com/FL/Kissimmee/1776-Fulfillment-Dr-34744/home/168022278,kissimmee,34744
1709 Golfview Dr,Kissimmee,FL,34746,395000,3,2,2302,23,single_family,S5154295,https://www.redfin.com/FL/Kissimmee/1709-Golfview-Dr-34746/for-sale/46568791,kissimmee,34746
5179 Royal Point Ave,Kissimmee,FL,34746,395000,3,2,1639,123,single_family,O6413455,https://www.redfin.com/FL/Kissimmee/5179-Royal-Point-Ave-34746/home/177669667,kissimmee,34746
8845 Candy Palm Rd,Kissimmee,FL,34747,395000,4,3,1902,760,condo,S5152877,https://www.redfin.com/FL/Kissimmee/8845-Candy-Palm-Rd-34747/home/64041252,kissimmee,34747
2121 Blackstone Landing Dr,Kissimmee,FL,34758,395000,4,3.5,2948,41,single_family,S5153093,https://www.redfin.com/FL/Kissimmee/2121-Blackstone-Landing-Dr-34758/home/46480046,kissimmee,34758
2019 Paprika Dr,Orlando,FL,32837,395900,3,2,1410,,single_family,O6405583,https://www.redfin.com/FL/Orlando/2019-Paprika-Dr-32837/home/46834857,kissimmee,32837
206 Taranto Way,Kissimmee,FL,34758,395900,4,2.5,2844,100,single_family,S5146771,https://www.redfin.com/FL/Kissimmee/206-Taranto-Way-34758/home/46561498,kissimmee,34758
Boca Grande Plan,Kissimmee,FL,34758,395999,4,2.5,2197,,single_family,2057888B19E8,https://www.redfin.com/FL/Kissimmee/Kissimmee/Boca-Grande/home/201248136,kissimmee,34758
3245 Whooping Crane Run,Kissimmee,FL,34741,396900,3,2,1498,58,single_family,O6428323,https://www.redfin.com/FL/Kissimmee/3245-Whooping-Crane-Run-34741/for-sale/46518490,kissimmee,34741
12444 Turtle Grass Dr,Orlando,FL,32824,398000,4,2.5,1912,339,condo,S5151507,https://www.redfin.com/FL/Orlando/12444-Turtle-Grass-Dr-32824/home/144575881,kissimmee,32824
144 Hidalgo Ave,Kissimmee,FL,34743,398000,4,2,1742,,single_family,S5154454,https://www.redfin.com/FL/Kissimmee/144-Hidalgo-Ave-34743/for-sale/46525010,kissimmee,34743
2625 Walden,Kissimmee,FL,34743,398000,3,2,,31,single_family,A12052973,https://www.redfin.com/FL/Kissimmee/2625-Walden-Ct-34743/home/46519012,kissimmee,34743
216 Aquamarine Ln,Kissimmee,FL,34758,398000,5,3,2271,85,single_family,O6346081,https://www.redfin.com/FL/Kissimmee/216-Aquamarine-Ln-34758/home/177668122,kissimmee,34758
12210 Hatfield Ct,Orlando,FL,32837,398900,4,2,1553,25,single_family,O6404479,https://www.redfin.com/FL/Orlando/12210-Hatfield-Ct-32837/home/46835530,kissimmee,32837
3145 Stonehurst Cir,Kissimmee,FL,34741,398900,3,2,1806,197,single_family,S5151296,https://www.redfin.com/FL/Kissimmee/3145-Stonehurst-Cir-34741/home/46576141,kissimmee,34741
1850 Chaucer Way,Kissimmee,FL,34744,398950,4,2,1828,12,single_family,S5151405,https://www.redfin.com/FL/Kissimmee/1850-Chaucer-Way-34744/home/46555567,kissimmee,34744
15187 Willow Arbor Cir,Orlando,FL,32824,398990,3,2.5,2039,344,condo,S5151160,https://www.redfin.com/FL/Orlando/15187-Willow-Arbor-Cir-32824/home/160592960,kissimmee,32824
3610 Rodrick Cir,Orlando,FL,32824,399000,4,2.5,2250,302,condo,S5154467,https://www.redfin.com/FL/Orlando/3610-Rodrick-Cir-32824/home/64114860,kissimmee,32824
3554 Rodrick Cir,Orlando,FL,32824,399000,3,2.5,2352,300,condo,O6424100,https://www.redfin.com/FL/Orlando/3554-Rodrick-Cir-32824/home/64116955,kissimmee,32824
14571 Ward Rd,Orlando,FL,32824,399000,3,2,1913,115,single_family,O6406184,https://www.redfin.com/FL/Orlando/14571-Ward-Rd-32824/home/112771143,kissimmee,32824
15246 Harrington Cove Dr,Orlando,FL,32824,399000,3,2.5,1584,210,condo,S5131464,https://www.redfin.com/FL/Orlando/15246-Harrington-Cove-Dr-32824/home/108583867,kissimmee,32824
2925 Willow Creek Ln,Kissimmee,FL,34741,399000,3,2,1797,80,single_family,C7525014,https://www.redfin.com/FL/Kissimmee/2925-Willow-Creek-Ln-34741/home/46579620,kissimmee,34741
247 Competition Dr,Kissimmee,FL,34743,399000,3,2,1790,,single_family,O6387054,https://www.redfin.com/FL/Kissimmee/247-Competition-Dr-34743/home/46528384,kissimmee,34743
1735 Park Side Ave,Kindred,FL,34744,399000,4,2,1846,10,single_family,O6431257,https://www.redfin.com/FL/Kindred/1735-Park-Side-Ave-34744/for-sale/177670036,kissimmee,34744
2808 Mill Run Blvd,Kissimmee,FL,34744,399000,3,2,1275,,single_family,O6425424,https://www.redfin.com/FL/Kissimmee/2808-Mill-Run-Blvd-34744/for-sale/46535332,kissimmee,34744
1422 Patricia St,Kissimmee,FL,34744,399000,3,2,1578,,single_family,O6419136,https://www.redfin.com/FL/Kissimmee/1422-Patricia-St-34744/home/109822923,kissimmee,34744
1933 Bellknoll Ln,Kindred,FL,34744,399000,4,2,1846,10,single_family,O6411567,https://www.redfin.com/FL/Kindred/1933-Bellknoll-Ln-34744/home/188679722,kissimmee,34744
1598 Bull Hill Rd,Kindred,FL,34744,399000,3,2,1504,11,single_family,A12024583,https://www.redfin.com/FL/Kindred/1598-Bull-Hill-Rd-34744/home/188668113,kissimmee,34744
2414 Huron Cir,Kissimmee,FL,34746,399000,5,3,3124,12,single_family,O6431135,https://www.redfin.com/FL/Kissimmee/2414-Huron-Cir-34746/for-sale/46574084,kissimmee,34746
2193 Granger Ave,Kissimmee,FL,34746,399000,4,3,2169,53,single_family,S5155146,https://www.redfin.com/FL/Kissimmee/2193-Granger-Ave-34746/for-sale/46479737,kissimmee,34746
2344 Crescent Moon St,Kissimmee,FL,34746,399000,4,2.5,2350,87,single_family,C7528790,https://www.redfin.com/FL/Kissimmee/2344-Crescent-Moon-St-34746/for-sale/167200946,kissimmee,34746
4783 Warrior Ln,Kissimmee,FL,34746,399000,3,2,1700,10,single_family,O6426807,https://www.redfin.com/FL/Kissimmee/4783-Warrior-Ln-34746/for-sale/46514128,kissimmee,34746
2918 Sunset Vista Blvd,Kissimmee,FL,34747,399000,4,2,1701,115,single_family,O6427389,https://www.redfin.com/FL/Kissimmee/2918-Sunset-Vista-Blvd-34747/for-sale/46518224,kissimmee,34747
3071 Key Lime Loop,Kissimmee,FL,34747,399000,2,2.5,1217,664,single_family,S5153366,https://www.redfin.com/FL/Kissimmee/3071-Key-Lime-Loop-34747/home/168019703,kissimmee,34747
7683 Fitzclarence St,Kissimmee,FL,34747,399000,3,3,1440,568,condo,O6421663,https://www.redfin.com/FL/Kissimmee/7683-Fitzclarence-St-34747/home/46479377,kissimmee,34747
7654 Otterspool St,Kissimmee,FL,34747,399000,3,3,1440,571,condo,O6417354,https://www.redfin.com/FL/Kissimmee/7654-Otterspool-St-34747/home/46480893,kissimmee,34747
322 Dagama Ct,Kissimmee,FL,34758,399000,4,2,2052,90,single_family,326536,https://www.redfin.com/FL/Kissimmee/322-Dagama-Ct-34758/home/162720158,kissimmee,34758
4978 Strand St #0,Kissimmee,FL,34758,399000,4,4,2182,354,townhouse,O6387001,https://www.redfin.com/FL/Kissimmee/4978-Strand-St-34758/home/46485016,kissimmee,34758
4615 Coral Harbour Rd,Kissimmee,FL,34758,399280,4,3,2175,,single_family,78AF71171AF4,https://www.redfin.com/FL/Kissimmee/4615-Coral-Harbour-Rd-34758/for-sale/199300651,kissimmee,34758
11429 Kenley Cir,Orlando,FL,32824,399900,3,2,1261,26,single_family,O6429664,https://www.redfin.com/FL/Orlando/11429-Kenley-Cir-32824/for-sale/46783969,kissimmee,32824
362 White Marsh Cir,Orlando,FL,32824,399900,3,3,2264,,single_family,A12037456,https://www.redfin.com/FL/Orlando/362-White-Marsh-Cir-32824/home/46784396,kissimmee,32824
3181 Stonehurst Cir,Kissimmee,FL,34741,399900,3,2,1650,223,single_family,S5150133,https://www.redfin.com/FL/Kissimmee/3181-Stonehurst-Cir-34741/home/46576085,kissimmee,34741
2803 Middleton Cir,Kissimmee,FL,34743,399900,3,2,1797,38,single_family,S5154705,https://www.redfin.com/FL/Kissimmee/2803-Middleton-Cir-34743/for-sale/46530035,kissimmee,34743
1842 Egret Meadows Ave,Kindred,FL,34744,399900,4,2,1846,10,single_family,TB8487619,https://www.redfin.com/FL/Kindred/1842-Egret-Meadows-Ave-34744/home/177670097,kissimmee,34744
2825 Running Brook Cir,Kissimmee,FL,34744,399900,4,2,1839,178,single_family,O6401962,https://www.redfin.com/FL/Kissimmee/2825-Running-Brook-Cir-34744/home/53423624,kissimmee,34744
1903 Binnacle,Kissimmee,FL,34744,399900,3,2,,79,single_family,A12006230,https://www.redfin.com/FL/Kissimmee/1903-Binnacle-St-34744/home/46481397,kissimmee,34744
2943 Casabella Dr,Kissimmee,FL,34744,399900,4,2,1895,175,single_family,O6363943,https://www.redfin.com/FL/Kissimmee/2943-Casabella-Dr-34744/home/54646201,kissimmee,34744
1652 Cross Prairie Pkwy,Kissimmee,FL,34744,399900,4,3.5,2537,10,single_family,O6326699,https://www.redfin.com/FL/Kissimmee/1652-Cross-Prairie-Pkwy-34744/home/177664578,kissimmee,34744
3175 Tocoa Cir,Kissimmee,FL,34746,399900,4,3.5,1782,156,condo,O6429820,https://www.redfin.com/FL/Kissimmee/3175-Tocoa-Cir-34746/home/103844861,kissimmee,34746
4330 Sunny Creek Pl,Kissimmee,FL,34746,399900,4,2.5,2357,181,single_family,O6428636,https://www.redfin.com/FL/Kissimmee/4330-Sunny-Creek-Pl-34746/for-sale/173818296,kissimmee,34746
1944 The Oaks Blvd,Kissimmee,FL,34746,399900,4,2,2288,23,single_family,S5152726,https://www.redfin.com/FL/Kissimmee/1944-The-Oaks-Blvd-34746/home/46580718,kissimmee,34746
4621 Yellow Bay Dr,Kissimmee,FL,34758,399900,3,2.5,2560,67,single_family,S5150584,https://www.redfin.com/FL/Kissimmee/4621-Yellow-Bay-Dr-34758/home/46504877,kissimmee,34758
1912 Howard Mesa Dr,Kindred,FL,34744,399990,3,2,1614,10,single_family,O6428587,https://www.redfin.com/FL/Kindred/1912-Howard-Mesa-Dr-34744/for-sale/188668364,kissimmee,34744
4314 Biel Ct,Kissimmee,FL,34746,399990,3,2,1922,12,single_family,O6424298,https://www.redfin.com/FL/Kissimmee/4314-Biel-Ct-34746/home/46574116,kissimmee,34746
3849 Carrick Bend Dr,Kissimmee,FL,34746,399990,4,2,2050,370,single_family,O6412400,https://www.redfin.com/FL/Kissimmee/3849-Carrick-Bend-Dr-34746/home/162513503,kissimmee,34746
2109 Carbine Ct,Kissimmee,FL,34743,399997,3,2,1720,56,single_family,O6431580,https://www.redfin.com/FL/Kissimmee/2109-Carbine-Ct-34743/for-sale/46547565,kissimmee,34743
1869 Kings Point Blvd,Kissimmee,FL,34744,399999,3,3,1704,,single_family,O6424293,https://www.redfin.com/FL/Kissimmee/1869-Kings-Point-Blvd-34744/home/46509034,kissimmee,34744
E Lake Shore Blvd,Kissimmee,FL,34744,399999,,,,,8,O6431655,https://www.redfin.com/FL/Kissimmee/E-Lake-Shore-Blvd-34744/home/162384265,kissimmee,34744
3402 Great Pond Dr,Kissimmee,FL,34746,399999,4,2,1923,364,single_family,O6409354,https://www.redfin.com/FL/Kissimmee/3402-Great-Pond-Dr-34746/for-sale/46476397,kissimmee,34746
8081 Knee Deep Rd,Kissimmee,FL,34747,399999,2,2,1188,664,single_family,S5151963,https://www.redfin.com/FL/Kissimmee/8081-Knee-Deep-Rd-34747/home/170041098,kissimmee,34747
858 Mendoza Dr,Kissimmee,FL,34758,399999,3,2,1994,100,single_family,O6398283,https://www.redfin.com/FL/Kissimmee/858-Mendoza-Dr-34758/home/46562598,kissimmee,34758
3926 Grassland Dr,Orlando,FL,32824,400000,2,2.5,1706,370,condo,TB8363448,https://www.redfin.com/FL/Orlando/3926-Grassland-Dr-32824/home/171099499,kissimmee,32824
3016 Crystal Creek Blvd,Orlando,FL,32837,400000,3,2,1577,,single_family,O6386695,https://www.redfin.com/FL/Orlando/3016-Crystal-Creek-Blvd-32837/home/46821971,kissimmee,32837
507 Finley Ave,Kissimmee,FL,34741,400000,3,2,1555,,single_family,O6428999,https://www.redfin.com/FL/Kissimmee/507-Finley-Ave-34741/for-sale/46552389,kissimmee,34741
2713 Wortham Ln,Kissimmee,FL,34744,400000,4,2,1433,10,single_family,S5152871,https://www.redfin.com/FL/Kissimmee/2713-Wortham-Ln-34744/home/54607675,kissimmee,34744
4706 Cumbrian Lakes Dr,Kissimmee,FL,34746,400000,4,2.5,1902,175,single_family,O6418381,https://www.redfin.com/FL/Kissimmee/4706-Cumbrian-Lakes-Dr-34746/home/46581422,kissimmee,34746
1254 Wispy Cypress Dr,Kissimmee,FL,34746,400000,3,2.5,1917,355,condo,S5152481,https://www.redfin.com/FL/Kissimmee/1254-Wispy-Cypress-Dr-34746/home/177669784,kissimmee,34746
1090 Boardwalk Pl,Kissimmee,FL,34747,400000,3,2.5,2206,135,single_family,O6432294,https://www.redfin.com/FL/Kissimmee/1090-Boardwalk-Pl-34747/for-sale/184276368,kissimmee,34747
7962 Rumney Ln,Reunion,FL,34747,400000,3,2,1553,562,single_family,O6414237,https://www.redfin.com/FL/Reunion/7962-Rumney-Ln-34747/home/177669548,kissimmee,34747
1868 Monte Cristo Ln,Kissimmee,FL,34758,400000,4,2.5,2450,133,single_family,S5151929,https://www.redfin.com/FL/Kissimmee/1868-Monte-Cristo-Ln-34758/home/53423759,kissimmee,34758
5801 Portico Pl,Kissimmee,FL,34758,400000,4,3.5,2138,124,single_family,O6394755,https://www.redfin.com/FL/Kissimmee/5801-Portico-Pl-34758/home/199300640,kissimmee,34758
2807 Via Largo Ct,Kissimmee,FL,34744,401000,5,3.5,3140,160,single_family,S5152573,https://www.redfin.com/FL/Kissimmee/2807-Via-Largo-Ct-34744/home/46498471,kissimmee,34744
GLEN - UNIT B Plan,Jka6ro Orlando,FL,32824,401990,3,2.5,1673,,condo,A3F1436CDB16,https://www.redfin.com/FL/Jka6ro-Orlando/Orlando/GLEN-UNIT-B/home/196564331,kissimmee,32824
Lumen Plan,Orlando,FL,32824,402990,3,2.5,1659,,condo,C2BE735E3465,https://www.redfin.com/FL/Orlando/Orlando/Lumen/home/203184516,kissimmee,32824
5228 Worchester Dr,Kissimmee,FL,34746,403756,4,2,1936,88,single_family,O6426015,https://www.redfin.com/FL/Kissimmee/5228-Worchester-Dr-34746/for-sale/193910977,kissimmee,34746
Grenada Plan,Kissimmee,FL,34758,403999,4,3,2394,,single_family,0D09EC869506,https://www.redfin.com/FL/Kissimmee/Kissimmee/Grenada/home/201248137,kissimmee,34758
8867 Geneve Ct,Kissimmee,FL,34747,404000,4,3.5,2102,580,condo,S5147875,https://www.redfin.com/FL/Kissimmee/8867-Geneve-Ct-34747/home/168032348,kissimmee,33896
3545 Chroma St,Orlando,FL,32824,404990,3,2.5,1673,,condo,2C353C02734B,https://www.redfin.com/FL/Orlando/3545-Chroma-St-32824/home/200368175,kissimmee,32824
1842 Howard Mesa Dr,Kindred,FL,34744,404990,3,2,1504,10,single_family,O6416068,https://www.redfin.com/FL/Kindred/1842-Howard-Mesa-Dr-34744/home/188668349,kissimmee,34744
172 Pinewood Cir,Kissimmee,FL,34743,404998,4,2.5,1916,,single_family,S5135147,https://www.redfin.com/FL/Kissimmee/172-Pinewood-Cir-34743/home/46527166,kissimmee,34743
254 Amber Way,Kissimmee,FL,34758,404999,5,3,2287,85,single_family,S5154825,https://www.redfin.com/FL/Kissimmee/254-Amber-Way-34758/for-sale/184274112,kissimmee,34758
1450 Amanda Rd,Kissimmee,FL,34744,405000,4,2.5,1998,,single_family,S5153733,https://www.redfin.com/FL/Kissimmee/1450-Amanda-Rd-34744/for-sale/46534905,kissimmee,34744
2713 Barnsley Ln,Kissimmee,FL,34744,405000,4,3,1993,13,single_family,S5151648,https://www.redfin.com/FL/Kissimmee/2713-Barnsley-Ln-34744/for-sale/46550480,kissimmee,34744
237 Strathmore Cir,Kissimmee,FL,34744,405000,4,2,2278,18,single_family,O6403214,https://www.redfin.com/FL/Kissimmee/237-Strathmore-Cir-34744/home/46550579,kissimmee,34744
3016 Madelia Ln,Kissimmee,FL,34744,405000,4,2,1784,83,single_family,O6387128,https://www.redfin.com/FL/Kissimmee/3016-Madelia-Ln-34744/home/108463849,kissimmee,34744
1562 Carey Palm Cir,Kissimmee,FL,34747,405000,3,3.5,1962,662,condo,O6427089,https://www.redfin.com/FL/Kissimmee/1562-Carey-Palm-Cir-34747/home/135945112,kissimmee,34747
1358 Centre Court Ridge Dr #101,Reunion,FL,34747,407500,3,3,1686,768,townhouse,O6421990,https://www.redfin.com/FL/Reunion/1358-Centre-Court-Ridge-Dr-34747/unit-101/home/46506197,kissimmee,34747
1591 Barberry Dr,Kindred,FL,34744,408000,5,3,2674,10,single_family,S5152164,https://www.redfin.com/FL/Kindred/1591-Barberry-Dr-34744/home/177669994,kissimmee,34744
3878 Wood Thrush Dr,Kissimmee,FL,34744,408000,3,2,2061,140,single_family,O6396827,https://www.redfin.com/FL/Kissimmee/3878-Wood-Thrush-Dr-34744/home/46494312,kissimmee,34744
1575 Barberry Dr,Kindred,FL,34744,408888,4,2,1846,11,single_family,O6417570,https://www.redfin.com/FL/Kindred/1575-Barberry-Dr-34744/home/177669998,kissimmee,34744
4020 Sunny Day Way,Kissimmee,FL,34744,408900,4,2,2148,82,single_family,S5149650,https://www.redfin.com/FL/Kissimmee/4020-Sunny-Day-Way-34744/home/46487712,kissimmee,34744
2869 Falling Tree Cir,Orlando,FL,32837,409000,3,2,1340,123,single_family,O6407310,https://www.redfin.com/FL/Orlando/2869-Falling-Tree-Cir-32837/home/46913561,kissimmee,32837
1718 Golfview Dr,Kissimmee,FL,34746,409000,3,2,1538,23,single_family,S5155173,https://www.redfin.com/FL/Kissimmee/1718-Golfview-Dr-34746/for-sale/46568863,kissimmee,34746
8930 Sydney Ave,Kissimmee,FL,34747,409000,5,4.5,2265,584,condo,O6421749,https://www.redfin.com/FL/Kissimmee/8930-Sydney-Ave-34747/home/170047368,kissimmee,34747
13132 Phoenix Woods Ln,Orlando,FL,32824,409900,3,2,1326,,single_family,O6429065,https://www.redfin.com/FL/Orlando/13132-Phoenix-Woods-Ln-32824/for-sale/46859281,kissimmee,32824
2587 Tanner Ter,Kissimmee,FL,34743,409900,4,2,1843,37,single_family,S5155268,https://www.redfin.com/FL/Kissimmee/2587-Tanner-Ter-34743/for-sale/64040599,kissimmee,34743
2663 Gold Dust Cir,Kissimmee,FL,34744,409900,4,2,2085,34,single_family,S5153091,https://www.redfin.com/FL/Kissimmee/2663-Gold-Dust-Cir-34744/home/46570979,kissimmee,34744
2356 Royal Oaks Blvd,Kissimmee,FL,34744,409900,4,3,2096,,single_family,A11992433,https://www.redfin.com/FL/Kissimmee/2356-Royale-Oaks-Blvd-34744/home/46542162,kissimmee,34744
1979 Cacutta Way,Kindred,FL,34744,409900,3,2,1672,11,single_family,O6374518,https://www.redfin.com/FL/Kindred/1979-Cacutta-Way-34744/home/177670013,kissimmee,34744
8899 Geneve Ct,Kissimmee,FL,34747,409900,4,3.5,2102,579,condo,O6427755,https://www.redfin.com/FL/Kissimmee/8899-Geneve-Ct-34747/home/146057547,kissimmee,33896
3516 Chroma St,Orlando,FL,32824,409990,3,2.5,1673,150,condo,O6426663,https://www.redfin.com/FL/Orlando/3516-Chroma-St-32824/home/200368061,kissimmee,32824
3528 Chroma St,Orlando,FL,32824,409990,3,2.5,1673,,condo,01FD49D09665,https://www.redfin.com/FL/Orlando/3528-Chroma-St-32824/home/200368059,kissimmee,32824
3534 Chroma St,Orlando,FL,32824,409990,3,2.5,1673,,condo,BAD26D9BB161,https://www.redfin.com/FL/Orlando/3534-Chroma-St-32824/home/200368058,kissimmee,32824
3510 Chroma St,Orlando,FL,32824,409990,3,2.5,1673,150,condo,O6422717,https://www.redfin.com/FL/Orlando/3510-Chroma-St-32824/home/200368062,kissimmee,32824
3504 Chroma St,Orlando,FL,32824,409990,3,2.5,1673,150,condo,O6422724,https://www.redfin.com/FL/Orlando/3504-Chroma-St-32824/home/200368063,kissimmee,32824
1872 Howard Mesa Dr,Kindred,FL,34744,409990,3,2,1504,10,single_family,O6416128,https://www.redfin.com/FL/Kindred/1872-Howard-Mesa-Dr-34744/home/188668357,kissimmee,34744
4963 Pall Mall St E,Kissimmee,FL,34758,409999,4,2.5,1469,317,single_family,O6224666,https://www.redfin.com/FL/Kissimmee/4963-Pall-Mall-St-34758/home/162356873,kissimmee,34758
1720 Bear Bay Cv,Orlando,FL,32824,410000,4,2.5,1941,120,single_family,O6430447,https://www.redfin.com/FL/Orlando/1720-Bear-Bay-Cv-32824/for-sale/46973981,kissimmee,32824
10337 Laxton St,Orlando,FL,32824,410000,3,2,1624,37,single_family,O6428243,https://www.redfin.com/FL/Orlando/10337-Laxton-St-32824/for-sale/46597051,kissimmee,32824
2724 Emerson Ln,Kissimmee,FL,34743,410000,3,3,1598,26,single_family,O6421624,https://www.redfin.com/FL/Kissimmee/2724-Emerson-Ln-34743/home/46519051,kissimmee,34743
2589 Hunley Loop,Kissimmee,FL,34743,410000,4,2,2148,37,single_family,O6415759,https://www.redfin.com/FL/Kissimmee/2589-Hunley-Loop-34743/home/46498948,kissimmee,34743
2661 Ellen Ave,Kissimmee,FL,34744,410000,4,2,1864,,single_family,O6399716,https://www.redfin.com/FL/Kissimmee/2661-Ellen-Ave-34744/home/46569461,kissimmee,34744
955 LA Mirada Ct,Kissimmee,FL,34744,410000,4,2,1692,114,single_family,S5152022,https://www.redfin.com/FL/Kissimmee/955-La-Mirada-Ct-34744/home/103848533,kissimmee,34744
2705 Prestwick Ln,Kissimmee,FL,34744,410000,4,3,1719,73,single_family,O6384546,https://www.redfin.com/FL/Kissimmee/2705-Prestwick-Ln-34744/home/46478564,kissimmee,34744
1356 Centre Court Ridge Dr #303,Reunion,FL,34747,410000,3,3,1590,1842,townhouse,S5153768,https://www.redfin.com/FL/Reunion/1356-Centre-Court-Ridge-Dr-34747/unit-303/home/46506205,kissimmee,34747
1301 Seven Eagles Ct #1301,Reunion,FL,34747,410000,3,3,2124,1254,townhouse,O6417474,https://www.redfin.com/FL/Reunion/1301-Seven-Eagles-Ct-34747/unit-1301/home/179057237,kissimmee,34747
2361 Andrews Valley Dr,Kissimmee,FL,34758,410000,5,2.5,2566,42,single_family,O6429963,https://www.redfin.com/FL/Kissimmee/2361-Andrews-Valley-Dr-34758/for-sale/46489479,kissimmee,34758
4612 Cabalerro Trl,Kissimmee,FL,34758,410000,4,2.5,2735,133,single_family,S5144328,https://www.redfin.com/FL/Kissimmee/4612-Cabalerro-Trl-34758/home/46499705,kissimmee,34758
Macaw Plan,Kissimmee,FL,34758,410999,6,5,3001,,single_family,8021052961C6,https://www.redfin.com/FL/Kissimmee/Kissimmee/Macaw/home/201703179,kissimmee,34758
2380 Volunteer Ave,Kissimmee,FL,34744,411000,3,2,2068,10,single_family,S5154653,https://www.redfin.com/FL/Kissimmee/2380-Volunteer-Ave-34744/for-sale/175624178,kissimmee,34744
2015 Spring Shower Cir,Kissimmee,FL,34744,412000,3,2,2054,128,single_family,S5130256,https://www.redfin.com/FL/Kissimmee/2015-Spring-Shower-Cir-34744/home/177664304,kissimmee,34744
2943 Eagle Lake Dr,Orlando,FL,32837,413000,3,2,1886,124,single_family,O6425881,https://www.redfin.com/FL/Orlando/2943-Eagle-Lake-Dr-32837/for-sale/46913294,kissimmee,32837
2600 Shortleaf,Kissimmee,FL,34746,414000,4,2,1959,30,single_family,L4961677,https://www.redfin.com/FL/Kissimmee/2600-Shortleaf-Ct-34746/home/46550727,kissimmee,34746
2331 Peppercorn St,Kissimmee,FL,34741,414500,3,2,1769,25,single_family,L4962084,https://www.redfin.com/FL/Kissimmee/2331-Peppercorn-St-34741/home/46545134,kissimmee,34741
2268 Victoria Falls Dr,Orlando,FL,32824,414900,4,2,1731,59,single_family,S5150090,https://www.redfin.com/FL/Orlando/2268-Victoria-Falls-Dr-32824/home/46608739,kissimmee,32824
11245 Dacre Ln,Orlando,FL,32824,415000,4,2.5,2192,37,single_family,O6388721,https://www.redfin.com/FL/Orlando/11245-Dacre-Ln-32824/home/46961345,kissimmee,32824
622 Colorado Woods Ct,Orlando,FL,32824,415000,4,2.5,1781,,single_family,O6411369,https://www.redfin.com/FL/Orlando/622-Colorado-Woods-Ct-32824/home/46859664,kissimmee,32824
1730 Ribbon Falls Pkwy,Orlando,FL,32824,415000,3,2,1770,56,single_family,O6303063,https://www.redfin.com/FL/Orlando/1730-Ribbon-Falls-Pkwy-32824/home/46620849,kissimmee,32824
3513 Mcallister Way,Orlando,FL,32837,415000,3,2,1782,29,single_family,O6426399,https://www.redfin.com/FL/Orlando/3513-McAllister-Way-32837/for-sale/46946251,kissimmee,32837
2994 Big Sky Blvd,Kissimmee,FL,34744,415000,3,2,2700,,single_family,S5153486,https://www.redfin.com/FL/Kissimmee/2994-Big-Sky-Blvd-34744/home/46569910,kissimmee,34744
4366 Silver Creek St,Kissimmee,FL,34744,415000,3,2.5,1878,123,single_family,O6428451,https://www.redfin.com/FL/Kissimmee/4366-Silver-Creek-St-34744/for-sale/168017354,kissimmee,34744
1492 Sophie Way,Kissimmee,FL,34744,415000,3,2,1917,33,single_family,397627,https://www.redfin.com/FL/Kissimmee/1492-Sophie-Way-34744/home/46548136,kissimmee,34744
2401 Volunteer Ave,Kissimmee,FL,34744,415000,4,3,2044,120,single_family,O6408166,https://www.redfin.com/FL/Kissimmee/2401-Volunteer-Ave-34744/home/177664572,kissimmee,34744
2661 Breaker Ln,Kissimmee,FL,34746,415000,4,2.5,2544,355,single_family,1229012,https://www.redfin.com/FL/Kissimmee/2661-Breaker-Ln-34746/for-sale/46488951,kissimmee,34746
3951 Santa Barbara Rd,Kissimmee,FL,34746,415000,3,2,1687,,single_family,S5151476,https://www.redfin.com/FL/Kissimmee/3951-Santa-Barbara-Rd-34746/home/46548154,kissimmee,34746
9025 Rhodes St,Kissimmee,FL,34747,415000,5,4.5,2263,580,condo,O6430843,https://www.redfin.com/FL/Kissimmee/9025-Rhodes-St-34747/home/147928054,kissimmee,34747
2968 ON The Rocks Pt,Kissimmee,FL,34747,415000,3,3,1545,780,condo,TB8523622,https://www.redfin.com/FL/Kissimmee/2968-On-the-Rocks-Pt-34747/home/177663250,kissimmee,34747
4902 Pall Mall St E,Kissimmee,FL,34758,415000,4,2.5,2139,278,single_family,S5153223,https://www.redfin.com/FL/Kissimmee/4902-Pall-Mall-St-34758/home/54772932,kissimmee,34758
4781 Marcos Cir,Kissimmee,FL,34758,415000,4,2.5,1900,108,single_family,O6378157,https://www.redfin.com/FL/Kissimmee/4781-Marcos-Cir-34758/home/170048828,kissimmee,34758
4246 Barbuda Ln,Kissimmee,FL,34758,415000,3,2,1923,421,single_family,O6381620,https://www.redfin.com/FL/Kissimmee/4246-Barbuda-Ln-34758/home/193906878,kissimmee,34758
5772 Meads Bay Pond Rd,Kissimmee,FL,34758,415279,3,2,2055,124,single_family,O6431007,https://www.redfin.com/FL/Kissimmee/5772-Meads-Bay-Pond-Rd-34758/for-sale/199300663,kissimmee,34758
VALE Plan,Mg8ksr Orlando,FL,32824,416990,3,2.5,1758,,condo,7C44297257F0,https://www.redfin.com/FL/Mg8ksr-Orlando/Orlando/VALE/home/196563406,kissimmee,32824
8546 Bay Lilly Loop,Kissimmee,FL,34747,417900,4,3,1636,594,condo,O6424476,https://www.redfin.com/FL/Kissimmee/8546-Bay-Lilly-Loop-34747/home/46492533,kissimmee,34747
4071 Longworth Loop,Kissimmee,FL,34744,418000,3,2,1809,82,single_family,O6423960,https://www.redfin.com/FL/Kissimmee/4071-Longworth-Loop-34744/home/46494430,kissimmee,34744
832 Driving Range Ct,Reunion,FL,34747,418000,3,2.5,1704,648,condo,O6419977,https://www.redfin.com/FL/Reunion/832-Driving-Range-Ct-34747/home/173829535,kissimmee,34747
2542 Folio Way,Kissimmee,FL,34741,418900,3,2,1674,170,single_family,S5135250,https://www.redfin.com/FL/Kissimmee/2542-Folio-Way-34741/home/147928184,kissimmee,34741
2218 Newt St,Orlando,FL,32837,419000,3,2,1562,26,single_family,O6404940,https://www.redfin.com/FL/Orlando/2218-Newt-St-32837/home/46826708,kissimmee,32837
3013 Mandolin Dr,Kissimmee,FL,34744,419000,4,2,2148,82,single_family,O6411560,https://www.redfin.com/FL/Kissimmee/3013-Mandolin-Dr-34744/home/46485815,kissimmee,34744
3905 Bowfin Trl,Kissimmee,FL,34746,419000,3,2.5,2533,364,single_family,S5155075,https://www.redfin.com/FL/Kissimmee/3905-Bowfin-Trl-34746/for-sale/46505883,kissimmee,34746
1501 Angler Ave,Kissimmee,FL,34746,419000,3,2,2670,38,single_family,O6426341,https://www.redfin.com/FL/Kissimmee/1501-Angler-Ave-34746/for-sale/103844572,kissimmee,34746
2530 Maneshaw Ln,Kissimmee,FL,34747,419000,3,3,1440,518,condo,O6421480,https://www.redfin.com/FL/Kissimmee/2530-Maneshaw-Ln-34747/home/46485635,kissimmee,34747
792 Driving Range Ct,Reunion,FL,34747,419000,3,2.5,1659,678,condo,O6418913,https://www.redfin.com/FL/Reunion/792-Driving-Range-Ct-34747/home/173829523,kissimmee,34747
1203 Sandestin Way,Orlando,FL,32824,419900,4,2.5,1837,260,single_family,S5154177,https://www.redfin.com/FL/Orlando/1203-Sandestin-Way-32824/for-sale/46955007,kissimmee,32824
126 Madiera Beach Blvd,Kissimmee,FL,34746,419900,4,3,1940,466,single_family,O6422779,https://www.redfin.com/FL/Kissimmee/126-Madiera-Beach-Blvd-34746/home/46478455,kissimmee,34746
2260 Tradewinds Dr,Kissimmee,FL,34746,419900,4,2.5,2944,10,single_family,O6416638,https://www.redfin.com/FL/Kissimmee/2260-Tradewinds-Dr-34746/home/46499958,kissimmee,34746
1576 Diamond Loop Dr,Kindred,FL,34744,419990,4,2,1846,11,single_family,S5154840,https://www.redfin.com/FL/Kindred/1576-Diamond-Loop-Dr-34744/for-sale/147929629,kissimmee,34744
1834 Howard Mesa Dr,Kindred,FL,34744,419990,4,2,1665,10,single_family,O6416060,https://www.redfin.com/FL/Kindred/1834-Howard-Mesa-Dr-34744/home/188668347,kissimmee,34744
155 Barefoot Beach Way,Kissimmee,FL,34746,419999,4,2,1940,466,single_family,O6415529,https://www.redfin.com/FL/Kissimmee/155-Barefoot-Beach-Way-34746/home/46479530,kissimmee,34746
7740 Sandy Ridge Dr #149,Reunion,FL,34747,419999,3,3,1500,814,townhouse,O6421752,https://www.redfin.com/FL/Reunion/7740-Sandy-Ridge-Dr-34747/unit-149/home/193904618,kissimmee,34747
1549 Astoria Arbor Ln,Orlando,FL,32824,420000,3,2.5,1838,111,single_family,C7529157,https://www.redfin.com/FL/Orlando/1549-Astoria-Arbor-Ln-32824/for-sale/168052238,kissimmee,32824
1671 Islebrook Dr,Orlando,FL,32824,420000,3,2,1782,48,single_family,TB8508531,https://www.redfin.com/FL/Orlando/1671-Islebrook-Dr-32824/for-sale/46953075,kissimmee,32824
3342 Crystal Creek Blvd,Orlando,FL,32837,420000,4,2,1771,,single_family,O6420302,https://www.redfin.com/FL/Orlando/3342-Crystal-Creek-Blvd-32837/home/46821898,kissimmee,32837
2930 White Cedar Cir,Kissimmee,FL,34741,420000,3,2,1782,80,single_family,O6423520,https://www.redfin.com/FL/Kissimmee/2930-White-Cedar-Cir-34741/home/46579463,kissimmee,34741
2120 Marisol Loop,Kissimmee,FL,34743,420000,4,2.5,2240,18,single_family,O6406110,https://www.redfin.com/FL/Kissimmee/2120-Marisol-Loop-34743/home/46577356,kissimmee,34743
1730 Neptune Rd,Kissimmee,FL,34744,420000,4,3,2658,,single_family,O6427112,https://www.redfin.com/FL/Kissimmee/1730-Neptune-Rd-34744/for-sale/46556165,kissimmee,34744
1420 Myrna Ln,Kissimmee,FL,34744,420000,4,3,1632,,single_family,S5145932,https://www.redfin.com/FL/Kissimmee/1420-Myrna-Ln-34744/home/46534380,kissimmee,34744
1603 Barberry Dr,Kindred,FL,34744,420000,4,2,1846,11,single_family,O6398483,https://www.redfin.com/FL/Kindred/1603-Barberry-Dr-34744/home/177669991,kissimmee,34744
7677 Fitzclarence St,Kissimmee,FL,34747,420000,3,3,1440,571,condo,S5152612,https://www.redfin.com/FL/Kissimmee/7677-Fitzclarence-St-34747/home/46479375,kissimmee,34747
8875 Geneve Ct,Kissimmee,FL,34747,420000,5,4.5,2263,665,condo,O6422639,https://www.redfin.com/FL/Kissimmee/8875-Geneve-Ct-34747/home/168032346,kissimmee,33896
4957 Pall Mall St E,Kissimmee,FL,34758,420000,5,3,2000,354,single_family,S5150590,https://www.redfin.com/FL/Kissimmee/4957-Pall-Mall-St-34758/home/46499381,kissimmee,34758
2355 Andrews Valley Dr,Kissimmee,FL,34758,420000,5,3,2844,42,single_family,O6378363,https://www.redfin.com/FL/Kissimmee/2355-Andrews-Valley-Dr-34758/home/46489476,kissimmee,34758
Marisol Plan,Orlando,FL,32824,421990,3,2.5,1546,,condo,D42A68AFA13B,https://www.redfin.com/FL/Orlando/Orlando/Marisol/home/203184511,kissimmee,32824
4664 Caverns Dr,Kissimmee,FL,34758,423000,4,2.5,3439,67,single_family,S5155224,https://www.redfin.com/FL/Kissimmee/4664-Caverns-Dr-34758/for-sale/46499984,kissimmee,34758
5347 Harmony Pl,Kissimmee,FL,34758,423979,4,2,1681,,single_family,O6430579,https://www.redfin.com/FL/Kissimmee/5347-Harmony-Pl-34758/for-sale/46573443,kissimmee,34758
10354 Laxton St,Orlando,FL,32824,424000,3,2,1875,37,single_family,O6429628,https://www.redfin.com/FL/Orlando/10354-Laxton-St-32824/for-sale/46597098,kissimmee,32824
2627 Oneida Loop,Kissimmee,FL,34747,424801,4,3,1778,,single_family,O6420584,https://www.redfin.com/FL/Kissimmee/2627-Oneida-Loop-34747/home/46476332,kissimmee,34747
3012 Villa Preciosa Dr,Kissimmee,FL,34744,424900,4,2,2074,160,single_family,O6310848,https://www.redfin.com/FL/Kissimmee/3012-Villa-Preciosa-Dr-34744/home/46477053,kissimmee,34744
5863 LE Marin Way,Kissimmee,FL,34758,424900,5,3,2451,125,single_family,S5151584,https://www.redfin.com/FL/Kissimmee/5863-Le-Marin-Way-34758/home/193893304,kissimmee,34758
1856 Howard Mesa Dr,Kindred,FL,34744,424990,4,2,1665,10,single_family,O6428574,https://www.redfin.com/FL/Kindred/1856-Howard-Mesa-Dr-34744/for-sale/188668352,kissimmee,34744
4806 Cumbrian Lakes Dr,Kissimmee,FL,34746,424999,4,3.5,1836,175,single_family,S5154747,https://www.redfin.com/FL/Kissimmee/4806-Cumbrian-Lakes-Dr-34746/for-sale/46481590,kissimmee,34746
12018 Greco,Orlando,FL,32824,425000,4,3,2364,45,single_family,O6414522,https://www.redfin.com/FL/Orlando/12018-Greco-Dr-32824/home/46843356,kissimmee,32824
2378 Brewerton Ln,Orlando,FL,32824,425000,3,2,1563,155,single_family,O6422649,https://www.redfin.com/FL/Orlando/2378-Brewerton-Ln-32824/home/46644908,kissimmee,32824
10256 Laxton St,Orlando,FL,32824,425000,3,2,1624,37,single_family,O6397488,https://www.redfin.com/FL/Orlando/10256-Laxton-St-32824/home/46597103,kissimmee,32824
1448 Derby Glen Dr,Orlando,FL,32837,425000,3,2,1868,26,single_family,B26051291,https://www.redfin.com/FL/Orlando/1448-Derby-Glen-Dr-32837/home/46588200,kissimmee,32837
10700 Gardenwood Rd,Orlando,FL,32837,425000,4,2,1382,7,single_family,O6352404,https://www.redfin.com/FL/Orlando/10700-Gardenwood-Rd-32837/home/46744828,kissimmee,32837
2104 Mallard Creek Cir,Kissimmee,FL,34743,425000,4,2,1952,28,single_family,S5155215,https://www.redfin.com/FL/Kissimmee/2104-Mallard-Creek-Cir-34743/for-sale/46546416,kissimmee,34743
2705 Willow Glen Cir,Kissimmee,FL,34744,425000,4,3,1679,22,single_family,G5113160,https://www.redfin.com/FL/Kissimmee/2705-Willow-Glen-Cir-34744/home/46575513,kissimmee,34744
1781 King Charles Dr,Kissimmee,FL,34744,425000,4,2,2054,,single_family,S5151033,https://www.redfin.com/FL/Kissimmee/1781-King-Charles-Dr-34744/home/46509062,kissimmee,34744
1687 Park Side Ave,Kindred,FL,34744,425000,4,2,1846,10,single_family,S5151674,https://www.redfin.com/FL/Kindred/1687-Park-Side-Ave-34744/home/177670023,kissimmee,34744
0 Lions Ct,Kissimmee,FL,34744,425000,,,,,8,S5147244,https://www.redfin.com/FL/Kissimmee/Lion-Ct-34744/home/146623477,kissimmee,34744
1021 Tourmaline Dr,Kissimmee,FL,34746,425000,4,2,1397,205,single_family,TB8519437,https://www.redfin.com/FL/Kissimmee/1021-Tourmaline-Dr-34746/home/46497651,kissimmee,34746
156 Barefoot Beach Way,Kissimmee,FL,34746,425000,4,3,1549,466,single_family,O6412507,https://www.redfin.com/FL/Kissimmee/156-Barefoot-Beach-Way-34746/home/46479526,kissimmee,34746
4700 Cumbrian Lakes Dr,Kissimmee,FL,34746,425000,4,2.5,1908,175,single_family,O6416389,https://www.redfin.com/FL/Kissimmee/4700-Cumbrian-Lakes-Dr-34746/home/46581421,kissimmee,34746
7770 Sandy Ridge Dr #227,Reunion,FL,34747,425000,5,4.5,2703,654,townhouse,O6427088,https://www.redfin.com/FL/Reunion/7770-Sandy-Ridge-Dr-34747/unit-227/home/187219763,kissimmee,34747
3151 Sunset Walk Dr #116,Kissimmee,FL,34747,425000,1,1,960,777,townhouse,S5153810,https://www.redfin.com/FL/Kissimmee/3151-Sunset-Walk-Dr-34747/unit-116/home/203152340,kissimmee,34747
7901 Putting Way,Reunion,FL,34747,425000,3,2.5,1659,678,condo,TB8531257,https://www.redfin.com/FL/Reunion/7901-Putting-Green-Way-34747/home/173829514,kissimmee,34747
331 Ashburton Way,Kissimmee,FL,34758,425000,4,3,2679,100,single_family,O6431564,https://www.redfin.com/FL/Kissimmee/331-Ashburton-Way-34758/for-sale/46558971,kissimmee,34758
4851 Pearl Lake Ct,Kissimmee,FL,34758,425000,4,2,2116,120,single_family,O6421367,https://www.redfin.com/FL/Kissimmee/4851-Pearl-Lake-Ct-34758/home/162546398,kissimmee,34758
5253 Sunset Canyon Dr,Kissimmee,FL,34758,425000,4,3.5,2948,42,single_family,S5149240,https://www.redfin.com/FL/Kissimmee/5253-Sunset-Canyon-Dr-34758/home/46482504,kissimmee,34758
2661 Ames Haven Rd,Kissimmee,FL,34744,425830,4,2,1866,,single_family,S5145125,https://www.redfin.com/FL/Kissimmee/2661-Ames-Haven-Rd-34744/home/46569595,kissimmee,34744
2515 Nouveau Way,Kissimmee,FL,34741,426500,4,2,1706,173,single_family,S5151111,https://www.redfin.com/FL/Kissimmee/2515-Nouveau-Way-34741/home/147928886,kissimmee,34741
4614 Coral Harbour Rd,Kissimmee,FL,34758,426730,4,3,2366,124,single_family,O6417432,https://www.redfin.com/FL/Kissimmee/4614-Coral-Harbour-Rd-34758/home/199300712,kissimmee,34758
3827 Golden Knot Dr,Kissimmee,FL,34746,427000,4,3,2754,365,single_family,S5154671,https://www.redfin.com/FL/Kissimmee/3827-Golden-Knot-Dr-34746/for-sale/46507583,kissimmee,34746
46 Cordona Dr,Kissimmee,FL,34758,427990,4,2,2067,100,single_family,O6428211,https://www.redfin.com/FL/Kissimmee/46-Cordona-Dr-34758/for-sale/46562181,kissimmee,34758
4627 Coral Harbour Rd,Kissimmee,FL,34758,428730,4,3,2366,,condo,4ED4B78E7BA7,https://www.redfin.com/FL/Kissimmee/4627-Coral-Harbour-Rd-34758/home/199300647,kissimmee,34758
1868 Howard Mesa Dr,Kindred,FL,34744,428990,4,2,1665,10,single_family,O6416122,https://www.redfin.com/FL/Kindred/1868-Howard-Mesa-Dr-34744/home/188668356,kissimmee,34744
2863 Boating Blvd,Kissimmee,FL,34746,428999,4,2.5,,96,single_family,A12030380,https://www.redfin.com/FL/Kissimmee/2863-Boating-Blvd-34746/home/46506300,kissimmee,34746
2735 Carrickton Cir,Orlando,FL,32824,429000,4,3,2027,155,single_family,O6418385,https://www.redfin.com/FL/Orlando/2735-Carrickton-Cir-32824/home/46664021,kissimmee,32824
1260 Pecan St,Kissimmee,FL,34744,429000,3,2,2107,,single_family,O6426199,https://www.redfin.com/FL/Kissimmee/1260-Pecan-St-34744/for-sale/46566788,kissimmee,34744
7671 Recife Dr Unit 13-88,Kissimmee,FL,34747,429000,4,4.5,2538,744,townhouse,O6413855,https://www.redfin.com/FL/Kissimmee/7671-Recife-Dr-34747/unit-13-88/home/194414160,kissimmee,34747
2259 Waukegan Dr,Kissimmee,FL,34758,429000,4,3,2814,120,single_family,S5154846,https://www.redfin.com/FL/Kissimmee/2259-Waukegan-Dr-34758/for-sale/103848488,kissimmee,34758
12100 Carolina Woods Ln,Orlando,FL,32824,429900,4,3,1839,,single_family,O6422942,https://www.redfin.com/FL/Orlando/12100-Carolina-Woods-Ln-32824/home/46850399,kissimmee,32824
15078 Willow Arbor Cir,Orlando,FL,32824,429900,4,2.5,2076,115,single_family,O6402180,https://www.redfin.com/FL/Orlando/15078-Willow-Arbor-Cir-32824/home/148540795,kissimmee,32824
13230 Meadowfield Dr,Orlando,FL,32824,429900,4,2.5,1870,66,single_family,O6390375,https://www.redfin.com/FL/Orlando/13230-Meadowfield-Dr-32824/home/46858666,kissimmee,32824
1673 Barberry Dr,Kindred,FL,34744,429990,4,2,1846,11,single_family,S5147034,https://www.redfin.com/FL/Kindred/1673-Barberry-Dr-34744/home/177669936,kissimmee,34744
Anastasia Plan,Kissimmee,FL,34758,429999,4,3.5,2582,,single_family,7003EAADD91F,https://www.redfin.com/FL/Kissimmee/Kissimmee/Anastasia/home/201248103,kissimmee,34758
2131 Ribbon Falls Pkwy,Orlando,FL,32824,430000,3,2,1630,54,single_family,S5154636,https://www.redfin.com/FL/Orlando/2131-Ribbon-Falls-Pkwy-32824/for-sale/46601682,kissimmee,32824
4394 Campsite Loop,Orlando,FL,32824,430000,4,3,1823,229,condo,O6419095,https://www.redfin.com/FL/Orlando/4394-Campsite-Loop-32824/home/186319698,kissimmee,32824
1710 Plantation Pointe Dr,Orlando,FL,32824,430000,3,2,1523,114,single_family,O6406177,https://www.redfin.com/FL/Orlando/1710-Plantation-Pointe-Dr-32824/for-sale/46663354,kissimmee,32824
1534 Pine St,Orlando,FL,32824,430000,4,2,1669,,single_family,TB8413865,https://www.redfin.com/FL/Orlando/1534-Pine-St-32824/home/46934286,kissimmee,32824
2235 Meadowmouse St,Orlando,FL,32837,430000,4,2.5,1876,27,single_family,O6427346,https://www.redfin.com/FL/Orlando/2235-Meadowmouse-St-32837/for-sale/46826778,kissimmee,32837
12686 Newfield Dr,Orlando,FL,32837,430000,4,2,2337,28,single_family,O6404206,https://www.redfin.com/FL/Orlando/12686-Newfield-Dr-32837/home/46827619,kissimmee,32837
1513 Harrier Dr,Orlando,FL,32837,430000,3,2,1852,41,single_family,S5149164,https://www.redfin.com/FL/Orlando/1513-Harrier-Dr-32837/home/46949336,kissimmee,32837
4936 Bellthorn Dr,Orlando,FL,32837,430000,4,3,2369,100,single_family,O6352630,https://www.redfin.com/FL/Orlando/4936-Bellthorn-Dr-32837/home/46899862,kissimmee,32837
2444 Varenna Loop,Kissimmee,FL,34741,430000,3,2,1706,173,single_family,O6372247,https://www.redfin.com/FL/Kissimmee/2444-Varenna-Loop-34741/home/170043572,kissimmee,34741
3264 Fairfield Dr,Kissimmee,FL,34743,430000,4,2,1841,8,single_family,S5152998,https://www.redfin.com/FL/Kissimmee/3264-Fairfield-Dr-34743/home/46521093,kissimmee,34743
3114 Stern Ct,Kissimmee,FL,34743,430000,4,3,1874,35,single_family,O6421025,https://www.redfin.com/FL/Kissimmee/3114-Stern-Ct-34743/home/46572117,kissimmee,34743
2730 Amanda Kay Way,Kissimmee,FL,34744,430000,4,2.5,2906,13,single_family,S5153824,https://www.redfin.com/FL/Kissimmee/2730-Amanda-Kay-Way-34744/for-sale/46479950,kissimmee,34744
1660 Cross Prairie Pkwy,Kissimmee,FL,34744,430000,3,2.5,1802,20,single_family,R4911380,https://www.redfin.com/FL/Kissimmee/1660-Cross-Prairie-Pkwy-34744/home/177664576,kissimmee,34744
7740 Sandy Ridge Dr Unit 241 BLDG 44,Reunion,FL,34747,430000,5,4,2630,1195,townhouse,O6429121,https://www.redfin.com/FL/Reunion/7740-Sandy-Ridge-Dr-34747/unit-241/for-sale/188677110,kissimmee,34747
3163 Yellow Lantana Ln,Kissimmee,FL,34747,430000,4,3,1636,594,condo,O6415064,https://www.redfin.com/FL/Kissimmee/3163-Yellow-Lantana-Ln-34747/home/46492482,kissimmee,34747
4240 Barbuda Ln,Kissimmee,FL,34758,430000,2,2,2100,421,single_family,O6381612,https://www.redfin.com/FL/Kissimmee/4240-Barbuda-Ln-34758/home/193906879,kissimmee,34758
4698 Coral Harbour Rd,Kissimmee,FL,34758,432999,4,3,2394,124,single_family,O6381714,https://www.redfin.com/FL/Kissimmee/4698-Coral-Harbour-Rd-34758/home/193909062,kissimmee,34758
2500 Renshaw St,Kissimmee,FL,34747,434000,3,3,1440,604,condo,O6427721,https://www.redfin.com/FL/Kissimmee/2500-Renshaw-St-34747/home/46480373,kissimmee,34747
1777 Walnut Creek Dr,Kindred,FL,34744,434500,4,2.5,2339,10,single_family,O6390965,https://www.redfin.com/FL/Kindred/1777-Walnut-Creek-Dr-34744/home/188550385,kissimmee,34744
14249 Queenside St,Orlando,FL,32824,435000,4,2,1980,155,single_family,O6429881,https://www.redfin.com/FL/Orlando/14249-Queenside-St-32824/for-sale/46664537,kissimmee,32824
1432 Avleigh Cir,Orlando,FL,32824,435000,3,2,1406,25,single_family,2156628,https://www.redfin.com/FL/Orlando/1432-Avleigh-Cir-32824/for-sale/46935327,kissimmee,32824
499 Chicago Woods Cir,Orlando,FL,32824,435000,4,2.5,2070,,single_family,OM727521,https://www.redfin.com/FL/Orlando/499-Chicago-Woods-Cir-32824/home/46859341,kissimmee,32824
12254 Sandy Apple Rd,Orlando,FL,32824,435000,4,2,1839,77,single_family,S5139186,https://www.redfin.com/FL/Orlando/12254-Sandy-Apple-Rd-32824/home/107968390,kissimmee,32824
2943 Woolridge Dr,Orlando,FL,32837,435000,3,2,1365,16,single_family,TB8533358,https://www.redfin.com/FL/Orlando/2943-Woolridge-Dr-32837/for-sale/46798084,kissimmee,32837
10500 Ramblewood Rd,Orlando,FL,32837,435000,4,2,1683,8,single_family,O6429804,https://www.redfin.com/FL/Orlando/10500-Ramblewood-Rd-32837/for-sale/46744989,kissimmee,32837
14435 Windchime Ln,Orlando,FL,32837,435000,3,2,1583,340,single_family,S5152868,https://www.redfin.com/FL/Orlando/14435-Windchime-Ln-32837/home/46912721,kissimmee,32837
10539 Woodway Dr,Orlando,FL,32837,435000,3,3.5,2021,8,single_family,S5153429,https://www.redfin.com/FL/Orlando/10539-Woodway-Dr-32837/for-sale/46745021,kissimmee,32837
2217 Paprika Dr,Orlando,FL,32837,435000,3,2,1405,,single_family,S5144905,https://www.redfin.com/FL/Orlando/2217-Paprika-Dr-32837/home/46834894,kissimmee,32837
1994 Spring Shower Cir,Kissimmee,FL,34744,435000,3,2,2056,128,single_family,S5153955,https://www.redfin.com/FL/Kissimmee/1994-Spring-Shower-Cir-34744/for-sale/177093922,kissimmee,34744
1326 Sweetwood Blvd,Kissimmee,FL,34744,435000,3,2,1571,,single_family,S5147282,https://www.redfin.com/FL/Kissimmee/1326-Sweetwood-Blvd-34744/home/46540342,kissimmee,34744
8838 Geneve Ct,Kissimmee,FL,34747,435000,5,4.5,2263,560,condo,O6420591,https://www.redfin.com/FL/Kissimmee/8838-Geneve-Ct-34747/home/168032368,kissimmee,33896
14904 Wild Wood Lily Ct,Orlando,FL,32824,435800,4,3,2018,22,single_family,O6372187,https://www.redfin.com/FL/Orlando/14904-Wild-Wood-Lily-Ct-32824/home/46934635,kissimmee,32824
14192 Gold Bridge Dr,Orlando,FL,32824,438000,3,2,1737,157,single_family,O6431508,https://www.redfin.com/FL/Orlando/14192-Gold-Bridge-Dr-32824/for-sale/107970258,kissimmee,32824
230 Lytton Cir,Orlando,FL,32824,439000,4,2,1910,30,single_family,O6428264,https://www.redfin.com/FL/Orlando/230-Lytton-Cir-32824/for-sale/46783698,kissimmee,32824
604 Chadbury Way,Kissimmee,FL,34744,439000,4,3,1719,78,single_family,O6420445,https://www.redfin.com/FL/Kissimmee/604-Chadbury-Way-34744/home/46477617,kissimmee,34744
4406 Silver Creek St,Kissimmee,FL,34744,439000,3,2.5,1878,94,single_family,O6418739,https://www.redfin.com/FL/Kissimmee/4406-Silver-Creek-St-34744/home/168017346,kissimmee,34744
2901 Sweetspire Cir,Kissimmee,FL,34746,439000,4,3,2220,14,single_family,O6412898,https://www.redfin.com/FL/Kissimmee/2901-Sweetspire-Cir-34746/home/46491768,kissimmee,34746
3855 Carrick Bend Dr,Kissimmee,FL,34746,439000,4,2,,363,single_family,A12043286,https://www.redfin.com/FL/Kissimmee/3855-Carrick-Bend-Dr-34746/home/162770676,kissimmee,34746
2170 Cooper Bell Pl,Kissimmee,FL,34747,439000,4,4.5,2090,663,condo,A12055449,https://www.redfin.com/FL/Kissimmee/2170-Cooper-Bell-Pl-34747/for-sale/170047219,kissimmee,34747
2413 Dubai St,Kissimmee,FL,34747,439000,5,4.5,2263,560,condo,O6418129,https://www.redfin.com/FL/Kissimmee/2413-Dubai-St-34747/home/170047309,kissimmee,34747
1900 Acacia Dr,Kissimmee,FL,34758,439000,4,3,2566,133,single_family,O6414678,https://www.redfin.com/FL/Kissimmee/1900-Acacia-Dr-34758/home/46498593,kissimmee,34758
162 Harwood Cir,Kissimmee,FL,34744,439900,4,2.5,2516,13,single_family,O6412762,https://www.redfin.com/FL/Kissimmee/162-Harwood-Cir-34744/home/46550403,kissimmee,34744
2220 Wyndham Palms Way,Kissimmee,FL,34747,439900,4,2,1567,548,single_family,O6429977,https://www.redfin.com/FL/Kissimmee/2220-Wyndham-Palms-Way-34747/for-sale/46580222,kissimmee,34747
2931 Paddington Way,Kissimmee,FL,34747,439900,4,2,2157,,single_family,S5152925,https://www.redfin.com/FL/Kissimmee/2931-Paddington-Way-34747/home/46517697,kissimmee,34747
12702 Enclave Dr,Orlando,FL,32837,439990,4,2,2005,50,single_family,O6384137,https://www.redfin.com/FL/Orlando/12702-Enclave-Dr-32837/home/46835885,kissimmee,32837
3028 Camino Real Dr S,Kissimmee,FL,34744,439995,4,2,2259,162,single_family,O6426588,https://www.redfin.com/FL/Kissimmee/3028-Camino-Real-Dr-S-34744/for-sale/46481270,kissimmee,34744
1017 Lake Berkley Dr,Kissimmee,FL,34746,439999,4,3,1900,245,single_family,O6431899,https://www.redfin.com/FL/Kissimmee/1017-Lake-Berkley-Dr-34746/for-sale/46574698,kissimmee,34746
124 Seabearn Ct,Orlando,FL,32824,440000,3,2,1944,30,single_family,O6429912,https://www.redfin.com/FL/Orlando/124-Seabearn-Ct-32824/for-sale/46784630,kissimmee,32824
14112 Queenside St,Orlando,FL,32824,440000,3,2,1670,155,single_family,S5153421,https://www.redfin.com/FL/Orlando/14112-Queenside-St-32824/home/46664492,kissimmee,32824
12845 Sawgrass Pine Cir,Orlando,FL,32824,440000,3,2,2141,114,single_family,O6397445,https://www.redfin.com/FL/Orlando/12845-Sawgrass-Pine-Cir-32824/home/46677850,kissimmee,32824
213 Competition Dr,Kissimmee,FL,34743,440000,4,2,1930,,single_family,O6420239,https://www.redfin.com/FL/Kissimmee/213-Competition-Dr-34743/home/46528303,kissimmee,34743
3044 Slough Creek Dr,Kissimmee,FL,34744,440000,4,2.5,2016,129,single_family,O6428969,https://www.redfin.com/FL/Kissimmee/3044-Slough-Creek-Dr-34744/for-sale/173810751,kissimmee,34744
518 Tohopekaliga Ave,Kissimmee,FL,34744,440000,4,2,1952,,single_family,S5153656,https://www.redfin.com/FL/Kissimmee/518-Tohopekaliga-Ave-34744/home/46553639,kissimmee,34744
3215 Stratton Cir,Kissimmee,FL,34744,440000,4,3,2432,80,single_family,S5150428,https://www.redfin.com/FL/Kissimmee/3215-Stratton-Cir-34744/home/162338159,kissimmee,34744
2716 Vista Verde Ln,Kissimmee,FL,34744,440000,3,2.5,2128,138,single_family,S5134076,https://www.redfin.com/FL/Kissimmee/2716-Vista-Verde-Ln-34744/home/170044397,kissimmee,34744
2281 Pocky Way,Kissimmee,FL,34746,440000,4,3,2115,168,single_family,S5155147,https://www.redfin.com/FL/Kissimmee/2281-Pocky-Way-34746/for-sale/188674656,kissimmee,34746
2660 Santosh Cv,Kissimmee,FL,34746,440000,4,3.5,2038,345,single_family,O6421204,https://www.redfin.com/FL/Kissimmee/2660-Santosh-Cv-34746/home/64041199,kissimmee,34746
7770 Sandy Ridge Dr #207,Reunion,FL,34747,440000,4,3.5,2630,920,townhouse,O6420488,https://www.redfin.com/FL/Reunion/7770-Sandy-Ridge-Dr-34747/unit-207/home/173829610,kissimmee,34747
1974 Majorca Dr,Kissimmee,FL,34747,440000,5,4.5,2265,579,condo,S5151890,https://www.redfin.com/FL/Kissimmee/1974-Majorca-Dr-34747/home/103849215,kissimmee,34747
2478 Addison Creek Dr,Kissimmee,FL,34758,440000,4,3,2814,120,single_family,O6422990,https://www.redfin.com/FL/Kissimmee/2478-Addison-Creek-Dr-34758/home/147928940,kissimmee,34758
2677 Rania Ln,Kissimmee,FL,34744,443999,4,2,1723,166,single_family,O6427175,https://www.redfin.com/FL/Kissimmee/2677-Rania-Ln-34744/for-sale/199299809,kissimmee,34744
2704 Muscatello St,Orlando,FL,32837,444000,3,2,2046,,single_family,O6426513,https://www.redfin.com/FL/Orlando/2704-Muscatello-St-32837/home/46828562,kissimmee,32837
1876 Cassidy Knoll Dr,Kindred,FL,34744,444000,5,3.5,2807,10,single_family,S5155050,https://www.redfin.com/FL/Kindred/1876-Cassidy-Knoll-Dr-34744/for-sale/168043040,kissimmee,34744
1508 Jenni Lee Ct,Kissimmee,FL,34744,444900,3,2,2077,20,single_family,TB8508177,https://www.redfin.com/FL/Kissimmee/1508-Jenni-Lee-Ct-34744/home/46568012,kissimmee,34744
1764 Stamen Dr,Kissimmee,FL,34744,444990,3,2.5,1985,160,single_family,O6391946,https://www.redfin.com/FL/Kissimmee/1764-Stamen-Dr-34744/home/184282536,kissimmee,34744
1739 Good Neighbor Loop,Kissimmee,FL,34744,445000,3,2,2068,10,single_family,O6430418,https://www.redfin.com/FL/Kissimmee/1739-Good-Neighbor-Loop-34744/for-sale/177664726,kissimmee,34744
802 Hastings Dr,Kissimmee,FL,34744,445000,3,3,2400,,single_family,S5152739,https://www.redfin.com/FL/Kissimmee/802-Hastings-Dr-34744/home/46553278,kissimmee,34744
2948 Crest Dr,Kissimmee,FL,34744,445000,4,2.5,1923,101,single_family,O6409508,https://www.redfin.com/FL/Kissimmee/2948-Crest-Dr-34744/home/173812505,kissimmee,34744
1496 Brentwood Dr,Kissimmee,FL,34746,445000,3,2,1580,88,single_family,O6422761,https://www.redfin.com/FL/Kissimmee/1496-Brentwood-Dr-34746/home/187829230,kissimmee,34746
2436 Dubai St,Kissimmee,FL,34747,445000,5,4,2263,608,condo,O6417398,https://www.redfin.com/FL/Kissimmee/2436-Dubai-St-34747/home/170047286,kissimmee,34747
2914 Blooming Alamanda Loop,Kissimmee,FL,34747,445900,4,3,1662,90,single_family,S5154555,https://www.redfin.com/FL/Kissimmee/2914-Blooming-Alamanda-Loop-34747/for-sale/46572743,kissimmee,34747
1068 Lake Berkley Dr,Kissimmee,FL,34746,446900,4,2,1782,261,single_family,S5151030,https://www.redfin.com/FL/Kissimmee/1068-Lake-Berkley-Dr-34746/home/46574814,kissimmee,34746
1539 Beechmont Dr,Kindred,FL,34744,446990,4,2,1828,10,single_family,O6422693,https://www.redfin.com/FL/Kindred/1539-Beechmont-Dr-34744/home/173835040,kissimmee,34744
1974 Spring Shower Cir,Kissimmee,FL,34744,447000,3,3,2175,135,single_family,O6418282,https://www.redfin.com/FL/Kissimmee/1974-Spring-Shower-Cir-34744/home/177664329,kissimmee,34744
1782 Hideout St,Kindred,FL,34744,447990,4,2,1846,10,single_family,S5152167,https://www.redfin.com/FL/Kindred/1782-Hideout-St-34744/home/188667926,kissimmee,34744
2905 Summer Green Trl,Kissimmee,FL,34744,448000,4,3,2344,93,single_family,O6413243,https://www.redfin.com/FL/Kissimmee/2905-Summer-Green-Trl-34744/home/173812517,kissimmee,34744
8928 Bismarck Palm Rd,Kissimmee,FL,34747,448000,5,5,3015,680,single_family,O6426454,https://www.redfin.com/FL/Kissimmee/8928-Bismarck-Palm-Rd-34747/for-sale/53393889,kissimmee,34747
11737 Frubisher Ct,Orlando,FL,32837,449000,3,2,1684,37,single_family,O6429576,https://www.redfin.com/FL/Orlando/11737-Frubisher-Ct-32837/for-sale/46799074,kissimmee,32837
3476 Forest Ridge Ln,Kissimmee,FL,34741,449000,4,2,2395,80,single_family,S5152966,https://www.redfin.com/FL/Kissimmee/3476-Forest-Ridge-Ln-34741/home/46578893,kissimmee,34741
3539 Maple Ridge Loop,Kissimmee,FL,34741,449000,4,2,2298,73,single_family,O6386171,https://www.redfin.com/FL/Kissimmee/3539-Maple-Ridge-Loop-34741/home/46579506,kissimmee,34741
2761 Michigan Ave,Kissimmee,FL,34744,449000,4,2,1869,,4,O6375128,https://www.redfin.com/FL/Kissimmee/2761-Michigan-Ave-34744/home/46535698,kissimmee,34744
1743 Good Neighbor Loop,Kissimmee,FL,34744,449000,4,3,2133,6,single_family,O6403890,https://www.redfin.com/FL/Kissimmee/1743-Good-Neighbor-Loop-34744/home/177664725,kissimmee,34744
1877 Summer Serenity Dr,Kissimmee,FL,34744,449000,4,3,2776,10,single_family,O6354995,https://www.redfin.com/FL/Kissimmee/1877-Summer-Serenity-Dr-34744/home/177664117,kissimmee,34744
2639 Candied Apple Aly,Kissimmee,FL,34744,449000,3,3,1755,308,condo,O6394670,https://www.redfin.com/FL/Kissimmee/2639-Candied-Apple-Aly-34744/home/188673455,kissimmee,34744
4820 Love Storey Ln,Kissimmee,FL,34746,449000,4,3,1914,523,condo,O6426038,https://www.redfin.com/FL/Kissimmee/4820-Love-Storey-Ln-34746/home/162527975,kissimmee,34746
4715 Cumbrian Lakes Dr,Kissimmee,FL,34746,449000,4,3.5,1902,175,single_family,O6416489,https://www.redfin.com/FL/Kissimmee/4715-Cumbrian-Lakes-Dr-34746/home/46581414,kissimmee,34746
4258 Twisted Twig Bnd,Kissimmee,FL,34746,449000,5,2.5,2388,181,single_family,S5152122,https://www.redfin.com/FL/Kissimmee/4258-Twisted-Twig-Bnd-34746/home/188674680,kissimmee,34746
2529 Jasmine Trace Dr,Kissimmee,FL,34758,449000,4,3,2384,,single_family,S5155165,https://www.redfin.com/FL/Kissimmee/2529-Jasmine-Trace-Dr-34758/for-sale/46540196,kissimmee,34758
2765 Carrickton Cir,Orlando,FL,32824,449500,4,3,2027,150,single_family,O6409680,https://www.redfin.com/FL/Orlando/2765-Carrickton-Cir-32824/home/46664030,kissimmee,32824
1057 Soaring Eagle Ln,Kissimmee,FL,34746,449500,4,2.5,1822,22,single_family,S5152630,https://www.redfin.com/FL/Kissimmee/1057-Soaring-Eagle-Ln-34746/home/46570919,kissimmee,34746
3001 Mandolin Dr,Kissimmee,FL,34744,449777,4,2.5,2392,82,single_family,S5139386,https://www.redfin.com/FL/Kissimmee/3001-Mandolin-Dr-34744/home/46484197,kissimmee,34744
2780 Avian Loop,Kissimmee,FL,34741,449900,4,3,2176,195,single_family,S5142594,https://www.redfin.com/FL/Kissimmee/2780-Avian-Loop-34741/for-sale/162417482,kissimmee,34741
Barn St,Kissimmee,FL,34744,449900,,,,,8,S5143269,https://www.redfin.com/FL/Kissimmee/0-Barn-St-34744/home/189736076,kissimmee,34741
1495 Skyline Dr,Kissimmee,FL,34744,449900,3,2,2094,15,single_family,S5145209,https://www.redfin.com/FL/Kissimmee/1495-Skyline-Dr-34744/home/46514242,kissimmee,34744
2907 Summer Green Trl,Kissimmee,FL,34744,449900,4,3,2344,90,single_family,TB8511167,https://www.redfin.com/FL/Kissimmee/2907-Summer-Green-Trl-34744/home/173812516,kissimmee,34744
3251 Pinewood Ct,Kissimmee,FL,34746,449900,3,2,2404,30,single_family,O6427499,https://www.redfin.com/FL/Kissimmee/3251-Pinewood-Ct-34746/for-sale/46551397,kissimmee,34746
4959 Thames St E,Kissimmee,FL,34758,449900,4,3,1744,354,single_family,R4910911,https://www.redfin.com/FL/Kissimmee/4959-Thames-St-34758/home/46499376,kissimmee,34758
4424 Silver Creek St,Kissimmee,FL,34744,449990,5,2.5,2370,123,single_family,O6423965,https://www.redfin.com/FL/Kissimmee/4424-Silver-Creek-St-34744/home/168017337,kissimmee,34744
1732 Flourish Ave,Kissimmee,FL,34744,449990,4,2.5,2234,10,single_family,S5152529,https://www.redfin.com/FL/Kissimmee/1732-Flourish-Ave-34744/home/168022152,kissimmee,34744
2669 Broadwing St,Kissimmee,FL,34746,449990,4,2,1903,60,single_family,TB8533459,https://www.redfin.com/FL/Kissimmee/2669-Broadwing-St-34746/for-sale/199302110,kissimmee,34746
2608 Nouveau Way,Kissimmee,FL,34741,449999,3,2,1706,346,single_family,S5151969,https://www.redfin.com/FL/Kissimmee/2608-Nouveau-Way-34741/home/147928842,kissimmee,34741
14157 Gold Bridge Dr,Orlando,FL,32824,450000,3,2,1728,155,single_family,S5155307,https://www.redfin.com/FL/Orlando/14157-Gold-Bridge-Dr-32824/for-sale/107970267,kissimmee,32824
362 Iowa Woods Cir W,Orlando,FL,32824,450000,3,2,2280,,single_family,O6384619,https://www.redfin.com/FL/Orlando/362-Iowa-Woods-Cir-W-32824/home/46850739,kissimmee,32824
2358 Oldfield Dr,Orlando,FL,32837,450000,4,2,2337,27,single_family,O6412731,https://www.redfin.com/FL/Orlando/2358-Oldfield-Dr-32837/home/46827654,kissimmee,32837
2922 Willow Creek Ln,Kissimmee,FL,34741,450000,3,2,1796,80,single_family,O6413859,https://www.redfin.com/FL/Kissimmee/2922-Willow-Creek-Ln-34741/home/46579643,kissimmee,34741
363 Buttonwood Dr,Kissimmee,FL,34743,450000,4,3,1730,,single_family,B26059739,https://www.redfin.com/FL/Kissimmee/363-Buttonwood-Dr-34743/for-sale/46526374,kissimmee,34743
187 Pinewood Cir,Kissimmee,FL,34743,450000,4,2.5,1916,,single_family,O6411284,https://www.redfin.com/FL/Kissimmee/187-Pinewood-Cir-34743/home/46527381,kissimmee,34743
125 Teakwood Dr,Kissimmee,FL,34743,450000,4,2,1702,,single_family,O6398490,https://www.redfin.com/FL/Kissimmee/125-Teakwood-Dr-34743/home/46526897,kissimmee,34743
1778 Good Neighbor Loop,Kissimmee,FL,34744,450000,4,3,2133,6,single_family,O6384377,https://www.redfin.com/FL/Kissimmee/1778-Good-Neighbor-Loop-34744/home/177664747,kissimmee,34744
3080 Juliet Dr,Kissimmee,FL,34746,450000,4,3,1914,503,condo,G5115957,https://www.redfin.com/FL/Kissimmee/3080-Juliet-Dr-34746/home/109104104,kissimmee,34746
3801 Bowfin Trl,Kissimmee,FL,34746,450000,4,2,2398,364,single_family,S5151840,https://www.redfin.com/FL/Kissimmee/3801-Bowfin-Trl-34746/home/109810199,kissimmee,34746
5049 Blue Hammock Ct,Kissimmee,FL,34746,450000,4,2.5,2248,123,single_family,S5153424,https://www.redfin.com/FL/Kissimmee/5049-Blue-Hammock-Ct-34746/home/184282298,kissimmee,34746
3115 Tocoa Cir,Kissimmee,FL,34746,450000,4,3.5,1782,272,condo,O6414753,https://www.redfin.com/FL/Kissimmee/3115-Tocoa-Cir-34746/home/103844873,kissimmee,34746
2070 Rome Dr,Kissimmee,FL,34747,450000,5,4.5,2265,579,condo,O6426610,https://www.redfin.com/FL/Kissimmee/2070-Rome-Dr-34747/home/109813144,kissimmee,34747
2194 Fleming Mist Pl,Kissimmee,FL,34747,450000,4,4.5,2145,650,condo,O6423584,https://www.redfin.com/FL/Kissimmee/2194-Fleming-Mist-Pl-34747/home/170047237,kissimmee,34747
5786 Gingham Dr,Kissimmee,FL,34758,450990,4,3,2110,124,single_family,O6410195,https://www.redfin.com/FL/Kissimmee/5786-Gingham-Dr-34758/home/192864277,kissimmee,34758
1503 Beechmont Dr,Kindred,FL,34744,451990,4,2,1828,10,single_family,O6430727,https://www.redfin.com/FL/Kindred/1503-Beechmont-Dr-34744/for-sale/173835049,kissimmee,34744
12637 Old Plantation Ln,Orlando,FL,32824,454900,3,2,2046,114,single_family,O6427236,https://www.redfin.com/FL/Orlando/12637-Old-Plantation-Ln-32824/for-sale/46678563,kissimmee,32824
3524 Shorewood Dr,Kissimmee,FL,34746,454900,4,2.5,2494,364,single_family,S5151829,https://www.redfin.com/FL/Kissimmee/3524-Shorewood-Dr-34746/home/46478171,kissimmee,34746
8974 Amelia Downs Trl,Kissimmee,FL,34747,454999,5,4.5,2294,660,condo,O6415120,https://www.redfin.com/FL/Kissimmee/8974-Amelia-Downs-Trl-34747/home/170047208,kissimmee,34747
2248 Stone Lake Ct,Orlando,FL,32824,455000,3,2,1594,100,single_family,O6431612,https://www.redfin.com/FL/Orlando/2248-Stone-Lake-Ct-32824/for-sale/46614435,kissimmee,32824
2029 Great Falls Way,Orlando,FL,32824,455000,5,2.5,2287,60,single_family,O6418760,https://www.redfin.com/FL/Orlando/2029-Great-Falls-Way-32824/home/46620746,kissimmee,32824
28 Linda Ln,Kissimmee,FL,34744,455000,3,2,1745,,single_family,O6422948,https://www.redfin.com/FL/Kissimmee/28-Linda-Ln-34744/home/46554066,kissimmee,34744
1538 Bitteroot St,Kindred,FL,34744,455000,4,2,1846,10,single_family,S5142228,https://www.redfin.com/FL/Kindred/1538-Bitteroot-St-34744/home/188667949,kissimmee,34744
2631 Santosh Cv,Kissimmee,FL,34746,455000,4,3.5,2038,345,single_family,S5150509,https://www.redfin.com/FL/Kissimmee/2631-Santosh-Cv-34746/home/64041210,kissimmee,34746
7952 Formosa Valley Pl,Kissimmee,FL,34747,455000,4,4.5,2112,359,condo,O6427425,https://www.redfin.com/FL/Kissimmee/7952-Formosa-Valley-Pl-34747/home/173815828,kissimmee,34747
522-524 Imperial Pl,Kissimmee,FL,34758,455000,6,4,2310,155,condo,S5145714,https://www.redfin.com/FL/Kissimmee/522-Imperial-Pl-34758/home/46560031,kissimmee,34758
2621 Palisade Blvd,Kissimmee,FL,34741,458000,3,2.5,2120,170,single_family,O6363542,https://www.redfin.com/FL/Kissimmee/2621-Palisade-Blvd-34741/home/147928911,kissimmee,34741
3078 Juliet Dr,Kissimmee,FL,34746,459000,4,3,1914,550,condo,O6406391,https://www.redfin.com/FL/Kissimmee/3078-Juliet-Dr-34746/home/109104103,kissimmee,34746
2254 Wyndham Palms Way,Kissimmee,FL,34747,459000,4,3,1834,548,single_family,O6415802,https://www.redfin.com/FL/Kissimmee/2254-Wyndham-Palms-Way-34747/home/46580300,kissimmee,34747
4337 Quote St,Kissimmee,FL,34746,459500,4,3,1914,550,condo,O6427004,https://www.redfin.com/FL/Kissimmee/4337-Quote-St-34746/home/173813429,kissimmee,34746
12441 Bohannon Blvd,Orlando,FL,32824,459900,4,2.5,2418,45,single_family,O6415161,https://www.redfin.com/FL/Orlando/12441-Bohannon-Blvd-32824/home/46844096,kissimmee,32824
2319 Plantation Oak Dr,Orlando,FL,32824,459900,4,2,1983,120,single_family,O6413365,https://www.redfin.com/FL/Orlando/2319-Plantation-Oak-Dr-32824/home/46663247,kissimmee,32824
231 Strathmore Cir,Kissimmee,FL,34744,459900,4,2,2262,18,single_family,S5145096,https://www.redfin.com/FL/Kissimmee/231-Strathmore-Cir-34744/home/46550585,kissimmee,34744
2275 Rambling Oaks Way,Kissimmee,FL,34746,459900,4,3,2768,53,single_family,O6418529,https://www.redfin.com/FL/Kissimmee/2275-Rambling-Oaks-Way-34746/home/46488322,kissimmee,34746
1255 Seasons Blvd,Kissimmee,FL,34746,459950,4,3,1940,225,single_family,O6415764,https://www.redfin.com/FL/Kissimmee/1255-Seasons-Blvd-34746/home/46480462,kissimmee,34746
4381 Creekside Blvd,Kissimmee,FL,34746,459990,4,2.5,1999,27,single_family,S5153029,https://www.redfin.com/FL/Kissimmee/4381-Creekside-Blvd-34746/home/46567502,kissimmee,34746
2659 Autumn Creek Cir,Kissimmee,FL,34747,459990,5,3,1824,,single_family,S5151983,https://www.redfin.com/FL/Kissimmee/2659-Autumn-Creek-Cir-34747/home/46573115,kissimmee,34747
343 Lytton Cir,Orlando,FL,32824,460000,4,2,1877,30,single_family,O6429673,https://www.redfin.com/FL/Orlando/343-Lytton-Cir-32824/home/46783800,kissimmee,32824
12908 Detroit Woods Ct,Orlando,FL,32824,460000,4,3.5,2022,,single_family,O6415694,https://www.redfin.com/FL/Orlando/12908-Detroit-Woods-Ct-32824/for-sale/46859345,kissimmee,32824
2079 Marsh Hawk Dr,Orlando,FL,32837,460000,3,2,1847,41,single_family,S5146100,https://www.redfin.com/FL/Orlando/2079-Marsh-Hawk-Dr-32837/home/46974817,kissimmee,32837
2007 Norfield Ct,Orlando,FL,32837,460000,4,2.5,2252,26,single_family,S5140955,https://www.redfin.com/FL/Orlando/2007-Norfield-Ct-32837/home/46798343,kissimmee,32837
2121 Avian Loop,Kissimmee,FL,34741,460000,4,2.5,2176,211,single_family,S5146340,https://www.redfin.com/FL/Kissimmee/2121-Avian-Loop-34741/home/170043521,kissimmee,34741
1957 Red Canyon Dr,Kindred,FL,34744,460000,5,3,2469,10,single_family,O6409138,https://www.redfin.com/FL/Kindred/1957-Red-Canyon-Dr-34744/home/144248441,kissimmee,34744
7951 Rumney Ln,Reunion,FL,34747,460000,3,2,1553,443,single_family,O6418084,https://www.redfin.com/FL/Reunion/7951-Rumney-Ln-34747/home/177669554,kissimmee,34747
1864 Howard Mesa Dr,Kindred,FL,34744,460990,5,3,2447,10,single_family,O6430650,https://www.redfin.com/FL/Kindred/1864-Howard-Mesa-Dr-34744/home/188668355,kissimmee,34744
2305 Jessica Ln,Kissimmee,FL,34744,462000,4,2,1820,14,single_family,O6407917,https://www.redfin.com/FL/Kissimmee/2305-Jessica-Ln-34744/home/46568373,kissimmee,34744
4561 Golden Knight Trl,Kissimmee,FL,34746,462440,5,2.5,2896,88,single_family,O6409441,https://www.redfin.com/FL/Kissimmee/4561-Golden-Knight-Blvd-34746/home/193911001,kissimmee,34746
5222 Tyson Ranch Blvd,Orlando,FL,32824,462990,3,2.5,1846,228,condo,S5145156,https://www.redfin.com/FL/Orlando/5222-Tyson-Ranch-Blvd-32824/home/189760411,kissimmee,32824
2645 Rolling Broak Dr,Orlando,FL,32837,464550,4,2.5,2380,28,single_family,1076014,https://www.redfin.com/FL/Orlando/2645-Rolling-Broak-Dr-32837/home/46827209,kissimmee,32837
4612 Huron Bay Cir,Kissimmee,FL,34759,464999,4,2,2435,29,single_family,S5149478,https://www.redfin.com/FL/Kissimmee/4612-Huron-Bay-Cir-34759/home/46485332,kissimmee,34759
4616 Campsite,Orlando,FL,32824,465000,4,3,1774,222,condo,S5152282,https://www.redfin.com/FL/Orlando/4616-Campsite-Loop-32824/home/189760472,kissimmee,32824
13827 Hawkeye Dr,Orlando,FL,32837,465000,4,2,1956,83,single_family,O6427987,https://www.redfin.com/FL/Orlando/13827-Hawkeye-Dr-32837/for-sale/46949536,kissimmee,32837
13560 Hawk Lake Dr,Orlando,FL,32837,465000,4,2,2055,41,single_family,O6377971,https://www.redfin.com/FL/Orlando/13560-Hawk-Lake-Dr-32837/home/46962684,kissimmee,32837
2003 Tiptree Cir,Orlando,FL,32837,465000,4,3,2272,35,single_family,S5149219,https://www.redfin.com/FL/Orlando/2003-Tiptree-Cir-32837/home/46790717,kissimmee,32837
2640 Heron Landing Ct,Orlando,FL,32837,465000,4,2,2004,106,single_family,O6361449,https://www.redfin.com/FL/Orlando/2640-Heron-Landing-Ct-32837/home/46880735,kissimmee,32837
2658 San Simeon Way,Kissimmee,FL,34741,465000,4,2.5,2328,126,single_family,O6421563,https://www.redfin.com/FL/Kissimmee/2658-San-Simeon-Way-34741/for-sale/56482074,kissimmee,34741
2818 Oconnell Dr,Kissimmee,FL,34741,465000,5,2,2287,99,single_family,O6421296,https://www.redfin.com/FL/Kissimmee/2818-Oconnell-Dr-34741/home/46484429,kissimmee,34741
2886 Oconnell Dr,Kissimmee,FL,34741,465000,3,2,2063,99,single_family,O6405575,https://www.redfin.com/FL/Kissimmee/2886-Oconnell-Dr-34741/home/46485688,kissimmee,34741
4563 Philadelphia Cir,Kissimmee,FL,34746,465000,3,2.5,2264,11,single_family,O6432170,https://www.redfin.com/FL/Kissimmee/4563-Philadelphia-Cir-34746/for-sale/46475703,kissimmee,34746
4733 Blue Diamond St,Kissimmee,FL,34746,465000,4,3,1978,205,single_family,O6426336,https://www.redfin.com/FL/Kissimmee/4733-Blue-Diamond-St-34746/for-sale/64031461,kissimmee,34746
8923 Sydney Ave,Kissimmee,FL,34747,465000,5,4.5,2263,590,condo,O6425993,https://www.redfin.com/FL/Kissimmee/8923-Sydney-Ave-34747/home/170047341,kissimmee,34747
1892 Bright Sky Dr,Kissimmee,FL,34744,468000,4,3.5,2522,6,single_family,S5143785,https://www.redfin.com/FL/Kissimmee/1892-Bright-Sky-Dr-34744/home/188673648,kissimmee,34744
4806 Lullaby Ln,Kissimmee,FL,34746,468500,4,3,1914,523,condo,O6427208,https://www.redfin.com/FL/Kissimmee/4806-Lullaby-Ln-34746/home/162332905,kissimmee,34746
3298 Amaca Cir,Orlando,FL,32837,468900,4,2.5,1903,117,single_family,O6411004,https://www.redfin.com/FL/Orlando/3298-Amaca-Cir-32837/for-sale/46907971,kissimmee,32837
2831 Oconnell Dr,Kissimmee,FL,34741,469000,4,2,2287,82,single_family,S5133420,https://www.redfin.com/FL/Kissimmee/2831-Oconnell-Dr-34741/home/46484189,kissimmee,34741
2024 Bearing Ln,Kissimmee,FL,34744,469000,4,2.5,2561,79,single_family,O6428655,https://www.redfin.com/FL/Kissimmee/2024-Bearing-Ln-34744/for-sale/46481431,kissimmee,34744
4814 Love Storey Ln,Kissimmee,FL,34746,469000,4,3,1914,523,condo,O6426441,https://www.redfin.com/FL/Kissimmee/4814-Love-Storey-Ln-34746/home/162609342,kissimmee,34746
948 Lake Berkley Dr,Kissimmee,FL,34746,469000,4,3,2340,263,single_family,O6418722,https://www.redfin.com/FL/Kissimmee/948-Lake-Berkley-Dr-34746/home/46554598,kissimmee,34746
12112 Carson Dr,Orlando,FL,32824,469900,3,2,2021,74,single_family,O6430569,https://www.redfin.com/FL/Orlando/12112-Carson-Dr-32824/for-sale/107968895,kissimmee,32824
2868 Oconnell Dr,Kissimmee,FL,34741,469900,3,2,2180,99,single_family,P4939347,https://www.redfin.com/FL/Kissimmee/2868-Oconnell-Dr-34741/for-sale/46485811,kissimmee,34741
3044 Camino Real Dr S,Kissimmee,FL,34744,469900,5,3,2264,160,single_family,O6406104,https://www.redfin.com/FL/Kissimmee/3044-Camino-Real-Dr-S-34744/home/46481287,kissimmee,34744
8061 Lost Shaker Ln,Kissimmee,FL,34747,469900,3,3,1410,664,single_family,O6431415,https://www.redfin.com/FL/Kissimmee/8061-Lost-Shaker-Ln-34747/for-sale/170041026,kissimmee,34747
7628 Recife Dr,Kissimmee,FL,34747,469900,4,4.5,2396,640,condo,S5155205,https://www.redfin.com/FL/Kissimmee/7628-Recife-Dr-34747/home/144248054,kissimmee,34747
3061 Rockefeller Way,Kissimmee,FL,34747,469900,3,3.5,2195,550,condo,O6424190,https://www.redfin.com/FL/Kissimmee/3061-Rockefeller-Way-34747/home/162335968,kissimmee,34747
2800 Cello Ln,Kissimmee,FL,34741,469990,4,2.5,2120,170,single_family,S5154245,https://www.redfin.com/FL/Kissimmee/2800-Cello-Ln-34741/for-sale/162417367,kissimmee,34741
1876 Howard Mesa Dr,Kindred,FL,34744,469990,5,3,2447,10,single_family,O6430716,https://www.redfin.com/FL/Kindred/1876-Howard-Mesa-Dr-34744/home/188668358,kissimmee,34744
Barbados Plan,Kissimmee,FL,34758,469999,4,3.5,3422,,single_family,71E1DF03F426,https://www.redfin.com/FL/Kissimmee/Kissimmee/Barbados/home/201248100,kissimmee,34758
324 Cypress St,Orlando,FL,32824,470000,4,2.5,2169,,single_family,O6408638,https://www.redfin.com/FL/Orlando/324-Cypress-St-32824/home/46934226,kissimmee,32824
1409 Wood Violet Dr,Orlando,FL,32824,470000,4,2.5,2370,,single_family,24340681,https://www.redfin.com/FL/Orlando/1409-Wood-Violet-Dr-32824/home/46935079,kissimmee,32824
2618 San Simeon Way,Kissimmee,FL,34741,470000,4,2.5,2338,127,single_family,S5150044,https://www.redfin.com/FL/Kissimmee/2618-San-Simeon-Way-34741/home/63056456,kissimmee,34741
2601 Gold Dust Cir,Kissimmee,FL,34744,470000,4,3.5,2691,47,single_family,S5146084,https://www.redfin.com/FL/Kissimmee/2601-Gold-Dust-Cir-34744/home/46574599,kissimmee,34744
1839 Good Neighbor Loop,Kissimmee,FL,34744,470000,4,4,2717,10,single_family,O6328214,https://www.redfin.com/FL/Kissimmee/1839-Good-Neighbor-Loop-34744/home/177664658,kissimmee,34744
2111 Eagleview Ct,Kissimmee,FL,34746,470000,4,2,2109,24,single_family,O6432119,https://www.redfin.com/FL/Kissimmee/2111-Eagleview-Ct-34746/for-sale/46580757,kissimmee,34746
3029 Prelude Ln,Kissimmee,FL,34746,470000,5,3.5,2425,248,single_family,S5154227,https://www.redfin.com/FL/Kissimmee/3029-Prelude-Ln-34746/for-sale/170039367,kissimmee,34746
246 Zircon Rd,Kissimmee,FL,34758,470000,6,5,3003,85,single_family,A12062046,https://www.redfin.com/FL/Kissimmee/246-Zircon-Rd-34758/home/177668185,kissimmee,34758
3504 Southern Cross Loop,Kissimmee,FL,34744,472900,4,2.5,2463,110,single_family,O6402309,https://www.redfin.com/FL/Kissimmee/3504-Southern-Cross-Loop-34744/home/168027501,kissimmee,34744
2220 Sand Arbor Cir,Orlando,FL,32824,474900,4,3.5,2641,73,single_family,O6410104,https://www.redfin.com/FL/Orlando/2220-Sand-Arbor-Cir-32824/home/46614525,kissimmee,32824
1682 Starfish St,Kissimmee,FL,34744,474900,4,2,1824,,single_family,TB8524523,https://www.redfin.com/FL/Kissimmee/1682-Starfish-St-34744/home/46565457,kissimmee,34744
12025 Sumter Dr,Orlando,FL,32824,475000,3,2,2026,73,single_family,O6431956,https://www.redfin.com/FL/Orlando/12025-Sumter-Dr-32824/for-sale/107968395,kissimmee,32824
1617 Maplestead Ct,Orlando,FL,32824,475000,4,2.5,2088,25,single_family,S5151058,https://www.redfin.com/FL/Orlando/1617-Maplestead-Ct-32824/home/46935377,kissimmee,32824
4355 Summer Breeze Way,Kissimmee,FL,34744,475000,4,3,2027,110,single_family,O6425290,https://www.redfin.com/FL/Kissimmee/4355-Summer-Breeze-Way-34744/for-sale/109812584,kissimmee,34744
14 Glendale Dr,Kissimmee,FL,34744,475000,4,2.5,2510,,single_family,S5145799,https://www.redfin.com/FL/Kissimmee/14-Glendale-Dr-34744/home/46553277,kissimmee,34744
2300 Eagle Talon Ct,Kissimmee,FL,34746,475000,4,3.5,3591,365,single_family,O6425263,https://www.redfin.com/FL/Kissimmee/2300-Eagle-Talon-Ct-34746/for-sale/46495526,kissimmee,34746
3820 Bowfin Trl,Kissimmee,FL,34746,475000,3,3,2494,364,single_family,O6420099,https://www.redfin.com/FL/Kissimmee/3820-Bowfin-Trl-34746/for-sale/109810226,kissimmee,34746
4609 Formby Ct,Kissimmee,FL,34746,475000,4,3,1844,263,single_family,S5151857,https://www.redfin.com/FL/Kissimmee/4609-Formby-Ct-34746/home/46554650,kissimmee,34746
7540 Brooklyn Dr,Kissimmee,FL,34747,475000,3,4,2195,550,condo,O6428542,https://www.redfin.com/FL/Kissimmee/7540-Brooklyn-Dr-34747/home/162663246,kissimmee,34747
2182 Fleming Mist Pl,Kissimmee,FL,34747,475000,4,4.5,2145,590,condo,O6426689,https://www.redfin.com/FL/Kissimmee/2182-Fleming-Mist-Pl-34747/home/170047240,kissimmee,34747
9024 Alba Ln,Kissimmee,FL,34747,475000,5,3.5,2845,130,single_family,O6420378,https://www.redfin.com/FL/Kissimmee/9024-Alba-Ln-34747/home/160765272,kissimmee,34747
8985 Cuban Palm Rd. Rd,Kissimmee,FL,34747,475000,5,5,3015,682,single_family,C7527654,https://www.redfin.com/FL/Kissimmee/8985-Cuban-Palm-Rd-34747/home/53424018,kissimmee,34747
334 Dagama Ct,Kissimmee,FL,34758,475000,4,3,1794,100,single_family,O6423318,https://www.redfin.com/FL/Kissimmee/334-Dagama-Ct-34758/home/46560450,kissimmee,34758
7829 Marlow Pl,Kissimmee,FL,34747,475900,3,2,1553,699,single_family,TB8526770,https://www.redfin.com/FL/Kissimmee/7829-Marlow-Pl-34747/home/184282018,kissimmee,34747
7853 Marlow Pl,Kissimmee,FL,34747,475900,3,2,1553,699,single_family,TB8520033,https://www.redfin.com/FL/Kissimmee/7853-Marlow-Pl-34747/home/184282024,kissimmee,34747
5790 Meads Bay Pond Rd,Kissimmee,FL,34758,476059,4,3,3053,124,single_family,O6414243,https://www.redfin.com/FL/Kissimmee/5790-Meads-Bay-Pond-Rd-34758/for-sale/199300657,kissimmee,34758
13200 Mallard Cove Blvd,Orlando,FL,32837,477000,4,2.5,2097,113,single_family,O6359527,https://www.redfin.com/FL/Orlando/13200-Mallard-Cove-Blvd-32837/home/46880839,kissimmee,32837
103 Alameda Dr,Kissimmee,FL,34743,478900,4,3,1832,,single_family,S5143290,https://www.redfin.com/FL/Kissimmee/103-Alameda-Dr-34743/for-sale/46524735,kissimmee,34743
2336 Crosston Cir,Orlando,FL,32824,479000,4,3,2114,155,single_family,O6424349,https://www.redfin.com/FL/Orlando/2336-Crosston-Cir-32824/home/46664617,kissimmee,32824
1357 Darnaby Way,Orlando,FL,32824,479000,4,3.5,2561,12,single_family,S5152242,https://www.redfin.com/FL/Orlando/1357-Darnaby-Way-32824/home/46973634,kissimmee,32824
2619 Peace OF Mind Ave,Kissimmee,FL,34744,479000,4,3,2109,10,single_family,O6380357,https://www.redfin.com/FL/Kissimmee/2619-Peace-of-Mind-Ave-34744/home/188673515,kissimmee,34744
7514 Sunville Ave,Kissimmee,FL,34747,479000,5,6,2169,525,condo,O6419331,https://www.redfin.com/FL/Kissimmee/7514-Sunville-Ave-34747/home/168027874,kissimmee,34747
4907 Rockvale Dr,Kissimmee,FL,34758,479000,5,3.5,2785,67,single_family,O6428549,https://www.redfin.com/FL/Kissimmee/4907-Rockvale-Dr-34758/for-sale/147929083,kissimmee,34758
2624 Blowing Breeze Ave,Kissimmee,FL,34744,479900,5,3,2590,10,single_family,O6381066,https://www.redfin.com/FL/Kissimmee/2624-Blowing-Breeze-Ave-34744/home/177664193,kissimmee,34744
1991 Spring Shower Cir,Kissimmee,FL,34744,479900,3,2,2056,110,single_family,TB8445148,https://www.redfin.com/FL/Kissimmee/1991-Spring-Shower-Cir-34744/home/177664317,kissimmee,34744
3202 Brasilia Ave,Kissimmee,FL,34747,479900,4,4.5,2396,678,condo,O6418807,https://www.redfin.com/FL/Kissimmee/3202-Brasilia-Ave-34747/home/162530060,kissimmee,34747
2804 Polson Dr,Kissimmee,FL,34758,479900,3,2.5,2560,68,single_family,S5143012,https://www.redfin.com/FL/Kissimmee/2804-Polson-Dr-34758/home/46504904,kissimmee,34758
Colina Plan,Kissimmee,FL,34758,479999,3,3.5,2861,,single_family,98944D20106A,https://www.redfin.com/FL/Kissimmee/Kissimmee/Colina/home/201905886,kissimmee,34758
12044 Sula,Orlando,FL,32837,480000,3,2,1522,,single_family,226026877,https://www.redfin.com/FL/Orlando/12044-Sula-St-32837/for-sale/46827941,kissimmee,32837
2627 Talon Ct,Orlando,FL,32837,480000,3,2.5,2037,232,single_family,TB8502741,https://www.redfin.com/FL/Orlando/2627-Talon-Ct-32837/home/46913272,kissimmee,32837
2415 Timothy Ln,Kissimmee,FL,34743,480000,4,3,2331,28,single_family,S5149404,https://www.redfin.com/FL/Kissimmee/2415-Timothy-Ln-34743/for-sale/46538043,kissimmee,34743
1817 Walnut Creek Dr,Kindred,FL,34744,480000,4,3.5,2852,130,single_family,A11972634,https://www.redfin.com/FL/Kindred/1817-Walnut-Creek-Dr-34744/home/188668477,kissimmee,34744
2615 Santosh Cv,Kissimmee,FL,34746,480000,5,4.5,2872,345,single_family,O6423779,https://www.redfin.com/FL/Kissimmee/2615-Santosh-Cv-34746/home/53424097,kissimmee,34746
3062 Gatsby St,Kissimmee,FL,34746,480000,4,3,1914,546,condo,O6415312,https://www.redfin.com/FL/Kissimmee/3062-Gatsby-St-34746/home/110082682,kissimmee,34746
1527 Beechmont Dr,Kindred,FL,34744,480990,5,3,2077,10,single_family,O6424972,https://www.redfin.com/FL/Kindred/1527-Beechmont-Dr-34744/for-sale/173835043,kissimmee,34744
5766 Meads Bay Pond Rd,Kissimmee,FL,34758,481849,4,3.5,3053,124,single_family,O6430976,https://www.redfin.com/FL/Kissimmee/5766-Meads-Bay-Pond-Rd-34758/for-sale/199300664,kissimmee,34758
1549 Fairview Cir,Reunion,FL,34747,484900,4,2.5,2296,606,single_family,S5154134,https://www.redfin.com/FL/Reunion/1549-Fairview-Cir-34747/for-sale/46478874,kissimmee,34747
7549 Sunflower Cir,Kissimmee,FL,34747,484900,5,5,2044,525,condo,O6423503,https://www.redfin.com/FL/Kissimmee/7549-Sunflower-Cir-34747/home/162425746,kissimmee,34747
8027 Acadia Estates Ct,Kissimmee,FL,34747,484999,5,4.5,2709,445,single_family,O6431294,https://www.redfin.com/FL/Kissimmee/8027-Acadia-Estates-Ct-34747/for-sale/46580632,kissimmee,34747
2701 Crane Trace Cir,Orlando,FL,32837,485000,3,2,1656,37,single_family,S5137913,https://www.redfin.com/FL/Orlando/2701-Crane-Trace-Cir-32837/home/46913795,kissimmee,32837
1952 Rock Maple Bnd,Kissimmee,FL,34746,485000,4,2.5,2334,156,single_family,O6429613,https://www.redfin.com/FL/Kissimmee/1952-Rock-Maple-Bnd-34746/for-sale/187484925,kissimmee,34746
3609 Valleyview Dr,Kissimmee,FL,34746,485000,4,2.5,2530,364,single_family,S5153762,https://www.redfin.com/FL/Kissimmee/3609-Valleyview-Dr-34746/for-sale/46488984,kissimmee,34746
2574 Sage Dr,Kissimmee,FL,34758,485000,4,2.5,2270,,single_family,O6422972,https://www.redfin.com/FL/Kissimmee/2574-Sage-Dr-34758/home/46540739,kissimmee,34758
3244 Herons Point Cir,Kissimmee,FL,34741,485900,4,2,1953,55,single_family,S5150936,https://www.redfin.com/FL/Kissimmee/3244-Herons-Point-Cir-34741/home/46519094,kissimmee,34741
14697 Huntcliff Park Way,Orlando,FL,32824,488995,4,2.5,2184,120,single_family,S5147179,https://www.redfin.com/FL/Orlando/14697-Huntcliff-Park-Way-32824/home/46973964,kissimmee,32824
14072 Gold Bridge Dr,Orlando,FL,32824,489000,3,2,1979,155,single_family,S5148248,https://www.redfin.com/FL/Orlando/14072-Gold-Bridge-Dr-32824/home/105429993,kissimmee,32824
1874 Flourish Ave,Kissimmee,FL,34744,489000,4,3,2151,10,single_family,O6382902,https://www.redfin.com/FL/Kissimmee/1874-Flourish-Ave-34744/home/188673533,kissimmee,34744
2687 Gaspirilla Cir,Kissimmee,FL,34746,489000,4,3,2319,75,single_family,O6419839,https://www.redfin.com/FL/Kissimmee/2687-Gaspirilla-Cir-34746/home/143824035,kissimmee,34746
7964 Hanson Bay Pl,Kissimmee,FL,34747,489000,4,3,2261,407,single_family,O6426137,https://www.redfin.com/FL/Kissimmee/7964-Hanson-Bay-Pl-34747/for-sale/162694801,kissimmee,34747
8866 Geneve Ct,Kissimmee,FL,34747,489000,5,4.5,2265,580,condo,O6420355,https://www.redfin.com/FL/Kissimmee/8866-Geneve-Ct-34747/home/147929917,kissimmee,33896
1002 Mayfair Pl,Kissimmee,FL,34758,489000,6,4,2205,165,4,O6423219,https://www.redfin.com/FL/Kissimmee/1002-Mayfair-Pl-34758/home/194518315,kissimmee,34758
4666 Ackee Rd,Kissimmee,FL,34758,489000,4,3,2404,125,single_family,S5153331,https://www.redfin.com/FL/Kissimmee/4666-Ackee-Rd-34758/home/191311119,kissimmee,34758
3802 Bishop Landing Way,Orlando,FL,32824,489300,4,2,2101,96,single_family,O6418353,https://www.redfin.com/FL/Orlando/3802-Bishop-Landing-Way-32824/home/114087734,kissimmee,32824
5016 Blue Hammock Ct,Kissimmee,FL,34746,489900,5,3,2615,123,single_family,O6422067,https://www.redfin.com/FL/Kissimmee/5016-Blue-Hammock-Ct-34746/home/183424833,kissimmee,34746
7989 Formosa Valley Pl,Kissimmee,FL,34747,489900,5,4.5,2166,359,condo,O6421562,https://www.redfin.com/FL/Kissimmee/7989-Formosa-Valley-Pl-34747/home/173815790,kissimmee,34747
2410 Relaxing Ln,Kissimmee,FL,34744,489990,4,3,2151,10,single_family,S5154378,https://www.redfin.com/FL/Kissimmee/2410-Relaxing-Ln-34744/for-sale/184285432,kissimmee,34744
2665 Trafalgar Blvd,Kissimmee,FL,34758,489999,4,3.5,2423,,single_family,O6329873,https://www.redfin.com/FL/Kissimmee/2665-Trafalgar-Blvd-34758/home/162356887,kissimmee,34758
2659 Trafalgar Blvd,Kissimmee,FL,34758,489999,4,3.5,2323,317,single_family,O6224304,https://www.redfin.com/FL/Kissimmee/2659-Trafalgar-Blvd-34758/home/162442332,kissimmee,34758
2663 Trafalgar Blvd,Kissimmee,FL,34758,489999,4,3.5,2423,317,single_family,O6224312,https://www.redfin.com/FL/Kissimmee/2663-Trafalgar-Blvd-34758/home/162569371,kissimmee,34758
2530 Sand Arbor Cir,Orlando,FL,32824,490000,3,2.5,2641,73,single_family,S5154297,https://www.redfin.com/FL/Orlando/2530-Sand-Arbor-Cir-32824/for-sale/46614505,kissimmee,32824
2827 Sand Arbor Cir,Orlando,FL,32824,490000,4,2.5,2945,83,single_family,S5141249,https://www.redfin.com/FL/Orlando/2827-Sand-Arbor-Cir-32824/home/46614486,kissimmee,32824
3571 Maple Ridge Loop,Kissimmee,FL,34741,490000,5,3.5,2636,73,single_family,S5153818,https://www.redfin.com/FL/Kissimmee/3571-Maple-Ridge-Loop-34741/for-sale/46579554,kissimmee,34741
1519 Beechmont Dr,Kindred,FL,34744,490990,5,3,2601,10,single_family,O6426653,https://www.redfin.com/FL/Kindred/1519-Beechmont-Dr-34744/for-sale/173835045,kissimmee,34744
2280 Avian Loop,Kissimmee,FL,34741,494900,4,2.5,2351,173,single_family,O6389256,https://www.redfin.com/FL/Kissimmee/2280-Avian-Loop-34741/home/170043636,kissimmee,34741
3700 Paradiso Cir,Kissimmee,FL,34746,494900,4,3,2750,205,single_family,O6419599,https://www.redfin.com/FL/Kissimmee/3700-Paradiso-Cir-34746/home/53393686,kissimmee,34746
2677 Broadwing St,Kissimmee,FL,34746,494990,3,2.5,2226,60,single_family,TB8533484,https://www.redfin.com/FL/Kissimmee/2677-Broadwing-St-34746/for-sale/199302111,kissimmee,34746
14613 Lone Eagle Dr,Orlando,FL,32837,495000,4,2.5,3154,210,single_family,O6412735,https://www.redfin.com/FL/Orlando/14613-Lone-Eagle-Dr-32837/home/46913251,kissimmee,32837
3232 Herons Point Cir,Kissimmee,FL,34741,495000,4,2.5,2085,58,single_family,O6426773,https://www.redfin.com/FL/Kissimmee/3232-Herons-Point-Cir-34741/for-sale/46519085,kissimmee,34741
2789 Woodland Creek Loop,Kissimmee,FL,34744,495000,4,2.5,2419,40,single_family,O6409086,https://www.redfin.com/FL/Kissimmee/2789-Woodland-Creek-Loop-34744/home/46484408,kissimmee,34744
2519 Peace OF Mind Ave,Kissimmee,FL,34744,495000,4,3,2539,10,single_family,S5149191,https://www.redfin.com/FL/Kissimmee/2519-Peace-of-Mind-Ave-34744/home/188673610,kissimmee,34744
3202 Surfbird St,Kissimmee,FL,34744,495000,4,2.5,2280,95,single_family,O6399070,https://www.redfin.com/FL/Kissimmee/3202-Surfbird-St-34744/home/168022968,kissimmee,34744
4521 Casablanca Ave,Kissimmee,FL,34746,495000,4,2,2168,64,single_family,S5155291,https://www.redfin.com/FL/Kissimmee/4521-Casablanca-Ave-34746/for-sale/170048629,kissimmee,34746
1049 Lake Berkley Dr,Kissimmee,FL,34746,495000,5,3,2823,389,single_family,O6421426,https://www.redfin.com/FL/Kissimmee/1049-Lake-Berkley-Dr-34746/home/46574844,kissimmee,34746
1049 Lake Berkley Dr,,FL,N/A,495000,5,3,2823,389,single_family,1007505,https://www.redfin.com/FL/Unknown/1049-Lake-Berkley-DR-N-A/home/202771437,kissimmee,34746
4431 LE Reve Ct,Kissimmee,FL,34746,495000,4,3.5,1745,503,condo,O6410920,https://www.redfin.com/FL/Kissimmee/4431-Le-Reve-Ct-34746/home/162373554,kissimmee,34746
2417 Dubai St,Kissimmee,FL,34747,495000,5,4.5,2263,590,condo,O6426374,https://www.redfin.com/FL/Kissimmee/2417-Dubai-St-34747/home/170047311,kissimmee,34747
2426 Tangier Dr,Kissimmee,FL,34747,495000,5,4.5,2263,584,condo,O6419842,https://www.redfin.com/FL/Kissimmee/2426-Tangier-Dr-34747/home/170047325,kissimmee,34747
4724 Marcos Cir,Kissimmee,FL,34758,495000,5,3,3194,86,single_family,S5154422,https://www.redfin.com/FL/Kissimmee/4724-Marcos-Cir-34758/for-sale/170048804,kissimmee,34758
2651 Trafalgar Blvd,Kissimmee,FL,34758,495000,4,2.5,2433,317,single_family,O6417050,https://www.redfin.com/FL/Kissimmee/2651-Trafalgar-Blvd-34758/home/162692810,kissimmee,34758
1772 Stamen Dr,Kissimmee,FL,34744,495500,4,2,1965,160,single_family,S5147865,https://www.redfin.com/FL/Kissimmee/1772-Stamen-Dr-34744/home/179512733,kissimmee,34744
8475 Oasis Key Cv,Kissimmee,FL,34747,498000,8,5.5,2881,482,single_family,S5155065,https://www.redfin.com/FL/Kissimmee/8475-Oasis-Key-Cv-34747/for-sale/46576271,kissimmee,34747
4882 Clock Tower Dr,Kissimmee,FL,34746,498500,5,4,2128,545,condo,S5153976,https://www.redfin.com/FL/Kissimmee/4882-Clock-Tower-Dr-34746/home/103848742,kissimmee,34746
1606 Wood Violet Dr,Orlando,FL,32824,499000,4,2.5,2988,22,single_family,O6420649,https://www.redfin.com/FL/Orlando/1606-Wood-Violet-Dr-32824/home/46935118,kissimmee,32824
1986 Marsh Hawk Dr,Orlando,FL,32837,499000,4,3,2024,41,single_family,O6412663,https://www.redfin.com/FL/Orlando/1986-Marsh-Hawk-Dr-32837/home/46975122,kissimmee,32837
5373 Tortuga Dr,Orlando,FL,32837,499000,4,2,2152,108,single_family,O6405154,https://www.redfin.com/FL/Orlando/5373-Tortuga-Dr-32837/home/46963342,kissimmee,32837
1408 Patrick St,Kissimmee,FL,34741,499000,4,2,1352,,4,O6424299,https://www.redfin.com/FL/Kissimmee/1408-Patrick-St-34741/home/46565919,kissimmee,34741
2707 Randal Way,Kissimmee,FL,34743,499000,4,2.5,2444,64,single_family,S5154186,https://www.redfin.com/FL/Kissimmee/2707-Randal-Way-34743/for-sale/53422685,kissimmee,34743
1621 Park Side Ave,Kindred,FL,34744,499000,4,3,2142,10,single_family,O6431259,https://www.redfin.com/FL/Kindred/1621-Park-Side-Ave-34744/for-sale/173834869,kissimmee,34744
2211 Jessica Ln,Kissimmee,FL,34744,499000,4,2,2109,20,single_family,S5153786,https://www.redfin.com/FL/Kissimmee/2211-Jessica-Ln-34744/for-sale/46567993,kissimmee,34744
4436 Azure Isle Way,Kissimmee,FL,34744,499000,4,2.5,2251,108,single_family,O6379702,https://www.redfin.com/FL/Kissimmee/4436-Azure-Isle-Way-34744/home/64041135,kissimmee,34744
4879 Clock Tower Dr,Kissimmee,FL,34746,499000,4,3,1914,550,condo,O6432058,https://www.redfin.com/FL/Kissimmee/4879-Clock-Tower-Dr-34746/home/103848350,kissimmee,34746
3817 Golden Feather Way,Kissimmee,FL,34746,499000,4,3,2724,205,single_family,O6429442,https://www.redfin.com/FL/Kissimmee/3817-Golden-Feather-Way-34746/for-sale/46495477,kissimmee,34746
1857 Nice Ct,Kissimmee,FL,34747,499000,5,4,2492,606,single_family,O6426220,https://www.redfin.com/FL/Kissimmee/1857-Nice-Ct-34747/for-sale/160565803,kissimmee,33896
5385 Dahlia Reserve Dr,Kissimmee,FL,34758,499000,6,3,2658,,single_family,O6407840,https://www.redfin.com/FL/Kissimmee/5385-Dahlia-Reserve-Dr-34758/for-sale/46542319,kissimmee,34758
5500 Willow Bend Trl,Kissimmee,FL,34758,499000,4,2.5,2847,,single_family,S5147335,https://www.redfin.com/FL/Kissimmee/5500-Willow-Bend-Trl-34758/home/46576770,kissimmee,34758
12017 Fambridge,Orlando,FL,32837,499900,4,3,2513,38,single_family,S5145288,https://www.redfin.com/FL/Orlando/12017-Fambridge-Rd-32837/for-sale/46790985,kissimmee,32837
S Vernon Ave,Kissimmee,FL,34741,499900,,,,,8,S5092303,https://www.redfin.com/FL/Kissimmee/S-Vernon-Ave-34741/home/113810996,kissimmee,34741
,Kissimmee,FL,34744,499900,4,2.5,2272,129,single_family,S5152516,https://www.redfin.com/FL/Kissimmee/Undisclosed-address-34744/home/184282518,kissimmee,34744
2821 Scenic Ln,Kissimmee,FL,34744,499900,4,2.5,2538,169,single_family,O6379416,https://www.redfin.com/FL/Kissimmee/2821-Scenic-Ln-34744/home/46494236,kissimmee,34744
1889 Rustic Falls Dr,Kindred,FL,34744,499900,4,3.5,3099,10,single_family,S5138827,https://www.redfin.com/FL/Kindred/1889-Rustic-Falls-Dr-34744/home/147929679,kissimmee,34744
2431 Dubai St,Kissimmee,FL,34747,499900,5,4.5,2263,590,condo,B26058583,https://www.redfin.com/FL/Kissimmee/2431-Dubai-St-34747/home/170047315,kissimmee,34747
654 Madrid Dr,Kissimmee,FL,34758,499900,4,2.5,3226,100,single_family,S5153855,https://www.redfin.com/FL/Kissimmee/654-Madrid-Dr-34758/for-sale/46562916,kissimmee,34758
2466 Relaxing Ln,Kissimmee,FL,34744,499990,4,3,2151,8,single_family,S5154219,https://www.redfin.com/FL/Kissimmee/2466-Relaxing-Ln-34744/for-sale/184285361,kissimmee,34744
3824 Blue Dasher Dr,Kissimmee,FL,34744,499990,5,3,3783,106,single_family,O6314514,https://www.redfin.com/FL/Kissimmee/3824-Blue-Dasher-Dr-34744/home/46479290,kissimmee,34744
,Orlando,FL,32824,499999,4,2,1979,80,single_family,O6420375,https://www.redfin.com/FL/Orlando/Undisclosed-address-32824/home/46608898,kissimmee,32824
13805 Eagles Glen Ct,Orlando,FL,32837,499999,4,2,2207,41,single_family,S5150153,https://www.redfin.com/FL/Orlando/13805-Eagles-Glen-Ct-32837/home/46921400,kissimmee,32837
1980 Summer Ct,Kissimmee,FL,34744,499999,3,3,2687,,single_family,O6392643,https://www.redfin.com/FL/Kissimmee/1980-Summer-Ct-34744/home/46555536,kissimmee,34744
15020 Lake Azure Dr,Orlando,FL,32824,500000,3,2,1673,100,single_family,O6421944,https://www.redfin.com/FL/Orlando/15020-Lake-Azure-Dr-32824/home/46954186,kissimmee,32824
2261 Blue Sapphire Cir,Orlando,FL,32837,500000,4,2.5,1796,,single_family,O6426105,https://www.redfin.com/FL/Orlando/2261-Blue-Sapphire-Cir-32837/for-sale/46745527,kissimmee,32837
1733 Bridgets Ct,Kissimmee,FL,34744,500000,4,3,2665,195,single_family,O6428985,https://www.redfin.com/FL/Kissimmee/1733-Bridgets-Ct-34744/for-sale/46579041,kissimmee,34744
1383 Levy Bend Dr,Kissimmee,FL,34744,500000,4,3,2102,80,single_family,S5154461,https://www.redfin.com/FL/Kissimmee/1383-Levy-Bend-Dr-34744/for-sale/188679052,kissimmee,34744
2963 Sera Bella Way,Kissimmee,FL,34744,500000,3,2.5,2416,119,single_family,S5144389,https://www.redfin.com/FL/Kissimmee/2963-Sera-Bella-Way-34744/home/144248133,kissimmee,34744
4460 Nirvana Pkwy,Kissimmee,FL,34746,500000,5,4.5,2509,366,single_family,O6409118,https://www.redfin.com/FL/Kissimmee/4460-Nirvana-Pkwy-34746/home/53423685,kissimmee,34746
1672 Tropical Palms Cir,Kissimmee,FL,34747,500000,6,4.5,2294,683,condo,O6429663,https://www.redfin.com/FL/Kissimmee/1672-Tropical-Palms-Cir-34747/home/170047174,kissimmee,34747
9 Altera Ct,Kissimmee,FL,34758,500000,4,3,2384,,single_family,11564301,https://www.redfin.com/FL/Kissimmee/9-Altera-Ct-34758/home/46561994,kissimmee,34758
2936 Slough Creek Dr,Kissimmee,FL,34744,504990,5,3,2748,129,single_family,S5134409,https://www.redfin.com/FL/Kissimmee/2936-Slough-Creek-Dr-34744/home/177662271,kissimmee,34744
1265 Seasons Blvd,Kissimmee,FL,34746,507000,7,5.5,2834,452,single_family,S5153638,https://www.redfin.com/FL/Kissimmee/1265-Seasons-Blvd-34746/for-sale/46480133,kissimmee,34746
13621 Tetherline Trl,Orlando,FL,32837,509000,5,3,2786,41,single_family,O6388530,https://www.redfin.com/FL/Orlando/13621-Tetherline-Trl-32837/home/46876856,kissimmee,32837
2630 Captains Ct,Kissimmee,FL,34746,509000,5,3,2800,285,single_family,O6429523,https://www.redfin.com/FL/Kissimmee/2630-Captains-Ct-34746/for-sale/46486032,kissimmee,34746
2317 Crosston Cir,Orlando,FL,32824,510000,4,3,2114,155,single_family,O6421753,https://www.redfin.com/FL/Orlando/2317-Crosston-Cir-32824/home/46664017,kissimmee,32824
14749 Brunswood Way,Orlando,FL,32824,510000,4,2,2523,145,single_family,S5143574,https://www.redfin.com/FL/Orlando/14749-Brunswood-Way-32824/home/46644947,kissimmee,32824
12216 Prairie Plantation Way,Orlando,FL,32824,510000,4,2,1863,100,single_family,O6395022,https://www.redfin.com/FL/Orlando/12216-Prairie-Plantation-Way-32824/home/107968389,kissimmee,32824
2836 Spivey Ln,Orlando,FL,32837,510000,4,3,2353,28,single_family,S5148956,https://www.redfin.com/FL/Orlando/2836-Spivey-Ln-32837/home/46826938,kissimmee,32837
2472 Annacella Ave,Kissimmee,FL,34741,510000,4,2.5,2138,192,single_family,O6398110,https://www.redfin.com/FL/Kissimmee/2472-Annacella-Ave-34741/for-sale/162417563,kissimmee,34741
1967 Rankin St,Kindred,FL,34744,510000,4,3,2142,10,single_family,O6397893,https://www.redfin.com/FL/Kindred/1967-Rankin-St-34744/home/188667877,kissimmee,34744
1578 Contentment Loop,Kissimmee,FL,34744,511000,4,3,2113,6,single_family,S5150200,https://www.redfin.com/FL/Kissimmee/1578-Contentment-Loop-34744/home/184285346,kissimmee,34744
292 Gardenia Rd,Kissimmee,FL,34743,513999,3,2.5,1896,,single_family,S5144036,https://www.redfin.com/FL/Kissimmee/292-Gardenia-Rd-34743/home/46523964,kissimmee,34743
13917 Tallowridge Ct,Orlando,FL,32837,515000,3,2.5,1712,112,single_family,O6413523,https://www.redfin.com/FL/Orlando/13917-Tallowridge-Ct-32837/home/46887131,kissimmee,32837
4638 Raintree Ridge Rd,Orlando,FL,32837,515000,3,2.5,2369,116,single_family,O6412463,https://www.redfin.com/FL/Orlando/4638-Raintree-Ridge-Rd-32837/home/46899851,kissimmee,32837
909 W Orange St,Kissimmee,FL,34741,515000,4,4,1800,,4,24399896,https://www.redfin.com/FL/Kissimmee/909-W-Orange-St-34741/home/46551437,kissimmee,34741
3401 Canvas St,Kissimmee,FL,34741,515000,4,2,1972,90,single_family,S5144779,https://www.redfin.com/FL/Kissimmee/3401-Canvas-St-34741/home/101619598,kissimmee,34741
2735 Scarborough Dr,Kissimmee,FL,34744,515000,5,4,2930,13,single_family,S5147642,https://www.redfin.com/FL/Kissimmee/2735-Scarborough-Dr-34744/for-sale/46550249,kissimmee,34744
3014 Sera Bella Way,Kissimmee,FL,34744,515000,4,2.5,,113,single_family,A12029074,https://www.redfin.com/FL/Kissimmee/3014-Sera-Bella-Way-34744/home/144248112,kissimmee,34744
8904 Prague Way,Kissimmee,FL,34747,515000,5,4,2492,626,single_family,S5154202,https://www.redfin.com/FL/Kissimmee/8904-Prague-Way-34747/for-sale/170047261,kissimmee,34747
5359 Dahlia Reserve Dr,Kissimmee,FL,34758,515000,7,4,2664,49,single_family,S5138661,https://www.redfin.com/FL/Kissimmee/5359-Dahlia-Reserve-Dr-34758/for-sale/46573503,kissimmee,34758
2722 Big Timber Dr,Kissimmee,FL,34758,515000,5,3.5,2851,69,single_family,1075286,https://www.redfin.com/FL/Kissimmee/2722-Big-Timber-Dr-34758/home/53423236,kissimmee,34758
4602 Cumbrian Lakes Dr,Kissimmee,FL,34746,517000,5,4,2636,175,single_family,O6412906,https://www.redfin.com/FL/Kissimmee/4602-Cumbrian-Lakes-Dr-34746/home/46575568,kissimmee,34746
8922 Zurich Ln,Kissimmee,FL,34747,518000,6,4.5,3142,626,single_family,G5114434,https://www.redfin.com/FL/Kissimmee/8922-Zurich-Ln-34747/home/170047414,kissimmee,34747
2562 Winter Sky St,Kissimmee,FL,34744,519060,4,3,2397,41,single_family,O6428922,https://www.redfin.com/FL/Kissimmee/2562-Winter-Sky-St-34744/for-sale/199299069,kissimmee,34744
12372 Stone Bark Trl,Orlando,FL,32824,519900,4,2.5,2264,113,single_family,S5127865,https://www.redfin.com/FL/Orlando/12372-Stone-Bark-Trl-32824/home/112772651,kissimmee,32824
3193 Toho Ct,Kissimmee,FL,34744,519900,4,2,2420,53,single_family,O6350540,https://www.redfin.com/FL/Kissimmee/3193-Toho-Ct-34744/home/46480067,kissimmee,34744
2937 Slough Creek Dr,Kissimmee,FL,34744,519900,4,3,2727,130,single_family,S5143801,https://www.redfin.com/FL/Kissimmee/2937-Slough-Creek-Dr-34744/home/177662272,kissimmee,34744
1888 Gobi Dr,Kissimmee,FL,34747,519900,6,4.5,3142,606,single_family,S5154103,https://www.redfin.com/FL/Kissimmee/1888-Gobi-Dr-34747/for-sale/162639258,kissimmee,34747
2260 Rapollo Dr,Kissimmee,FL,34741,519990,4,2.5,2138,208,single_family,OM726419,https://www.redfin.com/FL/Kissimmee/2260-Rapollo-Dr-34741/home/162417556,kissimmee,34741
14712 Eagles Crossing Dr,Orlando,FL,32837,519999,4,2,2000,94,single_family,O6403269,https://www.redfin.com/FL/Orlando/14712-Eagles-Crossing-Dr-32837/for-sale/46913217,kissimmee,32837
1404 Swainson Ct,Orlando,FL,32837,520000,5,3,2805,126,single_family,S5154579,https://www.redfin.com/FL/Orlando/1404-Swainson-Ct-32837/for-sale/46957589,kissimmee,32837
5013 Terra Vista Way,Orlando,FL,32837,520000,3,2,1640,106,single_family,O6410831,https://www.redfin.com/FL/Orlando/5013-Terra-Vista-Way-32837/home/46899738,kissimmee,32837
2503 Rolling Broak Dr,Orlando,FL,32837,520000,4,2.5,2380,30,single_family,O6331298,https://www.redfin.com/FL/Orlando/2503-Rolling-Broak-Dr-32837/home/46827289,kissimmee,32837
1874 Hickory Bluff Rd,Kindred,FL,34744,520000,5,3,,12,single_family,A12003800,https://www.redfin.com/FL/Kindred/1874-Hickory-Bluff-Rd-34744/home/147929688,kissimmee,34744
3557 Rock Creek Ln,Kissimmee,FL,34744,520000,3,2.5,2128,105,single_family,S5152410,https://www.redfin.com/FL/Kissimmee/3557-Rock-Creek-Ln-34744/home/170044425,kissimmee,34744
2369 Crescent Moon St,Kissimmee,FL,34746,520000,4,2.5,3438,87,single_family,P4939276,https://www.redfin.com/FL/Kissimmee/2369-Crescent-Moon-St-34746/home/170043270,kissimmee,34746
2068 Live Oak Ridge Rd,Kissimmee,FL,34746,520000,6,4.5,3193,168,single_family,O6409215,https://www.redfin.com/FL/Kissimmee/2068-Live-Oak-Ridge-Rd-34746/home/170045200,kissimmee,34746
546 Imperial Pl,Kissimmee,FL,34758,520000,,2188,2461,149,4,O6389245,https://www.redfin.com/FL/Kissimmee/546-Imperial-Pl-34758/for-sale/162647941,kissimmee,34758
5683 Nevis Ter,Kissimmee,FL,34758,520000,3,3,2372,421,single_family,O6381617,https://www.redfin.com/FL/Kissimmee/5683-Nevis-Ter-34758/home/193907104,kissimmee,34758
3821 Shoreview Dr,Kissimmee,FL,34744,523000,4,3,2458,188,single_family,S5146534,https://www.redfin.com/FL/Kissimmee/3821-Shoreview-Dr-34744/home/46494250,kissimmee,34744
4461 Indigo Sky Ln,Kissimmee,FL,34744,524000,3,2,1941,110,single_family,S5151142,https://www.redfin.com/FL/Kissimmee/4461-Indigo-Sky-Ln-34744/home/64041131,kissimmee,34744
210 Las Fuentes Dr,Kissimmee,FL,34746,524880,6,5.5,3512,400,single_family,S5144642,https://www.redfin.com/FL/Kissimmee/210-Las-Fuentes-Dr-34746/home/53422554,kissimmee,34746
4921 Casa Vista Dr,Orlando,FL,32837,524900,4,2.5,2192,83,single_family,O6423283,https://www.redfin.com/FL/Orlando/4921-Casa-Vista-Dr-32837/home/46951451,kissimmee,32837
2045 Rankin St,Kindred,FL,34744,524900,4,3,2142,10,single_family,O6369099,https://www.redfin.com/FL/Kindred/2045-Rankin-St-34744/home/188667864,kissimmee,34744
2527 Nouveau Way,Kissimmee,FL,34741,525000,4,2.5,2138,173,single_family,TB8536735,https://www.redfin.com/FL/Kissimmee/2527-Nouveau-Way-34741/for-sale/147928881,kissimmee,34741
307 E Monument Ave Unit A,Kissimmee,FL,34741,525000,4,2,1552,,4,S5144441,https://www.redfin.com/FL/Kissimmee/307-E-Monument-Ave-34741/unit-A/home/46553586,kissimmee,34741
2047 Bearing Ln,Kissimmee,FL,34744,525000,4,2,2153,70,single_family,S5153750,https://www.redfin.com/FL/Kissimmee/2047-Bearing-Ln-34744/for-sale/46481334,kissimmee,34744
3005 Slough Creek Dr,Kissimmee,FL,34744,525000,4,2.5,2790,129,single_family,O6388753,https://www.redfin.com/FL/Kissimmee/3005-Slough-Creek-Dr-34744/home/177662298,kissimmee,34744
180 Hideaway Beach Ln,Kissimmee,FL,34746,525000,7,4.5,3020,466,single_family,O6421854,https://www.redfin.com/FL/Kissimmee/180-Hideaway-Beach-Ln-34746/home/46479574,kissimmee,34746
3910 Redfin Pl,Kissimmee,FL,34746,525000,4,4,2727,364,single_family,S5150540,https://www.redfin.com/FL/Kissimmee/3910-Redfin-Pl-34746/home/162384989,kissimmee,34746
210 Ballo Dr,Kissimmee,FL,34746,525000,6,4,2872,431,single_family,O6422924,https://www.redfin.com/FL/Kissimmee/210-Ballo-Dr-34746/home/162646460,kissimmee,34746
2908 Banana Palm Dr,Kissimmee,FL,34747,525000,5,5,3081,660,single_family,O6430071,https://www.redfin.com/FL/Kissimmee/2908-Banana-Palm-Dr-34747/for-sale/63057121,kissimmee,34747
2440 Tangier Dr,Kissimmee,FL,34747,525000,5,4,2492,587,single_family,O6430214,https://www.redfin.com/FL/Kissimmee/2440-Tangier-Dr-34747/for-sale/170047274,kissimmee,34747
9026 Paolos Pl,Kissimmee,FL,34747,525000,6,3.5,2870,329,single_family,S5153313,https://www.redfin.com/FL/Kissimmee/9026-Paolos-Pl-34747/home/53422384,kissimmee,34747
1915 Estuary Ln,Kissimmee,FL,34747,525000,3,2,2202,407,single_family,S5153778,https://www.redfin.com/FL/Kissimmee/1915-Estuary-Ln-34747/for-sale/170045642,kissimmee,34747
8065 Lost Shaker Ln,Kissimmee,FL,34747,525000,4,3,1410,664,single_family,W7886703,https://www.redfin.com/FL/Kissimmee/8065-Lost-Shaker-Ln-34747/home/170041025,kissimmee,34747
8060 Dreamsicle Dr,Kissimmee,FL,34747,525000,4,3,1564,861,single_family,W7886608,https://www.redfin.com/FL/Kissimmee/8060-Dreamsicle-Dr-34747/home/168019804,kissimmee,34747
4975 Windermere Ave,Kissimmee,FL,34746,528800,5,4,2168,549,condo,O6422940,https://www.redfin.com/FL/Kissimmee/4975-Windermere-Ave-34746/home/162332840,kissimmee,34746
1744 Nestlewood Trl,Orlando,FL,32837,529000,4,2,2544,81,single_family,O6426175,https://www.redfin.com/FL/Orlando/1744-Nestlewood-Trl-32837/for-sale/46877025,kissimmee,32837
3192 Waterbridge Ln,Kissimmee,FL,34744,529000,4,2,2540,53,single_family,O6425879,https://www.redfin.com/FL/Kissimmee/3192-Waterbridge-Ln-34744/for-sale/46482011,kissimmee,34744
1809 Nice Ct,Kissimmee,FL,34747,529000,6,4.5,3142,606,single_family,O6412809,https://www.redfin.com/FL/Kissimmee/1809-Nice-Ct-34747/home/162454960,kissimmee,33896
519 Blackbird Ln Unit A & B,Kissimmee,FL,34759,529900,6,4,2324,165,4,R4911738,https://www.redfin.com/FL/Kissimmee/519-Blackbird-Ln-34759/unit-A-B/home/196118986,kissimmee,34759
2514 Nouveau Way,Kissimmee,FL,34741,529950,3,2,2035,192,single_family,O6395099,https://www.redfin.com/FL/Kissimmee/2514-Nouveau-Way-34741/home/147928876,kissimmee,34741
644 Flower Fields Ln,Orlando,FL,32824,530000,6,4,3514,43,single_family,O6425681,https://www.redfin.com/FL/Orlando/644-Flower-Fields-Ln-32824/for-sale/46639540,kissimmee,32824
2599 Nouveau Way,Kissimmee,FL,34741,530000,4,2.5,2158,173,single_family,O6424712,https://www.redfin.com/FL/Kissimmee/2599-Nouveau-Way-34741/for-sale/147928813,kissimmee,34741
407 Thunder Gulch Ct,Orlando,FL,32824,533000,4,3,2684,43,single_family,C7526544,https://www.redfin.com/FL/Orlando/407-Thunder-Gulch-Ct-32824/home/46947319,kissimmee,32824
1212 Darnaby Way,Orlando,FL,32824,533000,3,2.5,2403,91,single_family,S5144251,https://www.redfin.com/FL/Orlando/1212-Darnaby-Way-32824/home/46973601,kissimmee,32824
4907 Olde Kerry Dr,Orlando,FL,32837,534000,5,2,2382,106,single_family,O6398233,https://www.redfin.com/FL/Orlando/4907-Olde-Kerry-Dr-32837/home/46899879,kissimmee,32837
2185 Antilles Club Dr,Kissimmee,FL,34747,534000,3,2,1904,407,single_family,O6425607,https://www.redfin.com/FL/Kissimmee/2185-Antilles-Club-Dr-34747/for-sale/162444477,kissimmee,34747
12278 Northover Loop,Orlando,FL,32824,535000,3,2,2092,237,single_family,O6419416,https://www.redfin.com/FL/Orlando/12278-Northover-Loop-32824/home/143503796,kissimmee,32824
3430 Canvas St,Kissimmee,FL,34741,535000,4,2.5,2694,96,single_family,S5155398,https://www.redfin.com/FL/Kissimmee/3430-Canvas-St-34741/for-sale/147928144,kissimmee,34741
2989 Banana Palm Dr,Kissimmee,FL,34747,535000,5,5,3081,682,single_family,O6412256,https://www.redfin.com/FL/Kissimmee/2989-Banana-Palm-Dr-34747/home/60405563,kissimmee,34747
1632 Tropical Palms Cir,Kissimmee,FL,34747,535000,5,4.5,2294,663,condo,O6422192,https://www.redfin.com/FL/Kissimmee/1632-Tropical-Palms-Cir-34747/home/170047164,kissimmee,34747
2606 Royal Fern Pl,Kissimmee,FL,34758,535000,6,3.5,2658,,single_family,O6391472,https://www.redfin.com/FL/Kissimmee/2606-Royal-Fern-Pl-34758/home/46573524,kissimmee,34758
3133 Riachuelo Ln,Kissimmee,FL,34744,539000,4,3,2351,160,single_family,O6430008,https://www.redfin.com/FL/Kissimmee/3133-Riachuelo-Ln-34744/for-sale/46477084,kissimmee,34744
1915 Acacia Dr,Kissimmee,FL,34758,539000,5,3.5,3122,133,single_family,S5151805,https://www.redfin.com/FL/Kissimmee/1915-Acacia-Dr-34758/home/46498600,kissimmee,34758
1860 White Heron Bay Cir,Orlando,FL,32824,539900,5,3.5,2764,70,single_family,O6429594,https://www.redfin.com/FL/Orlando/1860-White-Heron-Bay-Cir-32824/for-sale/46952889,kissimmee,32824
13916 Rushing Creek Run,Orlando,FL,32824,539900,4,2.5,2787,109,single_family,S5145126,https://www.redfin.com/FL/Orlando/13916-Rushing-Creek-Run-32824/home/168104371,kissimmee,32824
12900 Winfield Scott Blvd,Orlando,FL,32837,539900,4,3,2332,35,single_family,A4702441,https://www.redfin.com/FL/Orlando/12900-Winfield-Scott-Blvd-32837/home/46937661,kissimmee,32837
4731 Clock Tower Dr #401,Kissimmee,FL,34746,540000,4,3,2435,711,townhouse,O6427195,https://www.redfin.com/FL/Kissimmee/4731-Clock-Tower-Dr-34746/unit-401/for-sale/144520545,kissimmee,34746
3540 Valleyview Dr,Kissimmee,FL,34746,540000,5,3.5,3037,355,single_family,S5152021,https://www.redfin.com/FL/Kissimmee/3540-Valleyview-Dr-34746/home/46486056,kissimmee,34746
5676 Nevis Ter,Kissimmee,FL,34758,540000,3,3,2296,426,single_family,O6432452,https://www.redfin.com/FL/Kissimmee/5676-Nevis-Ter-34758/for-sale/193907118,kissimmee,34758
2252 Wyndam Way,Kissimmee,FL,34743,544900,6,3.5,3177,8,single_family,A12038059,https://www.redfin.com/FL/Kissimmee/2252-Wyndam-Way-34743/home/46520956,kissimmee,34743
2412 Runyon Cir,Orlando,FL,32837,545000,4,3,1966,160,single_family,118465,https://www.redfin.com/FL/Orlando/2412-Runyon-Cir-32837/for-sale/46880315,kissimmee,32837
738 Hacienda Cir,Kissimmee,FL,34741,545000,5,2.5,2813,76,single_family,O6344662,https://www.redfin.com/FL/Kissimmee/738-Hacienda-Cir-34741/for-sale/46484263,kissimmee,34741
1545 Leaf Ln,Kissimmee,FL,34744,545000,4,2.5,2456,134,single_family,O6390201,https://www.redfin.com/FL/Kissimmee/1545-Leaf-Ln-34744/home/183403481,kissimmee,34744
2854 Youngford St,Orlando,FL,32824,547000,4,3,2602,155,single_family,O6386558,https://www.redfin.com/FL/Orlando/2854-Youngford-St-32824/home/55316961,kissimmee,32824
3182 Armstrong Spring Dr,Kissimmee,FL,34744,548000,5,3,2370,128,single_family,S5153745,https://www.redfin.com/FL/Kissimmee/3182-Armstrong-Spring-Dr-34744/for-sale/177662318,kissimmee,34744
1816 Sandy Park Trl,Kissimmee,FL,34747,548000,4,3.5,2488,717,single_family,O6421264,https://www.redfin.com/FL/Kissimmee/1816-Sandy-Park-Trl-34747/home/162578904,kissimmee,34747
14912 White Magnolia Ct,Orlando,FL,32824,549000,4,2.5,2183,20,single_family,S5148439,https://www.redfin.com/FL/Orlando/14912-White-Magnolia-Ct-32824/home/46935050,kissimmee,32824
14502 Potanow Trl,Orlando,FL,32837,549000,3,2.5,2308,142,single_family,O6418121,https://www.redfin.com/FL/Orlando/14502-Potanow-Trl-32837/home/46907650,kissimmee,32837
182 Hideaway Beach Ln,Kissimmee,FL,34746,549000,7,4.5,2881,466,single_family,TB8532477,https://www.redfin.com/FL/Kissimmee/182-Hideaway-Beach-Ln-34746/for-sale/46479573,kissimmee,34746
430 Las Fuentes Dr,Kissimmee,FL,34746,549000,6,5.5,3512,431,single_family,O6421783,https://www.redfin.com/FL/Kissimmee/430-Las-Fuentes-Dr-34746/home/53422556,kissimmee,34746
2960 Salted Rim Rd,Kissimmee,FL,34747,549000,4,4.5,2166,586,single_family,A4695024,https://www.redfin.com/FL/Kissimmee/2960-Salted-Rim-Rd-34747/home/170041120,kissimmee,34747
4919 Jetton Dr,Orlando,FL,32837,549900,4,2,2025,100,single_family,O6417983,https://www.redfin.com/FL/Orlando/4919-Jetton-Dr-32837/home/46952809,kissimmee,32837
2408 Chateau Loop,Kissimmee,FL,34741,549900,5,4,3040,199,single_family,O6426514,https://www.redfin.com/FL/Kissimmee/2408-Chateau-Loop-34741/for-sale/162345552,kissimmee,34741
1799 Ranger Highlands Rd,Kindred,FL,34744,549900,4,3.5,2851,10,single_family,O6428548,https://www.redfin.com/FL/Kindred/1799-Ranger-Highlands-Rd-34744/for-sale/146462584,kissimmee,34744
831 Neptune Pointe Ln,Kissimmee,FL,34744,549900,5,3.5,3609,79,single_family,S5149687,https://www.redfin.com/FL/Kissimmee/831-Neptune-Pointe-Ln-34744/home/46481354,kissimmee,34744
416 Becky St,Orlando,FL,32824,549990,4,2.5,2039,31,single_family,O6377899,https://www.redfin.com/FL/Orlando/416-Becky-St-32824/for-sale/46844075,kissimmee,32824
1917 Nice Ct,Kissimmee,FL,34747,549990,5,4,2492,379,single_family,O6428506,https://www.redfin.com/FL/Kissimmee/1917-Nice-Ct-34747/for-sale/162579064,kissimmee,33896
1705 Bridgets Ct,Kissimmee,FL,34744,549999,4,3.5,2994,190,single_family,S5145159,https://www.redfin.com/FL/Kissimmee/1705-Bridgets-Ct-34744/home/46581170,kissimmee,34744
2824 Noble Crow Dr,Kissimmee,FL,34744,550000,5,3.5,2676,93,single_family,S5154839,https://www.redfin.com/FL/Kissimmee/2824-Noble-Crow-Dr-34744/for-sale/170042426,kissimmee,34744
3166 Armstrong Spring Dr,Kissimmee,FL,34744,550000,4,3,2378,129,single_family,S5135636,https://www.redfin.com/FL/Kissimmee/3166-Armstrong-Spring-Dr-34744/home/177662329,kissimmee,34744
4784 Oren Brown Rd,Kissimmee,FL,34746,550000,3,2.5,1728,,single_family,O6426806,https://www.redfin.com/FL/Kissimmee/4784-Oren-Brown-Rd-34746/for-sale/46554631,kissimmee,34746
2501 Dharma Cir,Kissimmee,FL,34746,550000,6,4.5,2874,396,single_family,O6428666,https://www.redfin.com/FL/Kissimmee/2501-Dharma-Cir-34746/for-sale/103844593,kissimmee,34746
4811 Lullaby Ln,Kissimmee,FL,34746,550000,5,4,2168,265,condo,A12061772,https://www.redfin.com/FL/Kissimmee/4811-Lullaby-Ln-34746/home/162402472,kissimmee,34746
4817 Cumbrian Lakes Dr,Kissimmee,FL,34746,550000,5,3.5,2310,175,single_family,TB8523903,https://www.redfin.com/FL/Kissimmee/4817-Cumbrian-Lakes-Dr-34746/home/46578364,kissimmee,34746
2569 Reading Trl,Kissimmee,FL,34746,550000,4,3,1902,500,condo,O6409867,https://www.redfin.com/FL/Kissimmee/2569-Reading-Trl-34746/home/182130701,kissimmee,34746
8667 LA Isla Dr,Kissimmee,FL,34747,550000,7,5.5,2881,482,single_family,O6431583,https://www.redfin.com/FL/Kissimmee/8667-La-Isla-Dr-34747/for-sale/46486232,kissimmee,34747
4548 Yorkshire Ln,Kissimmee,FL,34758,550000,4,2.5,2053,,single_family,S5145086,https://www.redfin.com/FL/Kissimmee/4548-Yorkshire-Ln-34758/home/46570649,kissimmee,34758
14510 Quail Trail Cir,Orlando,FL,32837,554900,4,2,1910,172,single_family,O6423230,https://www.redfin.com/FL/Orlando/14510-Quail-Trail-Cir-32837/home/46921741,kissimmee,32837
2791 Runyon Cir,Orlando,FL,32837,555000,4,2.5,2068,159,single_family,S5153318,https://www.redfin.com/FL/Orlando/2791-Runyon-Cir-32837/home/46880366,kissimmee,32837
2590 Borinquen Dr,Kissimmee,FL,34744,555000,3,2,2118,,single_family,O6422091,https://www.redfin.com/FL/Kissimmee/2590-Borinquen-Dr-34744/home/46544988,kissimmee,34744
8051 White Crane Ct,Kissimmee,FL,34747,555000,4,2.5,2021,50,single_family,O6432185,https://www.redfin.com/FL/Kissimmee/8051-White-Crane-Ct-34747/for-sale/46531026,kissimmee,34747
8007 Acadia Estates Ct,Kissimmee,FL,34747,555000,6,6.5,3366,445,single_family,O6420745,https://www.redfin.com/FL/Kissimmee/8007-Acadia-Estates-Ct-34747/home/46580626,kissimmee,34747
7886 Somersworth Dr,Kissimmee,FL,34747,555900,6,4.5,2714,699,single_family,TB8519985,https://www.redfin.com/FL/Kissimmee/7886-Somersworth-Dr-34747/home/184281813,kissimmee,34747
14505 Ward Rd,Orlando,FL,32824,559000,4,3.5,3384,115,single_family,O6387846,https://www.redfin.com/FL/Orlando/14505-Ward-Rd-32824/home/112771130,kissimmee,32824
2749 S Stewart St,Kissimmee,FL,34746,559000,4,2,2901,,single_family,O6431608,https://www.redfin.com/FL/Kissimmee/2749-S-Stewart-St-34746/for-sale/46550884,kissimmee,34746
4562 Tribute Trl,Kissimmee,FL,34746,559000,4,3,2655,248,single_family,O6428916,https://www.redfin.com/FL/Kissimmee/4562-Tribute-Trl-34746/for-sale/162402549,kissimmee,34746
1885 Nice Ct,Kissimmee,FL,34747,559000,6,4.5,3142,606,single_family,O6415911,https://www.redfin.com/FL/Kissimmee/1885-Nice-Ct-34747/home/160701009,kissimmee,33896
13851 Amberleigh Rd,Orlando,FL,32837,559900,6,3,2782,42,single_family,S5145884,https://www.redfin.com/FL/Orlando/13851-Amberleigh-Rd-32837/home/46921372,kissimmee,32837
1624 Barberry Dr,Kindred,FL,34744,559990,4,3.5,2851,11,single_family,S5152366,https://www.redfin.com/FL/Kindred/1624-Barberry-Dr-34744/home/177669914,kissimmee,34744
12135 Carson Dr,Orlando,FL,32824,559999,3,2.5,2937,70,single_family,O6415381,https://www.redfin.com/FL/Orlando/12135-Carson-Dr-32824/home/107968198,kissimmee,32824
1592 Skyline Dr,Kissimmee,FL,34744,560000,3,2.5,2410,17,single_family,S5154872,https://www.redfin.com/FL/Kissimmee/1592-Skyline-Dr-34744/for-sale/46514645,kissimmee,34744
1577 Starfish St,Kissimmee,FL,34744,560000,3,2,1733,,single_family,O6412641,https://www.redfin.com/FL/Kissimmee/1577-Starfish-St-34744/home/46565235,kissimmee,34744
1636 Barberry Dr,Kindred,FL,34744,560000,4,3.5,2851,10,single_family,S5144068,https://www.redfin.com/FL/Kindred/1636-Barberry-Dr-34744/home/177669917,kissimmee,34744
4383 Scene Ln,Kissimmee,FL,34746,560000,4,3,1914,550,condo,G5116041,https://www.redfin.com/FL/Kissimmee/4383-Scene-Ln-34746/home/184128514,kissimmee,34746
1445 Fairview Cir,Reunion,FL,34747,560000,4,4.5,2764,600,single_family,L4963650,https://www.redfin.com/FL/Reunion/1445-Fairview-Cir-34747/for-sale/46479011,kissimmee,34747
14112 Lord Barclay Dr,Orlando,FL,32837,562500,4,2,2256,121,single_family,S5152556,https://www.redfin.com/FL/Orlando/14112-Lord-Barclay-Dr-32837/home/46908411,kissimmee,32837
12810 Boggy View Dr,Orlando,FL,32824,565000,4,3,2780,114,single_family,O6430056,https://www.redfin.com/FL/Orlando/12810-Boggy-View-Dr-32824/for-sale/46663292,kissimmee,32824
14706 Eagle View Ct,Orlando,FL,32837,565000,3,2,1953,115,single_family,O6429222,https://www.redfin.com/FL/Orlando/14706-Eagle-View-Ct-32837/for-sale/46913218,kissimmee,32837
2285 Centerra Loop,Kissimmee,FL,34741,565000,4,4,2937,208,single_family,O6426645,https://www.redfin.com/FL/Kissimmee/2285-Centerra-Loop-34741/for-sale/170043685,kissimmee,34741
8877 Bengal Ct,Kissimmee,FL,34747,565000,5,5.5,2622,606,single_family,O6402816,https://www.redfin.com/FL/Kissimmee/8877-Bengal-Ct-34747/home/168032322,kissimmee,33896
4701 Ruby Red Ln,Kissimmee,FL,34746,567900,7,4.5,2646,300,single_family,O6417809,https://www.redfin.com/FL/Kissimmee/4701-Ruby-Red-Ln-34746/home/53422719,kissimmee,34746
1518 Sun Meadow Dr,Orlando,FL,32824,569000,5,3.5,2813,91,single_family,V4949580,https://www.redfin.com/FL/Orlando/1518-Sun-Meadow-Dr-32824/home/46973664,kissimmee,32824
13714 Huntwick Dr,Orlando,FL,32837,569000,5,2,2238,111,single_family,O6423214,https://www.redfin.com/FL/Orlando/13714-Huntwick-Dr-32837/home/46887106,kissimmee,32837
2994 Protagonist St,Kissimmee,FL,34746,569000,5,4,2168,545,condo,O6429876,https://www.redfin.com/FL/Kissimmee/2994-Protagonist-St-34746/home/177665692,kissimmee,34746
2805 Lake Tohopekaliga Blvd,Kissimmee,FL,34746,569000,4,3,2264,30,single_family,O6430320,https://www.redfin.com/FL/Kissimmee/2805-Lake-Tohopekaliga-Blvd-34746/for-sale/46552541,kissimmee,34746
2625 Harris Blvd,Kissimmee,FL,34746,569000,3,3,2064,,single_family,O6426437,https://www.redfin.com/FL/Kissimmee/2625-Harris-Blvd-34746/for-sale/46569123,kissimmee,34746
2610 Tranquility Way,Kissimmee,FL,34746,569000,6,5,3601,333,single_family,S5153013,https://www.redfin.com/FL/Kissimmee/2610-Tranquility-Way-34746/home/147927908,kissimmee,34746
2998 Salted Rim Rd,Kissimmee,FL,34747,569000,4,4.5,1948,836,single_family,O6419668,https://www.redfin.com/FL/Kissimmee/2998-Salted-Rim-Rd-34747/for-sale/170041070,kissimmee,34747
14610 Astina Way,Orlando,FL,32837,569900,5,3,2457,67,single_family,O6426171,https://www.redfin.com/FL/Orlando/14610-Astina-Way-32837/for-sale/46907568,kissimmee,32837
2568 Archfeld Blvd,Kissimmee,FL,34747,569900,4,4,1824,571,single_family,O6428649,https://www.redfin.com/FL/Kissimmee/2568-Archfeld-Blvd-34747/for-sale/46502260,kissimmee,34747
12532 Sawgrass Oak St,Orlando,FL,32824,570000,5,3.5,3148,115,single_family,B26043982,https://www.redfin.com/FL/Orlando/12532-Sawgrass-Oak-St-32824/home/46677873,kissimmee,32824
8824 Bengal Ct,Kissimmee,FL,34747,570000,8,6,4041,606,single_family,O6426928,https://www.redfin.com/FL/Kissimmee/8824-Bengal-Ct-34747/for-sale/160935001,kissimmee,33896
7813 Marlow Pl,Kissimmee,FL,34747,570900,6,4.5,2714,699,single_family,TB8520957,https://www.redfin.com/FL/Kissimmee/7813-Marlow-Pl-34747/for-sale/184282014,kissimmee,34747
7833 Marlow Pl,Kissimmee,FL,34747,570900,6,4.5,2714,699,single_family,TB8520006,https://www.redfin.com/FL/Kissimmee/7833-Marlow-Pl-34747/home/184282019,kissimmee,34747
13821 Amberleigh Rd,Orlando,FL,32837,571000,4,3,2535,41,single_family,S5154308,https://www.redfin.com/FL/Orlando/13821-Amberleigh-Rd-32837/for-sale/46921377,kissimmee,32837
3185 Timucua Cir,Orlando,FL,32837,574800,4,2,2063,121,single_family,S5147555,https://www.redfin.com/FL/Orlando/3185-Timucua-Cir-32837/home/46913846,kissimmee,32837
2515 Fontaine Dr,Kissimmee,FL,34741,574900,4,2.5,2962,288,single_family,O6390540,https://www.redfin.com/FL/Kissimmee/2515-Fontaine-Dr-34741/home/147928221,kissimmee,34741
3051 Agostino Ter,Kissimmee,FL,34746,575000,4,4,2970,364,single_family,O6417134,https://www.redfin.com/FL/Kissimmee/3051-Agostino-Ter-34746/home/162385081,kissimmee,34746
8184 Fan Palm Way,Kissimmee,FL,34747,575000,6,3.5,2368,530,single_family,O6424807,https://www.redfin.com/FL/Kissimmee/8184-Fan-Palm-Way-34747/for-sale/46573964,kissimmee,34747
1836 Nice Ct,Kissimmee,FL,34747,575000,8,6,4041,606,single_family,O6429118,https://www.redfin.com/FL/Kissimmee/1836-Nice-Ct-34747/for-sale/162454964,kissimmee,33896
1881 Nice Ct,Kissimmee,FL,34747,577500,7,5.5,3314,606,single_family,O6411765,https://www.redfin.com/FL/Kissimmee/1881-Nice-Ct-34747/home/162362980,kissimmee,33896
14620 Cableshire Way,Orlando,FL,32824,579000,4,2,2988,155,single_family,O6417401,https://www.redfin.com/FL/Orlando/14620-Cableshire-Way-32824/home/46621490,kissimmee,32824
3127 Conrad Ct,Kissimmee,FL,34744,579700,4,2,2302,53,single_family,S5152828,https://www.redfin.com/FL/Kissimmee/3127-Conrad-Ct-34744/home/46481988,kissimmee,34744
1821 Plantation Oak Dr,Orlando,FL,32824,579900,5,3.5,3181,115,single_family,S5150482,https://www.redfin.com/FL/Orlando/1821-Plantation-Oak-Dr-32824/home/46663525,kissimmee,32824
5306 Coral Vine Ln,Kissimmee,FL,34758,579900,6,3,2658,,single_family,O6405097,https://www.redfin.com/FL/Kissimmee/5306-Coral-Vine-Ln-34758/home/46542247,kissimmee,34758
1701 Bull Hill Rd,Kindred,FL,34744,579990,4,3.5,2852,15,single_family,S5148728,https://www.redfin.com/FL/Kindred/1701-Bull-Hill-Rd-34744/home/188667969,kissimmee,34744
12515 Sawgrass Oak St,Orlando,FL,32824,580000,4,3,2535,115,single_family,S5150351,https://www.redfin.com/FL/Orlando/12515-Sawgrass-Oak-St-32824/home/46677790,kissimmee,32824
3385 Woodberry Ct,Kissimmee,FL,34746,580000,4,2,2899,,single_family,S5154150,https://www.redfin.com/FL/Kissimmee/3385-Woodberry-Ct-34746/for-sale/46567446,kissimmee,34746
4454 Monado Dr,Kissimmee,FL,34746,580000,5,4.5,3075,432,single_family,O6424454,https://www.redfin.com/FL/Kissimmee/4454-Monado-Dr-34746/home/173825736,kissimmee,34746
4692 Golden Beach Ct,Kissimmee,FL,34746,580000,6,5.5,2834,466,single_family,O6424345,https://www.redfin.com/FL/Kissimmee/4692-Golden-Beach-Ct-34746/home/46479465,kissimmee,34746
1892 Gobi Dr,Kissimmee,FL,34747,580000,7,5.5,3314,606,single_family,A12054893,https://www.redfin.com/FL/Kissimmee/1892-Gobi-Dr-34747/for-sale/162454944,kissimmee,34747
2381 Distant Sun Trl,Kissimmee,FL,34747,580000,5,4.5,2299,633,condo,S5152725,https://www.redfin.com/FL/Kissimmee/2381-Distant-Sun-Trl-34747/home/193902477,kissimmee,34747
3469 Forest Ridge Ln,Kissimmee,FL,34741,584900,4,3.5,3119,80,single_family,S5154697,https://www.redfin.com/FL/Kissimmee/3469-Forest-Ridge-Ln-34741/for-sale/46578865,kissimmee,34741
3463 Forest Ridge Ln,Kissimmee,FL,34741,585000,4,3.5,3807,80,single_family,O6407190,https://www.redfin.com/FL/Kissimmee/3463-Forest-Ridge-Ln-34741/home/46578856,kissimmee,34741
1605 Marina Lake Dr,Kissimmee,FL,34744,585000,4,3,2905,75,single_family,S5154773,https://www.redfin.com/FL/Kissimmee/1605-Marina-Lake-Dr-34744/for-sale/46575195,kissimmee,34744
12714 Topsfield Dr,Orlando,FL,32837,589000,4,3,2556,28,single_family,O6413882,https://www.redfin.com/FL/Orlando/12714-Topsfield-Dr-32837/home/46827506,kissimmee,32837
0 Michigan Ave,Kissimmee,FL,34744,589000,,,,,8,S5145426,https://www.redfin.com/FL/Kissimmee/Michigan-Ave-34744/home/162358379,kissimmee,34744
8675 LA Isla Dr,Kissimmee,FL,34747,589000,6,4.5,2827,482,single_family,O6415825,https://www.redfin.com/FL/Kissimmee/8675-La-Isla-Dr-34747/home/46486061,kissimmee,34747
314 Alma St,Kissimmee,FL,34741,590000,5,4,1567,,single_family,O6380497,https://www.redfin.com/FL/Kissimmee/314-Alma-St-34741/home/46551444,kissimmee,34741
8452 Secret Key Cv,Kissimmee,FL,34747,590000,7,4.5,2881,482,single_family,S5155272,https://www.redfin.com/FL/Kissimmee/8452-Secret-Key-Cv-34747/for-sale/46576295,kissimmee,34747
2809 Runyon Cir,Orlando,FL,32837,594900,3,2.5,2114,159,single_family,R4910993,https://www.redfin.com/FL/Orlando/2809-Runyon-Cir-32837/home/46880364,kissimmee,32837
14313 Roxshire Dr,Orlando,FL,32837,595000,4,3,2427,121,single_family,O6430721,https://www.redfin.com/FL/Orlando/14313-Roxshire-Dr-32837/for-sale/46907921,kissimmee,32837
202 Woodson Ct,Kissimmee,FL,34744,595000,5,3.5,3744,91,single_family,O6414003,https://www.redfin.com/FL/Kissimmee/202-Woodson-Ct-34744/home/46550975,kissimmee,34744
7526 Excitement Dr,Reunion,FL,34747,595000,4,4,2815,624,single_family,S5154509,https://www.redfin.com/FL/Reunion/7526-Excitement-Dr-34747/for-sale/46581216,kissimmee,34747
8105 Sun Palm Dr,Kissimmee,FL,34747,595000,6,3.5,2368,100,single_family,S5154030,https://www.redfin.com/FL/Kissimmee/8105-Sun-Palm-Dr-34747/for-sale/46580296,kissimmee,34747
2821 Lone Feather Dr,Orlando,FL,32837,598000,3,2,2198,115,single_family,O6422369,https://www.redfin.com/FL/Orlando/2821-Lone-Feather-Dr-32837/home/46913989,kissimmee,32837
1804 Sandy Park Trl,Kissimmee,FL,34747,598000,5,5.5,3213,717,single_family,S5153572,https://www.redfin.com/FL/Kissimmee/1804-Sandy-Park-Trl-34747/home/162701110,kissimmee,34747
14310 Lord Barclay Dr,Orlando,FL,32837,599000,4,2,2643,121,single_family,O6394990,https://www.redfin.com/FL/Orlando/14310-Lord-Barclay-Dr-32837/home/46907805,kissimmee,32837
3865 Bowfin Trl,Kissimmee,FL,34746,599000,4,4,2920,345,single_family,O6425046,https://www.redfin.com/FL/Kissimmee/3865-Bowfin-Trl-34746/for-sale/162742613,kissimmee,34746
541 Muirfield Loop,Reunion,FL,34747,599000,,,,158,8,S5154447,https://www.redfin.com/FL/Reunion/541-Muirfield-Loop-34747/home/54712447,kissimmee,34747
2521 Barwick St,Orlando,FL,32824,599900,5,4,4014,155,single_family,O6418412,https://www.redfin.com/FL/Orlando/2521-Barwick-St-32824/home/46644950,kissimmee,32824
3244 Amaca Cir,Orlando,FL,32837,599900,4,2.5,2660,120,single_family,TB8524353,https://www.redfin.com/FL/Orlando/3244-Amaca-Cir-32837/home/46907974,kissimmee,32837
1161 Kempton Chase Pkwy,Orlando,FL,32837,599900,6,4,3146,73,single_family,TB8506053,https://www.redfin.com/FL/Orlando/1161-Kempton-Chase-Pkwy-32837/home/46949488,kissimmee,32837
1756 Tangle Wood Dr,Kissimmee,FL,34746,599900,5,3,2532,,single_family,O6414176,https://www.redfin.com/FL/Kissimmee/1756-Tanglewood-Dr-34746/home/46519435,kissimmee,34746
207 Hideaway Beach Ln,Kissimmee,FL,34746,599900,7,4.5,2834,466,single_family,S5151084,https://www.redfin.com/FL/Kissimmee/207-Hideaway-Beach-Ln-34746/home/46479560,kissimmee,34746
877 Desert Mountain Ct,Reunion,FL,34747,599900,4,3.5,2703,570,single_family,O6424549,https://www.redfin.com/FL/Reunion/877-Desert-Mountain-Ct-34747/for-sale/46484011,kissimmee,34747
401 Southfield St,Kissimmee,FL,34747,599900,5,4.5,2574,815,single_family,O6412556,https://www.redfin.com/FL/Kissimmee/401-Southfield-St-34747/home/171578978,kissimmee,34747
3521 Molona Dr,Orlando,FL,32837,599990,4,4.5,3194,47,single_family,O6399943,https://www.redfin.com/FL/Orlando/3521-Molona-Dr-32837/home/46907936,kissimmee,32837
2717 Fiesta Key Dr,Kissimmee,FL,34747,599990,7,4.5,2881,482,single_family,O6419154,https://www.redfin.com/FL/Kissimmee/2717-Fiesta-Key-Dr-34747/home/46484021,kissimmee,34747
3280 Somerset Park Dr,Orlando,FL,32824,600000,4,3,2500,236,single_family,S5151061,https://www.redfin.com/FL/Orlando/3280-Somerset-Park-Dr-32824/home/112772644,kissimmee,32824
12249 Northover Loop,Orlando,FL,32824,600000,4,3,2510,237,single_family,S5150162,https://www.redfin.com/FL/Orlando/12249-Northover-Loop-32824/for-sale/144575987,kissimmee,32824
3481 Forest Ridge Ln,Kissimmee,FL,34741,600000,4,3.5,3119,80,single_family,1082893,https://www.redfin.com/FL/Kissimmee/3481-Forest-Ridge-Ln-34741/for-sale/46578859,kissimmee,34741
618 Mabbette St,Kissimmee,FL,34741,600000,6,3,2384,,4,O6429624,https://www.redfin.com/FL/Kissimmee/618-Mabbette-St-34741/home/46551738,kissimmee,34741
3100 Conrad Ct,Kissimmee,FL,34744,600000,5,3,2824,53,single_family,O6423286,https://www.redfin.com/FL/Kissimmee/3100-Conrad-Ct-34744/home/46481999,kissimmee,34744
12397 Stone Bark Trl,Orlando,FL,32824,605000,5,3.5,2843,114,single_family,O6429972,https://www.redfin.com/FL/Orlando/12397-Stone-Bark-Trl-32824/for-sale/112772748,kissimmee,32824
4375 Silver Creek St,Kissimmee,FL,34744,605000,5,2.5,3092,126,single_family,G5114460,https://www.redfin.com/FL/Kissimmee/4375-Silver-Creek-St-34744/for-sale/168017300,kissimmee,34744
3607 Kariba Ct,Kissimmee,FL,34746,605000,4,3.5,3387,10,single_family,B26053363,https://www.redfin.com/FL/Kissimmee/3607-Kariba-Ct-34746/for-sale/46577652,kissimmee,34746
481 Lasso Dr,Kissimmee,FL,34747,609900,8,7,3401,777,single_family,L4963587,https://www.redfin.com/FL/Kissimmee/481-Lasso-Dr-34747/for-sale/109813880,kissimmee,34747
1903 Hailsham Ct,Orlando,FL,32824,610000,6,3,3213,155,single_family,O6426170,https://www.redfin.com/FL/Orlando/1903-Hailsham-Ct-32824/for-sale/52936092,kissimmee,32824
3040 Cardillino Way,Kissimmee,FL,34741,610000,5,4,3105,246,single_family,S5120036,https://www.redfin.com/FL/Kissimmee/3040-Cardillino-Way-34741/home/143321839,kissimmee,34741
2220 Emperor Dr,Kissimmee,FL,34744,610000,3,2,2502,,single_family,S5148275,https://www.redfin.com/FL/Kissimmee/2220-Emperor-Dr-34744/home/46567887,kissimmee,34744
,Kissimmee,FL,34747,610000,5,5,2297,571,single_family,O6413930,https://www.redfin.com/FL/Kissimmee/Undisclosed-address-34747/for-sale/46486674,kissimmee,34747
Ravenna Plan,Kissimmee,FL,34758,614999,5,5.5,4591,,single_family,3B740E3A6012,https://www.redfin.com/FL/Kissimmee/Kissimmee/Ravenna/home/201905866,kissimmee,34758
2391 Windward Cv,Kissimmee,FL,34746,615000,3,2.5,2913,167,single_family,S5154006,https://www.redfin.com/FL/Kissimmee/2391-Windward-Cv-34746/for-sale/46531769,kissimmee,34746
8117 Surf St,Kissimmee,FL,34747,615000,3,2,1787,467,single_family,A12053754,https://www.redfin.com/FL/Kissimmee/8117-Surf-St-34747/for-sale/173811872,kissimmee,34747
2648 Daulby St,Kissimmee,FL,34747,615000,6,3.5,2469,571,single_family,S5153001,https://www.redfin.com/FL/Kissimmee/2648-Daulby-St-34747/home/46481076,kissimmee,34747
7743 Comrow St,Kissimmee,FL,34747,615000,4,4,1824,1913,single_family,S5151580,https://www.redfin.com/FL/Kissimmee/7743-Comrow-St-34747/home/46478937,kissimmee,34747
1003 W Sumner St,Kissimmee,FL,34741,619000,0,,3496,,4,S5154497,https://www.redfin.com/FL/Kissimmee/1003-Sumner-St-34741/home/46552099,kissimmee,34741
200 Pendant Ct,Kissimmee,FL,34747,619000,6,6.5,3317,816,single_family,O6427714,https://www.redfin.com/FL/Kissimmee/200-Pendant-Ct-34747/for-sale/144249232,kissimmee,34747
8953 Coconut Breeze Dr,Kissimmee,FL,34747,619000,6,4.5,2987,718,single_family,O6422772,https://www.redfin.com/FL/Kissimmee/8953-Coconut-Breeze-Dr-34747/home/170047098,kissimmee,34747
1616 Regal Cove Ct,Kissimmee,FL,34744,619900,4,3,2707,150,single_family,O6426237,https://www.redfin.com/FL/Kissimmee/1616-Regal-Cove-Ct-34744/for-sale/46515021,kissimmee,34744
2833 Bookmark Dr,Kissimmee,FL,34746,619900,5,5,2996,495,single_family,S5155116,https://www.redfin.com/FL/Kissimmee/2833-Bookmark-Dr-34746/for-sale/170045094,kissimmee,34746
4408 Breeze Isle Ln,Kissimmee,FL,34744,624990,5,3.5,3267,110,single_family,O6393234,https://www.redfin.com/FL/Kissimmee/4408-Breeze-Isle-Ln-34744/home/53393731,kissimmee,34744
3231 Palatka St,Orlando,FL,32824,625000,5,3.5,3232,107,single_family,O6417980,https://www.redfin.com/FL/Orlando/3231-Palatka-St-32824/home/107968309,kissimmee,32824
14506 Timucua Ct,Orlando,FL,32837,625000,3,2,1816,121,single_family,S5153594,https://www.redfin.com/FL/Orlando/14506-Timucua-Ct-32837/home/46913433,kissimmee,32837
6023 W Town Center Blvd,Orlando,FL,32837,625000,4,2.5,2634,125,single_family,S5152182,https://www.redfin.com/FL/Orlando/6023-W-Town-Center-Blvd-32837/home/80197158,kissimmee,32837
2747 Kissimmee Bay Cir,Kissimmee,FL,34744,625000,4,3.5,3177,195,single_family,S5143367,https://www.redfin.com/FL/Kissimmee/2747-Kissimmee-Bay-Cir-34744/home/46544958,kissimmee,34744
4531 Yorkshire Ln,Kissimmee,FL,34758,625000,3,3,2293,25,single_family,O6420313,https://www.redfin.com/FL/Kissimmee/4531-Yorkshire-Ln-34758/home/162779476,kissimmee,34758
3814 Shoreside Dr,Kissimmee,FL,34746,629000,5,4,3972,364,single_family,P4939263,https://www.redfin.com/FL/Kissimmee/3814-Shoreside-Dr-34746/home/144246403,kissimmee,34746
4416 Shiva Loop,Kissimmee,FL,34746,629900,8,7,3565,396,single_family,O6427419,https://www.redfin.com/FL/Kissimmee/4416-Shiva-Loop-34746/for-sale/162624441,kissimmee,34746
1678 Lima Ave,Kissimmee,FL,34747,629900,9,6,4391,607,single_family,O6420335,https://www.redfin.com/FL/Kissimmee/1678-Lima-Ave-34747/home/168032272,kissimmee,34747
12657 Iris Lake Dr,Orlando,FL,32824,630000,5,3,3115,101,single_family,O6428997,https://www.redfin.com/FL/Orlando/12657-Iris-Lake-Dr-32824/for-sale/46651801,kissimmee,32824
3849 Ocita Dr,Orlando,FL,32837,630000,3,2.5,2822,119,single_family,O6414544,https://www.redfin.com/FL/Orlando/3849-Ocita-Dr-32837/home/46907726,kissimmee,32837
1670 Taylor Ridge Loop,Kissimmee,FL,34744,633500,4,3,2359,150,single_family,S5135712,https://www.redfin.com/FL/Kissimmee/1670-Taylor-Ridge-Loop-34744/home/46577745,kissimmee,34744
2748 Bookmark Dr,Kissimmee,FL,34746,634988,6,5,3343,548,single_family,O6424671,https://www.redfin.com/FL/Kissimmee/2748-Bookmark-Dr-34746/for-sale/170044935,kissimmee,34746
400 Burma St,Kissimmee,FL,34747,635000,6,6.5,3317,815,single_family,O6416434,https://www.redfin.com/FL/Kissimmee/400-Burma-St-34747/for-sale/147929442,kissimmee,34747
6049 Fender Ct,Orlando,FL,32837,639000,4,2.5,2855,115,single_family,O6371272,https://www.redfin.com/FL/Orlando/6049-Fender-Ct-32837/home/107964383,kissimmee,32837
2304 Indian Mound Trl,Kissimmee,FL,34746,639000,5,3.5,3764,147,single_family,O6420257,https://www.redfin.com/FL/Kissimmee/2304-Indian-Mound-Trl-34746/home/46531776,kissimmee,34746
2385 Dammar St,Orlando,FL,32824,639900,4,3.5,2565,77,single_family,S5147357,https://www.redfin.com/FL/Orlando/2385-Dammar-St-32824/home/171099087,kissimmee,32824
2901 Agostino Ter,Kissimmee,FL,34746,639900,5,3.5,4232,365,single_family,O6415623,https://www.redfin.com/FL/Kissimmee/2901-Agostino-Ter-34746/home/162385064,kissimmee,34746
7685 Fairfax Dr,Kissimmee,FL,34747,640000,5,5.5,2921,857,single_family,O6427034,https://www.redfin.com/FL/Kissimmee/7685-Fairfax-Dr-34747/for-sale/162467933,kissimmee,34747
1771 Lee Janzen Dr,Kissimmee,FL,34744,644000,5,3,3213,195,single_family,S5153835,https://www.redfin.com/FL/Kissimmee/1771-Lee-Janzen-Dr-34744/for-sale/46544796,kissimmee,34744
9083 Sunshine Ridge Loop,Kissimmee,FL,34747,648800,5,4.5,3505,726,single_family,O6430256,https://www.redfin.com/FL/Kissimmee/9083-Sunshine-Ridge-Loop-34747/for-sale/162362719,kissimmee,34747
1511 Gateway Ln,Kissimmee,FL,34746,649000,5,4,2970,364,single_family,O6429063,https://www.redfin.com/FL/Kissimmee/1511-Gateway-Ln-34746/for-sale/144243157,kissimmee,34746
4670 Anderson Rd,Kissimmee,FL,34746,649000,3,1,1200,,single_family,O6428490,https://www.redfin.com/FL/Kissimmee/4670-Anderson-Rd-34746/for-sale/54701266,kissimmee,34746
450 Novi Path,Kissimmee,FL,34747,649000,8,7,3412,127,single_family,TB8518783,https://www.redfin.com/FL/Kissimmee/450-Novi-Path-34747/home/105661407,kissimmee,34747
5011 Corto Dr,Orlando,FL,32837,649900,4,2.5,2597,106,single_family,O6420894,https://www.redfin.com/FL/Orlando/5011-Corto-Dr-32837/home/46952790,kissimmee,32837
3480 Forest Ridge Ln,Kissimmee,FL,34741,649900,4,3.5,3119,63,single_family,S5153740,https://www.redfin.com/FL/Kissimmee/3480-Forest-Ridge-Ln-34741/for-sale/46578891,kissimmee,34741
14172 Dove Hollow Dr,Orlando,FL,32824,649990,6,4.5,3724,116,single_family,O6428827,https://www.redfin.com/FL/Orlando/14172-Dove-Hollow-Dr-32824/for-sale/107968249,kissimmee,32824
3243 Palatka St,Orlando,FL,32824,649999,5,3.5,3422,106,single_family,O6398300,https://www.redfin.com/FL/Orlando/3243-Palatka-St-32824/home/107968270,kissimmee,32824
,Orlando,FL,32824,650000,3,2,1677,17,single_family,A12055670,https://www.redfin.com/FL/Orlando/Undisclosed-address-32824/for-sale/46892784,kissimmee,32824
2555 Sand Arbor Cir,Orlando,FL,32824,650000,5,3.5,2897,74,single_family,O6417887,https://www.redfin.com/FL/Orlando/2555-Sand-Arbor-Cir-32824/home/46614361,kissimmee,32824
9330 1st Ave,Orlando,FL,32824,650000,,,,,8,S5149683,https://www.redfin.com/FL/Orlando/9330-1st-Ave-32824/home/46688408,kissimmee,32824
12202 Accipiter Dr,Orlando,FL,32837,650000,5,3,3246,41,single_family,O6431932,https://www.redfin.com/FL/Orlando/12202-Accipiter-Dr-32837/for-sale/46949406,kissimmee,32837
12341 Accipiter Dr,Orlando,FL,32837,650000,5,3,2826,41,single_family,S5154816,https://www.redfin.com/FL/Orlando/12341-Accipiter-Dr-32837/for-sale/46949642,kissimmee,32837
2678 Calistoga Ave,Kissimmee,FL,34741,650000,5,5,3067,504,single_family,O6405139,https://www.redfin.com/FL/Kissimmee/2678-Calistoga-Ave-34741/home/109813143,kissimmee,34741
2669 Calistoga Ave,Kissimmee,FL,34741,650000,5,5,3067,596,single_family,O6350746,https://www.redfin.com/FL/Kissimmee/2669-Calistoga-Ave-34741/home/144247369,kissimmee,34741
2542 Nouveau Way,Kissimmee,FL,34741,650000,4,2.5,2132,397,single_family,O6379913,https://www.redfin.com/FL/Kissimmee/2542-Nouveau-Way-34741/home/143329093,kissimmee,34741
1714 Cheryl Ln,Kissimmee,FL,34744,650000,4,3.5,3609,,single_family,O6395426,https://www.redfin.com/FL/Kissimmee/1714-Cheryl-Ln-34744/home/46515078,kissimmee,34744
3104 Bass Boat Way,Kissimmee,FL,34746,650000,5,3,2798,38,single_family,O6424939,https://www.redfin.com/FL/Kissimmee/3104-Bass-Boat-Way-34746/for-sale/53423472,kissimmee,34746
3018 Boating Blvd,Kissimmee,FL,34746,650000,5,4.5,3680,38,single_family,O6421095,https://www.redfin.com/FL/Kissimmee/3018-Boating-Blvd-34746/home/53423481,kissimmee,34746
1860 Saha Ct,Kissimmee,FL,34744,653400,4,3,2869,,single_family,R4911559,https://www.redfin.com/FL/Kissimmee/1860-Saha-Ct-34744/home/46514501,kissimmee,34744
8557 LA Isla Dr,Kissimmee,FL,34747,654900,7,6,3667,431,single_family,S5155067,https://www.redfin.com/FL/Kissimmee/8557-La-Isla-Dr-34747/for-sale/46478970,kissimmee,34747
341 Pendant Ct,Kissimmee,FL,34747,659000,8,7,3412,994,single_family,S5154995,https://www.redfin.com/FL/Kissimmee/341-Pendant-Ct-34747/for-sale/147929077,kissimmee,34747
2484 Albany Dr,Kissimmee,FL,34758,659000,4,4.5,3278,,single_family,S5151834,https://www.redfin.com/FL/Kissimmee/2484-Albany-Dr-34758/home/46540802,kissimmee,34758
12015 Stone Bark Trl,Orlando,FL,32824,660000,5,3.5,3160,76,single_family,O6421438,https://www.redfin.com/FL/Orlando/12015-Stone-Bark-Trl-32824/home/160593742,kissimmee,32824
2694 Calistoga Ave,Kissimmee,FL,34741,664999,6,6.5,3451,517,single_family,O6353542,https://www.redfin.com/FL/Kissimmee/2694-Calistoga-Ave-34741/home/109813117,kissimmee,34741
7605 Brookhurst Ln,Kissimmee,FL,34747,668900,6,6.5,3317,805,single_family,O6422270,https://www.redfin.com/FL/Kissimmee/7605-Brookhurst-Ln-34747/home/105636574,kissimmee,34747
9000 Egret Mills Ter,Kissimmee,FL,34747,669000,6,4.5,2987,1290,single_family,O6421988,https://www.redfin.com/FL/Kissimmee/9000-Egret-Mills-Ter-34747/for-sale/162578885,kissimmee,34747
13429 Falcon Pointe Dr,Orlando,FL,32837,669900,5,3,2706,111,single_family,O6411617,https://www.redfin.com/FL/Orlando/13429-Falcon-Pointe-Dr-32837/home/46880907,kissimmee,32837
2321 Hinsdale Dr,Kissimmee,FL,34741,669900,5,3.5,3497,61,single_family,S5113864,https://www.redfin.com/FL/Kissimmee/2321-Hinsdale-Dr-34741/home/46485727,kissimmee,34741
2692 Calistoga Ave,Kissimmee,FL,34741,669900,6,6.5,3451,596,single_family,O6335561,https://www.redfin.com/FL/Kissimmee/2692-Calistoga-Ave-34741/home/103849015,kissimmee,34741
3151 Sunset Walk Dr Unit 1316 and 1318,Kissimmee,FL,34747,669999,2,2,1500,1090,townhouse,S5152204,https://www.redfin.com/FL/Kissimmee/3151-Sunset-Walk-Dr-34747/unit-1316-and-1318/home/204410710,kissimmee,34747
1424 Aguacate Ct,Orlando,FL,32837,674900,6,4,3521,73,single_family,O6422221,https://www.redfin.com/FL/Orlando/1424-Aguacate-Ct-32837/for-sale/46949784,kissimmee,32837
2683 Amati Dr,Kissimmee,FL,34741,674900,5,4,3105,173,single_family,O6410751,https://www.redfin.com/FL/Kissimmee/2683-Amati-Dr-34741/home/144247416,kissimmee,34741
3032 Prelude Ln,Kissimmee,FL,34746,674900,6,3,3294,248,single_family,S5150542,https://www.redfin.com/FL/Kissimmee/3032-Prelude-Ln-34746/home/170039352,kissimmee,34746
4735 Chelsea Ct,Kissimmee,FL,34744,675000,4,3,1936,10,single_family,O6309757,https://www.redfin.com/FL/Kissimmee/4735-Chelsea-Ct-34744/home/46521154,kissimmee,34744
2261 Mariner Cv,Kissimmee,FL,34746,675000,4,2.5,3022,167,single_family,A12038155,https://www.redfin.com/FL/Kissimmee/2261-Mariner-Cv-34746/home/46531817,kissimmee,34746
8825 Rhodes St,Kissimmee,FL,34747,675000,8,6,4041,563,single_family,S5151659,https://www.redfin.com/FL/Kissimmee/8825-Rhodes-St-34747/home/144247521,kissimmee,34747
8817 Corcovado Dr,Kissimmee,FL,34747,678000,9,6,4391,458,single_family,O6423332,https://www.redfin.com/FL/Kissimmee/8817-Corcovado-Dr-34747/home/148561441,kissimmee,33896
7777 Teascone Blvd,Kissimmee,FL,34747,679000,5,5,2297,574,single_family,S5154949,https://www.redfin.com/FL/Kissimmee/7777-Teascone-Blvd-34747/for-sale/46499092,kissimmee,34747
1810 Sawyer Palm Pl,Kissimmee,FL,34747,679900,8,7,4098,726,single_family,O6429006,https://www.redfin.com/FL/Kissimmee/1810-Sawyer-Palm-Pl-34747/for-sale/162454731,kissimmee,34747
8812 Macapa Dr,Kissimmee,FL,34747,680000,8,6,4041,606,single_family,O6428715,https://www.redfin.com/FL/Kissimmee/8812-Macapa-Dr-34747/for-sale/144249119,kissimmee,33896
2540 Albany Dr,Kissimmee,FL,34758,685000,6,4,3817,,single_family,O6273982,https://www.redfin.com/FL/Kissimmee/2540-Albany-Dr-34758/home/46540808,kissimmee,34758
302 Marcello Blvd,Kissimmee,FL,34746,690000,8,6,3805,431,single_family,S5155134,https://www.redfin.com/FL/Kissimmee/302-Marcello-Blvd-34746/for-sale/173825719,kissimmee,34746
1908 Nice Ct,Kissimmee,FL,34747,690000,9,6,4391,697,single_family,S5153553,https://www.redfin.com/FL/Kissimmee/1908-Nice-Ct-34747/for-sale/162363003,kissimmee,34747
2623 Pawnall St,Kissimmee,FL,34747,690000,6,4,2812,571,single_family,O6419768,https://www.redfin.com/FL/Kissimmee/2623-Pawnall-St-34747/home/46499095,kissimmee,34747
3850 Oakville Ave,Kissimmee,FL,34741,693000,6,6.5,3701,516,single_family,S5117582,https://www.redfin.com/FL/Kissimmee/3850-Oakville-Ave-34741/home/109813319,kissimmee,34741
4170 Gooseberry Trl,Kissimmee,FL,34746,694990,5,3.5,3800,181,single_family,O6420476,https://www.redfin.com/FL/Kissimmee/4170-Gooseberry-Trl-34746/home/188674519,kissimmee,34746
219 Strathmore Cir,Kissimmee,FL,34744,695000,5,3,3897,14,single_family,O6419771,https://www.redfin.com/FL/Kissimmee/219-Strathmore-Cir-34744/home/46550441,kissimmee,34744
2803 Boating Blvd,Kissimmee,FL,34746,695000,5,4.5,2891,56,single_family,TB8529270,https://www.redfin.com/FL/Kissimmee/2803-Boating-Blvd-34746/for-sale/46500112,kissimmee,34746
2630 Dinville St,Kissimmee,FL,34747,695000,6,3.5,2855,573,single_family,O6432050,https://www.redfin.com/FL/Kissimmee/2630-Dinville-St-34747/for-sale/46486694,kissimmee,34747
2137 Malta Ter,Kissimmee,FL,34747,695000,8,6,4041,606,single_family,O6431236,https://www.redfin.com/FL/Kissimmee/2137-Malta-Ter-34747/for-sale/109813185,kissimmee,34747
7564 Marker Ave,Kissimmee,FL,34747,695000,5,5.5,3328,1112,single_family,O6430064,https://www.redfin.com/FL/Kissimmee/7564-Marker-Ave-34747/for-sale/144249172,kissimmee,34747
12225 Stone Bark Trl,Orlando,FL,32824,699000,5,4,3241,66,single_family,O6429832,https://www.redfin.com/FL/Orlando/12225-Stone-Bark-Trl-32824/for-sale/64117013,kissimmee,32824
2341 Eagle Talon Ct,Kissimmee,FL,34746,699000,4,3.5,3621,364,single_family,O6411064,https://www.redfin.com/FL/Kissimmee/2341-Eagle-Talon-Ct-34746/home/64029132,kissimmee,34746
7765 Tosteth St,Kissimmee,FL,34747,699000,6,4,2812,571,single_family,O6423586,https://www.redfin.com/FL/Kissimmee/7765-Tosteth-St-34747/home/46484085,kissimmee,34747
393 Southfield St,Kissimmee,FL,34747,699000,6,6.5,3317,714,single_family,O6419642,https://www.redfin.com/FL/Kissimmee/393-Southfield-St-34747/home/173825574,kissimmee,34747
1648 Marina Lake Dr,Kissimmee,FL,34744,699500,4,3,3015,75,single_family,S5150174,https://www.redfin.com/FL/Kissimmee/1648-Marina-Lake-Dr-34744/home/46575334,kissimmee,34744
1324 Cinder Ln,Kissimmee,FL,34744,699796,3,2,2560,,10,S5154323,https://www.redfin.com/FL/Kissimmee/1324-Cinder-Ln-34744/home/46569887,kissimmee,34744
810 Person St,Kissimmee,FL,34741,699900,0,,3523,,5,S5133165,https://www.redfin.com/FL/Kissimmee/810-Person-St-34741/home/46551716,kissimmee,34741
13494 Falcon Pointe Dr,Orlando,FL,32837,699999,4,2.5,2604,112,single_family,O6423991,https://www.redfin.com/FL/Orlando/13494-Falcon-Pointe-Dr-32837/home/46880883,kissimmee,32837
2132 Plantation Oak Dr,Orlando,FL,32824,700000,4,3.5,3805,113,single_family,O6366017,https://www.redfin.com/FL/Orlando/2132-Plantation-Oak-Dr-32824/home/46663318,kissimmee,32824
3870 Oakville Ave,Kissimmee,FL,34741,700000,5,5,3067,517,single_family,B26047618,https://www.redfin.com/FL/Kissimmee/3870-Oakville-Ave-34741/home/92907472,kissimmee,34741
3310 Stonewyck St,Orlando,FL,32824,702000,4,3.5,3107,116,single_family,O6415426,https://www.redfin.com/FL/Orlando/3310-Stonewyck-St-32824/home/107970474,kissimmee,32824
1754 Caribbean View Ter,Kissimmee,FL,34747,705000,9,6.5,4363,740,single_family,S5152046,https://www.redfin.com/FL/Kissimmee/1754-Caribbean-View-Ter-34747/home/162362701,kissimmee,34747
2810 Swoop Cir,Kissimmee,FL,34741,710000,4,3,3410,215,single_family,O6415499,https://www.redfin.com/FL/Kissimmee/2810-Swoop-Cir-34741/home/52770091,kissimmee,34741
2661 Calistoga,Kissimmee,FL,34741,718000,5,5,3067,596,single_family,O6395610,https://www.redfin.com/FL/Kissimmee/2661-Calistoga-Ave-34741/home/162342762,kissimmee,34741
3851 Hunters Isle Dr,Orlando,FL,32837,719000,4,3,3245,125,single_family,S5146606,https://www.redfin.com/FL/Orlando/3851-Hunters-Isle-Dr-32837/home/46907778,kissimmee,32837
1724 Bridgets Ct,Kissimmee,FL,34744,719990,4,3.5,3194,195,single_family,S5154057,https://www.redfin.com/FL/Kissimmee/1724-Bridgets-Ct-34744/for-sale/46581161,kissimmee,34744
3436 Stonewyck St,Orlando,FL,32824,720000,5,3.5,4158,100,single_family,S5146313,https://www.redfin.com/FL/Orlando/3436-Stonewyck-St-32824/home/107970389,kissimmee,32824
2613 Calistoga Ave,Kissimmee,FL,34741,720000,10,8,4275,411,single_family,O6323497,https://www.redfin.com/FL/Kissimmee/2613-Calistoga-Ave-34741/home/162342748,kissimmee,34741
4443 Shiva Loop,Kissimmee,FL,34746,720000,8,7,3565,366,single_family,O6407672,https://www.redfin.com/FL/Kissimmee/4443-Shiva-Loop-34746/home/144246945,kissimmee,34746
2451 Luxor Dr,Kissimmee,FL,34747,720000,8,6,4041,626,single_family,O6419722,https://www.redfin.com/FL/Kissimmee/2451-Luxor-Dr-34747/home/170047403,kissimmee,34747
2667 Calistoga Ave,Kissimmee,FL,34741,725000,6,6,3067,597,single_family,O6431516,https://www.redfin.com/FL/Kissimmee/Undisclosed-address-34741/for-sale/162413517,kissimmee,34741
2802 Quiet Water Trl,Kissimmee,FL,34744,725000,5,5,4323,169,single_family,A12030616,https://www.redfin.com/FL/Kissimmee/2802-Quiet-Water-Trl-34744/home/46494223,kissimmee,34744
1632 Nassau Point Trl,Kissimmee,FL,34747,725000,9,6.5,4363,654,single_family,O6421816,https://www.redfin.com/FL/Kissimmee/1632-Nassau-Point-Trl-34747/home/162362705,kissimmee,34747
253 Southfield St,Kissimmee,FL,34747,729900,5,5.5,2945,777,single_family,O6418879,https://www.redfin.com/FL/Kissimmee/253-Southfield-St-34747/home/173825485,kissimmee,34747
2830 Horton Rd,Kissimmee,FL,34744,730000,4,2.5,1980,,single_family,S5152781,https://www.redfin.com/FL/Kissimmee/2830-Horton-Rd-34744/home/46569863,kissimmee,34744
2772 Bookmark Dr,Kissimmee,FL,34746,735000,6,5,3343,563,single_family,O6409305,https://www.redfin.com/FL/Kissimmee/2772-Bookmark-Dr-34746/home/170044947,kissimmee,34746
2659 Calistoga Ave,Kissimmee,FL,34741,737900,8,5,3248,411,single_family,O6426265,https://www.redfin.com/FL/Kissimmee/2659-Calistoga-Ave-34741/for-sale/162342761,kissimmee,34741
2676 Calistoga Ave,Kissimmee,FL,34741,739900,5,5,3067,474,single_family,B26047625,https://www.redfin.com/FL/Kissimmee/2676-Calistoga-Ave-34741/home/103848853,kissimmee,34741
4535 Narrative Ln,Kissimmee,FL,34746,745000,8,5,4289,564,single_family,O6420720,https://www.redfin.com/FL/Kissimmee/4535-Narrative-Ln-34746/home/170044998,kissimmee,34746
272 Southfield St,Kissimmee,FL,34747,745000,6,5,3203,783,single_family,O6418227,https://www.redfin.com/FL/Kissimmee/272-Southfield-St-34747/home/173727282,kissimmee,34747
7708 Graben St,Kissimmee,FL,34747,748900,6,6.5,3317,857,single_family,S5154383,https://www.redfin.com/FL/Kissimmee/7708-Graben-St-34747/for-sale/162644882,kissimmee,34747
1603 Lima Ave,Kissimmee,FL,34747,749000,9,6,4391,560,single_family,2147591,https://www.redfin.com/FL/Kissimmee/1603-Lima-Ave-34747/home/168032336,kissimmee,33896
2721 Bookmark Dr,Kissimmee,FL,34746,749500,8,5,4289,517,single_family,O6405337,https://www.redfin.com/FL/Kissimmee/2721-Bookmark-Dr-34746/for-sale/170044898,kissimmee,34746
2270 Tournament Ct,Kissimmee,FL,34746,749900,4,3.5,3325,20,single_family,S5152857,https://www.redfin.com/FL/Kissimmee/2270-Tournament-Ct-34746/for-sale/46578460,kissimmee,34746
2770 Swoop Cir,Kissimmee,FL,34741,749999,4,3,2470,215,single_family,S5145153,https://www.redfin.com/FL/Kissimmee/2770-Swoop-Cir-34741/home/46497020,kissimmee,34741
1620 Marina Lake Dr,Kissimmee,FL,34744,750000,5,4,3643,75,single_family,S5150329,https://www.redfin.com/FL/Kissimmee/1620-Marina-Lake-Dr-34744/home/46575178,kissimmee,34744
0 Marllo Rd,Kissimmee,FL,34744,750000,,,,,8,S5153726,https://www.redfin.com/FL/Kissimmee/Marllo-Rd-34744/home/162368204,kissimmee,34744
2892 Spring Breeze Way,Kissimmee,FL,34744,765000,7,4.5,3899,110,single_family,O6416339,https://www.redfin.com/FL/Kissimmee/2892-Spring-Breeze-Way-34744/home/63056811,kissimmee,34744
501 Sumner St,Kissimmee,FL,34741,765999,5,4,3518,,single_family,S5152826,https://www.redfin.com/FL/Kissimmee/501-Sumner-St-34741/home/46551693,kissimmee,34741
5338 Los Palma Vista Dr,Orlando,FL,32837,769000,4,2.5,2694,108,single_family,O6426350,https://www.redfin.com/FL/Orlando/5338-Los-Palma-Vista-Dr-32837/for-sale/46963352,kissimmee,32837
4536 Target Blvd,Kissimmee,FL,34746,770000,8,5,4305,563,single_family,O6423655,https://www.redfin.com/FL/Kissimmee/4536-Target-Blvd-34746/for-sale/170045016,kissimmee,34746
640 Lasso Dr,Kissimmee,FL,34747,770000,8,7,3412,907,single_family,O6418592,https://www.redfin.com/FL/Kissimmee/640-Lasso-Dr-34747/home/107587931,kissimmee,34747
4364 Curacao Pl,Kissimmee,FL,34758,770000,3,3,3004,426,single_family,O6432402,https://www.redfin.com/FL/Kissimmee/4364-Curacao-Pl-34758/for-sale/193906995,kissimmee,34758
2850 Spring Breeze Way,Kissimmee,FL,34744,775000,6,4.5,3899,100,single_family,S5147876,https://www.redfin.com/FL/Kissimmee/2850-Spring-Breeze-Way-34744/home/63056440,kissimmee,34744
705 Lenox Pl,Kissimmee,FL,34758,779000,6,6,3460,165,4,O6373592,https://www.redfin.com/FL/Kissimmee/705-Lenox-Pl-34758/home/113939523,kissimmee,34758
1100 Windlass Ct,Kissimmee,FL,34746,780000,5,4.5,4322,362,single_family,O6420849,https://www.redfin.com/FL/Kissimmee/1100-Windlass-Ct-34746/home/162770692,kissimmee,34746
2389 Pearl Cider St,Orlando,FL,32824,795000,4,4.5,2921,77,single_family,O6414231,https://www.redfin.com/FL/Orlando/2389-Pearl-Cider-St-32824/home/171099056,kissimmee,32824
6105 New Hope Rd,Orlando,FL,32824,799000,3,2,1330,,single_family,O6419695,https://www.redfin.com/FL/Orlando/6105-New-Hope-Rd-32824/home/46921730,kissimmee,32824
501 Royal Palm Dr,Kissimmee,FL,34743,799900,5,3.5,3130,,single_family,S5152947,https://www.redfin.com/FL/Kissimmee/501-Royal-Palm-Dr-34743/home/162665963,kissimmee,34743
4547 Narrative Ln,Kissimmee,FL,34746,799999,9,5,4289,564,single_family,S5151506,https://www.redfin.com/FL/Kissimmee/4547-Narrative-Ln-34746/home/170044995,kissimmee,34746
4793 Kings Castle Cir,Kissimmee,FL,34746,819000,6,6,3291,189,single_family,O6426442,https://www.redfin.com/FL/Kissimmee/4793-Kings-Castle-Cir-34746/for-sale/147928096,kissimmee,34746
2834 Storey Cove Ave,Kissimmee,FL,34746,819000,8,5,4289,587,single_family,O6410929,https://www.redfin.com/FL/Kissimmee/2834-Storey-Cove-Ave-34746/home/170045071,kissimmee,34746
2569 Shanti Dr,Kissimmee,FL,34746,820000,6,6.5,,535,single_family,A12036669,https://www.redfin.com/FL/Kissimmee/2569-Shanti-Dr-34746/home/173817869,kissimmee,34746
2484 Shanti Dr,Kissimmee,FL,34746,830000,6,6,,535,single_family,A12022070,https://www.redfin.com/FL/Kissimmee/2484-Shanti-Dr-34746/home/173817974,kissimmee,34746
3180 Canter Ln,Kissimmee,FL,34746,833000,3,2,2360,,single_family,O6409398,https://www.redfin.com/FL/Kissimmee/3180-Canter-Ln-34746/home/54625820,kissimmee,34746
1775 Harbor Rd,Kissimmee,FL,34746,849000,6,4,5133,,single_family,S5153360,https://www.redfin.com/FL/Kissimmee/1775-Harbor-Rd-34746/home/46531755,kissimmee,34746
2626 Calistoga Ave,Kissimmee,FL,34741,849500,10,8,4275,517,single_family,O6285913,https://www.redfin.com/FL/Kissimmee/2626-Calistoga-Ave-34741/home/162342778,kissimmee,34741
1516 Pine Island Rd,Kissimmee,FL,34744,849900,4,2.5,2613,,single_family,S5145674,https://www.redfin.com/FL/Kissimmee/1516-Pine-Island-Rd-34744/home/199307653,kissimmee,34744
2965 Protagonist St,Kissimmee,FL,34746,849900,9,5,4289,568,single_family,O6415462,https://www.redfin.com/FL/Kissimmee/2965-Protagonist-St-34746/home/177665573,kissimmee,34746
1109 Castle Pines Ct,Reunion,FL,34747,849900,5,4,3157,589,single_family,O6416359,https://www.redfin.com/FL/Reunion/1109-Castle-Pines-Ct-34747/home/145997610,kissimmee,34747
2518 Empress Dr,Kissimmee,FL,34741,850000,4,2.5,2307,226,single_family,O6418213,https://www.redfin.com/FL/Kissimmee/2518-Empress-Dr-34741/home/170043764,kissimmee,34741
2875 Sharp Rd,Kissimmee,FL,34744,850000,,,,,8,S5150980,https://www.redfin.com/FL/Kissimmee/2875-Sharp-Rd-34744/home/112973226,kissimmee,34744
2089 Tropical Palms Cir,Kissimmee,FL,34747,850000,9,6.5,4828,727,single_family,O6425706,https://www.redfin.com/FL/Kissimmee/2089-Tropical-Palms-Cir-34747/for-sale/170047069,kissimmee,34747
7454 Marker Ave,Kissimmee,FL,34747,859000,8,6.5,3609,827,single_family,S5154321,https://www.redfin.com/FL/Kissimmee/7454-Marker-Ave-34747/for-sale/162589042,kissimmee,34747
3951 Oakville Ave,Kissimmee,FL,34741,874900,7,7.5,4084,411,single_family,O6137411,https://www.redfin.com/FL/Kissimmee/3951-Oakville-Ave-34741/home/144247378,kissimmee,34741
4552 Lake Calabay Dr,Orlando,FL,32837,875000,5,4.5,3655,179,single_family,O6413744,https://www.redfin.com/FL/Orlando/4552-Lake-Calabay-Dr-32837/home/46907436,kissimmee,32837
3861 Sonoma Blvd,Kissimmee,FL,34741,875000,7,1,4422,,single_family,cmpms4qkv2fzcs601h2ebv9h8,https://www.redfin.com/FL/Kissimmee/3861-Sonoma-Blvd-34741/home/162342767,kissimmee,34741
7517 Marker Ave,Kissimmee,FL,34747,875000,10,10,4730,816,single_family,O6418018,https://www.redfin.com/FL/Kissimmee/7517-Marker-Ave-34747/home/144249199,kissimmee,34747
2145 Fleming Mist Pl,Kissimmee,FL,34747,879900,9,6.5,4363,726,single_family,O6417067,https://www.redfin.com/FL/Kissimmee/2145-Fleming-Mist-Pl-34747/home/170047022,kissimmee,34747
0 John Young Pkwy,Kissimmee,FL,34741,890000,,,,,8,S5115433,https://www.redfin.com/FL/Kissimmee/0-John-Young-Pkwy-34741/home/193619074,kissimmee,34741
2931 Fable St,Kissimmee,FL,34746,898000,9,5,4289,568,single_family,O6430943,https://www.redfin.com/FL/Kissimmee/2931-Fable-St-34746/for-sale/148718301,kissimmee,34746
2855 Bookmark Dr,Kissimmee,FL,34746,899000,8,5,4289,495,single_family,A4697895,https://www.redfin.com/FL/Kissimmee/2855-Bookmark-Dr-34746/home/170045084,kissimmee,34746
4451 Monado Dr,Kissimmee,FL,34746,910000,12,11.5,4762,431,single_family,O6421346,https://www.redfin.com/FL/Kissimmee/4451-Monado-Dr-34746/home/173825763,kissimmee,34746
2746 Oxymoron Way,Kissimmee,FL,34746,915000,8,5,4289,563,single_family,O6430382,https://www.redfin.com/FL/Kissimmee/2746-Oxymoron-Way-34746/for-sale/173813442,kissimmee,34746
3841 Sonoma Blvd,Kissimmee,FL,34741,929000,7,6,4422,633,single_family,O6431190,https://www.redfin.com/FL/Kissimmee/3841-Sonoma-Blvd-34741/for-sale/147928127,kissimmee,34741
1407 Water Lilly Ln,Kissimmee,FL,34744,930000,5,4.5,3845,195,single_family,S5125695,https://www.redfin.com/FL/Kissimmee/1407-Water-Lilly-Ln-34744/home/46544868,kissimmee,34744
2992 Penelope Loop,Kissimmee,FL,34746,940000,8,5,3994,564,single_family,O6419796,https://www.redfin.com/FL/Kissimmee/2992-Penelope-Loop-34746/home/177665487,kissimmee,34746
4525 Target Blvd,Kissimmee,FL,34746,940000,9,5,4289,810,single_family,O6418919,https://www.redfin.com/FL/Kissimmee/4525-Target-Blvd-34746/home/170045044,kissimmee,34746
2854 Bookmark Dr,Kissimmee,FL,34746,940000,9,5,4289,495,single_family,O6411133,https://www.redfin.com/FL/Kissimmee/2854-Bookmark-Dr-34746/home/170045056,kissimmee,34746
1425 Riviera Dr,Kissimmee,FL,34744,944900,6,4.5,4654,183,single_family,O6386384,https://www.redfin.com/FL/Kissimmee/1425-Riviera-Dr-34744/home/46514533,kissimmee,34744
Boggy Creek Rd,Orlando,FL,32824,950000,,,,,8,S5129154,https://www.redfin.com/FL/Orlando/Boggy-Creek-Rd-32824/home/162650430,kissimmee,32824
3713 Dockside Dr,Kissimmee,FL,34746,975000,5,4.5,4566,205,single_family,G5116066,https://www.redfin.com/FL/Kissimmee/3713-Dockside-Dr-34746/for-sale/144246865,kissimmee,34746
8648 S Orange Ave,Orlando,FL,32824,980000,,,,,8,O6366615,https://www.redfin.com/FL/Orlando/8648-S-Orange-Ave-32824/home/190658528,kissimmee,32824
824 Desert Mountain Ct,Reunion,FL,34747,980000,5,5.5,3203,591,single_family,S5154192,https://www.redfin.com/FL/Reunion/824-Desert-Mountain-Ct-34747/for-sale/54685095,kissimmee,34747
2159 Limestone Trl,Kissimmee,FL,34747,982000,4,3,2562,407,single_family,S5151700,https://www.redfin.com/FL/Kissimmee/2159-Limestone-Trl-34747/home/188680998,kissimmee,34747
4548 Target Blvd,Kissimmee,FL,34746,989000,9,5,4289,580,single_family,O6427050,https://www.redfin.com/FL/Kissimmee/4548-Target-Blvd-34746/for-sale/170045019,kissimmee,34746
7721 Fairfax Dr,Kissimmee,FL,34747,990000,8,6.5,3612,777,single_family,O6416980,https://www.redfin.com/FL/Kissimmee/7721-Fairfax-Dr-34747/home/147929427,kissimmee,34747
451 Lasso Dr,Kissimmee,FL,34747,999900,8,7,3401,990,single_family,O6427760,https://www.redfin.com/FL/Kissimmee/451-Lasso-Dr-34747/for-sale/109813991,kissimmee,34747
537 Marcello Blvd,Kissimmee,FL,34746,1035000,10,8,4260,353,single_family,G5115738,https://www.redfin.com/FL/Kissimmee/537-Marcello-Blvd-34746/for-sale/147928302,kissimmee,34746
4388 Quote St,Kissimmee,FL,34746,1050000,8,5,4289,440,single_family,O6408736,https://www.redfin.com/FL/Kissimmee/4388-Quote-St-34746/home/173813479,kissimmee,34746
1632 Regal Cove Ct,Kissimmee,FL,34744,1088000,6,5.5,4621,100,single_family,S5134100,https://www.redfin.com/FL/Kissimmee/1632-Regal-Cove-Ct-34744/home/46515017,kissimmee,34744
1582 Mermaid Cove Way,Kissimmee,FL,34747,1099000,9,6.5,4363,727,single_family,O6418556,https://www.redfin.com/FL/Kissimmee/1582-Mermaid-Cove-Way-34747/home/170047137,kissimmee,34747
2560 Shanti Dr,Kissimmee,FL,34746,1100000,12,11.5,4874,227,single_family,G5114777,https://www.redfin.com/FL/Kissimmee/2560-Shanti-Dr-34746/for-sale/173197637,kissimmee,34746
6053 New Hope Rd,Orlando,FL,32824,1179000,6,4,4502,,single_family,O6390437,https://www.redfin.com/FL/Orlando/6053-New-Hope-Rd-32824/home/46921721,kissimmee,32824
1025 Castle Pines Ct,Reunion,FL,34747,1275000,5,4,3355,571,single_family,O6419019,https://www.redfin.com/FL/Reunion/1025-Castle-Pines-Ct-34747/home/46484005,kissimmee,34747
3390 Woodberry Ct,Kissimmee,FL,34746,1285000,4,4.5,3576,,single_family,TB8533058,https://www.redfin.com/FL/Kissimmee/3390-Woodberry-Ct-34746/for-sale/162385514,kissimmee,34746
341 Muirfield Loop,Reunion,FL,34747,1299000,,,,158,8,S5154853,https://www.redfin.com/FL/Reunion/341-Muirfield-Loop-34747/home/54713665,kissimmee,34747
4441 Ganesha Loop,Kissimmee,FL,34746,1339000,12,11.5,4954,345,single_family,O6409228,https://www.redfin.com/FL/Kissimmee/4441-Ganesha-Loop-34746/home/173818538,kissimmee,34746
2890 Frontier Dr,Kissimmee,FL,34744,1375000,3,3,2250,,single_family,O6420732,https://www.redfin.com/FL/Kissimmee/2890-Frontier-Dr-34744/home/46516417,kissimmee,34744
9127 Turquoise Wave Cv,Kissimmee,FL,34741,1380000,8,6.5,4828,727,single_family,O6413907,https://www.redfin.com/FL/Kissimmee/9127-Turquoise-Wave-Cv-34747/home/193902552,kissimmee,34747
1314 Brack St,Kissimmee,FL,34744,1395000,,,,,8,S5147316,https://www.redfin.com/FL/Kissimmee/1314-N-Brack-St-34744/home/195854864,kissimmee,34744
7491 Gathering Dr,Reunion,FL,34747,1425000,5,5,4664,620,single_family,O6427758,https://www.redfin.com/FL/Reunion/7491-Gathering-Dr-34747/for-sale/46478731,kissimmee,34747
7438 Gathering Ct,Reunion,FL,34747,1450000,5,5.5,4489,620,single_family,O6414984,https://www.redfin.com/FL/Reunion/7438-Gathering-Ct-34747/for-sale/46478703,kissimmee,34747
3800 Sonoma Blvd,Kissimmee,FL,34741,1480000,15,15.5,6249,596,single_family,O6338679,https://www.redfin.com/FL/Kissimmee/3800-Sonoma-Blvd-34741/home/184271049,kissimmee,34741
3870 Sonoma Blvd,Kissimmee,FL,34741,1490000,15,15.5,6249,660,single_family,O6406240,https://www.redfin.com/FL/Kissimmee/3870-Sonoma-Blvd-34741/home/184271058,kissimmee,34741
2468 Rama Dr,Kissimmee,FL,34746,1499000,12,11.5,4762,345,single_family,S5151566,https://www.redfin.com/FL/Kissimmee/2468-Rama-Dr-34746/home/173818019,kissimmee,34746
865 Desert Mountain Ct,Reunion,FL,34747,1499000,6,5.5,4643,591,single_family,S5154070,https://www.redfin.com/FL/Reunion/865-Desert-Mountain-Ct-34747/for-sale/46484009,kissimmee,34747
7626 Whitemarsh Way,Kissimmee,FL,34747,1499700,9,9,5154,750,single_family,O6413954,https://www.redfin.com/FL/Kissimmee/7626-Whitemarsh-Way-34747/for-sale/183187840,kissimmee,34747
576 Tradeport Dr,Orlando,FL,32824,1500000,,,,41,8,S5153765,https://www.redfin.com/FL/Orlando/576-Tradeport-Dr-32824/home/203263834,kissimmee,32824
3801 Sonoma Blvd,Kissimmee,FL,34741,1550000,14,11,6404,660,single_family,S5146559,https://www.redfin.com/FL/Kissimmee/3801-Sonoma-Blvd-34741/home/147928129,kissimmee,34741
Nanaksar Ln,Kissimmee,FL,34741,1550000,,,,,8,O6211680,https://www.redfin.com/FL/Kissimmee/Nanaksar-Ln-34741/home/147927139,kissimmee,34741
E Osceola Pkwy,Kissimmee,FL,34743,1599000,,,,,8,O6353347,https://www.redfin.com/FL/Kissimmee/E-Osceola-Pkwy-34744/home/173811746,kissimmee,34744
Broadview Dr,Kissimmee,FL,34744,1600000,,,,,8,O6343623,https://www.redfin.com/FL/Kissimmee/Broadview-Dr-34744/home/197841041,kissimmee,34744
340 Muirfield Loop,Reunion,FL,34747,1627000,5,6,5668,616,single_family,S5154029,https://www.redfin.com/FL/Reunion/340-Muirfield-Loop-34747/for-sale/53422149,kissimmee,34747
304 Lakeshore Blvd,Kissimmee,FL,34741,1650000,0,,3189,,5,O6408922,https://www.redfin.com/FL/Kissimmee/304-Lakeshore-Blvd-34741/home/201888597,kissimmee,34741
7481 Gathering Loop,Reunion,FL,34747,1650000,5,4.5,5776,620,single_family,O6418002,https://www.redfin.com/FL/Reunion/7481-Gathering-Loop-34747/home/46476084,kissimmee,34747
3820 Sonoma Blvd,Kissimmee,FL,34741,1690000,15,15.5,6249,596,single_family,O6410138,https://www.redfin.com/FL/Kissimmee/3820-Sonoma-Blvd-34741/home/184271051,kissimmee,34741
807 Neptune Rd,Kissimmee,FL,34744,1700000,5,4,3992,,single_family,S5155014,https://www.redfin.com/FL/Kissimmee/807-Neptune-Rd-34744/for-sale/46553223,kissimmee,34744
3880 Sonoma Blvd,Kissimmee,FL,34741,1750000,15,16,6374,596,single_family,O6310805,https://www.redfin.com/FL/Kissimmee/3880-Sonoma-Blvd-34741/home/184271059,kissimmee,34741
6607 Whispering Pines Rd,Orlando,FL,32824,1799000,5,4,3504,,single_family,O6424169,https://www.redfin.com/FL/Orlando/6607-Whispering-Pines-Rd-32824/home/46921800,kissimmee,32824
560 Muirfield Loop,Reunion,FL,34747,1799000,,,,255,8,S5154624,https://www.redfin.com/FL/Reunion/560-Muirfield-Loop-34747/home/64357786,kissimmee,34747
1253 Radiant St,Reunion,FL,34747,1850000,5,4.5,3914,620,single_family,O6419266,https://www.redfin.com/FL/Reunion/1253-Radiant-St-34747/home/100815729,kissimmee,34747
6385 Beth Rd,Orlando,FL,32824,1900000,,,,,8,O6393592,https://www.redfin.com/FL/Orlando/6385-Beth-Rd-32824/home/54592524,kissimmee,32824
2690 E Lake Rd,Kissimmee,FL,34744,1938000,6,5,3429,,4,O6420498,https://www.redfin.com/FL/Kissimmee/2690-East-Lake-Rd-34744/home/46532794,kissimmee,34744
0 Sharpey Rd,Kissimmee,FL,34744,1938000,,,,,8,O6420551,https://www.redfin.com/FL/Kissimmee/Sharpey-Rd-34744/home/162422445,kissimmee,34744
2441 Shanti Dr,Kissimmee,FL,34746,1950000,15,16,6249,396,single_family,O6420771,https://www.redfin.com/FL/Kissimmee/2441-Shanti-Dr-34746/home/173817950,kissimmee,34746
Pleasant Hill RD Rd,Kissimmee,FL,34746,1950000,,,,,8,S5152094,https://www.redfin.com/FL/Kissimmee/Pleasant-Hill-Rd-34746/home/54702547,kissimmee,34746
304 Muirfield Loop,Reunion,FL,34747,1999000,5,6,5649,620,single_family,O6414951,https://www.redfin.com/FL/Reunion/304-Muirfield-Loop-34747/for-sale/46480717,kissimmee,34747
365 Muirfield Loop,Reunion,FL,34747,1999900,,,,245,8,S5154584,https://www.redfin.com/FL/Reunion/365-Muirfield-Loop-34747/home/54723215,kissimmee,34747
W Martin St,Kissimmee,FL,34741,2000000,,,,,8,S5150349,https://www.redfin.com/FL/Kissimmee/W-Martin-St-34741/home/193904881,kissimmee,34741
7846 Palmilla Ct,Reunion,FL,34747,2099000,8,9,5945,589,single_family,S5154237,https://www.redfin.com/FL/Reunion/7846-Palmilla-Ct-34747/for-sale/54769928,kissimmee,34747
1020 Dyer Blvd,Kissimmee,FL,34741,2200000,,,,,8,S5152426,https://www.redfin.com/FL/Kissimmee/1020-Dyer-Blvd-34741/home/181735424,kissimmee,34741
972 Jack Nicklaus Ct,Kissimmee,FL,34747,2200000,5,6,4875,1000,single_family,O6426361,https://www.redfin.com/FL/Kissimmee/972-Jack-Nicklaus-Ct-34747/for-sale/162651787,kissimmee,34747
1714 Louis Dr,Kissimmee,FL,34758,2200000,,,,,8,O6384433,https://www.redfin.com/FL/Kissimmee/1714-Louis-Dr-34758/home/46514302,kissimmee,34758
409 Fountainhead Cir,Kissimmee,FL,34741,2250000,20,19,10652,26,5,TB8430923,https://www.redfin.com/FL/Kissimmee/409-Fountainhead-Cir-34741/home/193798378,kissimmee,34741
2206 Antigua Pl,Kissimmee,FL,34741,2250000,24,22,12004,350,5,TB8430903,https://www.redfin.com/FL/Kissimmee/2206-Antigua-Pl-34741/home/194272334,kissimmee,34741
2794 Holiday Woods Dr,Kissimmee,FL,34744,2250000,4,3,2970,,single_family,O6430422,https://www.redfin.com/FL/Kissimmee/2794-Holiday-Woods-Dr-34744/for-sale/46535749,kissimmee,34744
1890 Saha Ct,Kissimmee,FL,34744,2450000,7,6.5,7247,,single_family,O6410092,https://www.redfin.com/FL/Kissimmee/1890-Saha-Ct-34744/home/46514491,kissimmee,34744
4122 High Plains Ln,Kissimmee,FL,34744,2450000,,,,,8,O6394620,https://www.redfin.com/FL/Kissimmee/4122-High-Plains-Ln-34744/home/46508668,kissimmee,34744
1500 N Hoagland Blvd,Kissimmee,FL,34741,2500000,,,,,8,O6386758,https://www.redfin.com/FL/Kissimmee/1500-N-Hoagland-Blvd-34741/home/191293903,kissimmee,34741
0 Ree Ln,Kissimmee,FL,34741,3000000,,,,,8,S5147469,https://www.redfin.com/FL/Kissimmee/Ree-Ln-34741/home/54693135,kissimmee,34741
4355 Semoran Farms Rd,Kissimmee,FL,34744,3000000,,,,,8,O6397313,https://www.redfin.com/FL/Kissimmee/4355-Semoran-Farms-Rd-34744/home/54705940,kissimmee,34744
4385 Semoran Farms Rd,Kissimmee,FL,34744,3000000,,,,,8,O6397500,https://www.redfin.com/FL/Kissimmee/4385-Semoran-Farms-Rd-34744/home/46508785,kissimmee,34744
4121 Boggy Creek Rd,Kissimmee,FL,34744,3000000,,,,,8,S5134495,https://www.redfin.com/FL/Kissimmee/4121-Boggy-Creek-Rd-34744/home/46508777,kissimmee,34744
550 Muirfield Loop,Reunion,FL,34747,3199999,11,12.5,8580,619,single_family,O6432324,https://www.redfin.com/FL/Reunion/550-Muirfield-Loop-34747/for-sale/54595081,kissimmee,34747
,Kissimmee,FL,34744,3300000,,,,,8,O6353345,https://www.redfin.com/FL/Kissimmee/Undisclosed-address-34744/home/46545046,kissimmee,34744
2780 Vickie Ct,Kissimmee,FL,34744,3499000,10,7.5,9881,,single_family,O6376322,https://www.redfin.com/FL/Kissimmee/2780-Vickie-Ct-34744/home/46545044,kissimmee,34744
2218 Grand Cayman Ct,Kissimmee,FL,34741,3589997,39,39,20092,7060,5,S5137232,https://www.redfin.com/FL/Kissimmee/2218-Grand-Cayman-Ct-34741/home/194007997,kissimmee,34741
4018 Grande Brick Loop,Orlando,FL,32837,3695000,4,4.5,3129,3755,townhouse,O6422189,https://www.redfin.com/FL/Orlando/4018-Grande-Brick-Loop-32837/home/202613854,kissimmee,32837
3440 Boggy Creek Rd,Kissimmee,FL,34744,4375000,,,,,8,O6334410,https://www.redfin.com/FL/Kissimmee/3440-Boggy-Creek-Rd-34744/home/46516663,kissimmee,34744
4281 Timber Ln,Kissimmee,FL,34744,4800000,,,,,8,O6278082,https://www.redfin.com/FL/Kissimmee/4281-Timber-Ln-34744/home/144194834,kissimmee,34744
4385 Boggy Creek Rd,Kissimmee,FL,34744,5000000,,,,,8,O6397271,https://www.redfin.com/FL/Kissimmee/4385-Boggy-Creek-Rd-34744/home/46508739,kissimmee,34744
4275 Boggy Creek Rd,Kissimmee,FL,34744,5000000,,,,,8,O6408263,https://www.redfin.com/FL/Kissimmee/4275-Boggy-Creek-Rd-34744/home/46508815,kissimmee,34744
4250 High Plains Ln,Kissimmee,FL,34744,5000000,,,,,8,O6354140,https://www.redfin.com/FL/Kissimmee/4250-High-Plains-Ln-34744/home/46508663,kissimmee,34744
High Plains Ln,Kissimmee,FL,34744,5000000,,,,,8,O6354041,https://www.redfin.com/FL/Kissimmee/High-Plains-Ln-34744/home/162333216,kissimmee,34744
4043 Dana Katherine Dr,Kissimmee,FL,34741,6150000,,,,,8,O6408276,https://www.redfin.com/FL/Kissimmee/4043-Dana-Katherine-Dr-34741/home/201907365,kissimmee,34741
4200 W Vine St,Kissimmee,FL,34741,6900000,,,,,8,S5145468,https://www.redfin.com/FL/Kissimmee/4200-W-Vine-St-34741/home/194954073,kissimmee,34741
Patrick St,Kissimmee,FL,34741,7300000,,,,,8,S5121370,https://www.redfin.com/FL/Kissimmee/Patrick-St-34741/home/54766025,kissimmee,34741
200 N Hoagland Blvd,Kissimmee,FL,34741,7700000,,,,,8,S5085102,https://www.redfin.com/FL/Kissimmee/200-S-Hoagland-Blvd-34741/home/146202583,kissimmee,34741
0 Armstrong Blvd,Kissimmee,FL,34746,8000000,,,,,8,O6359447,https://www.redfin.com/FL/Kissimmee/Armstrong-Blvd-34741/home/102170557,kissimmee,34741
