address,city,state,zip,asking_price,beds,baths,sqft,hoa_monthly,property_type,mls_id,listing_url,market_area,source_zips
Homes Available Soon Plan,Saint Cloud,FL,34769,,,,,,single_family,8B3963CDC225,https://www.redfin.com/FL/Saint-Cloud/Saint-Cloud/Homes-Available-Soon/for-sale/203515741,poinciana,34769
Sr-60,Lake Wales,FL,33898,1450,,,,,8,O6313669,https://www.redfin.com/FL/Lake-Wales/State-Road-60-33898/home/162503727,poinciana,33898
60 E St,Lake Wales,FL,33898,1450,,,,,8,O6313673,https://www.redfin.com/FL/Lake-Wales/60-E-St-33853/home/163183016,poinciana,33898
Sr-60,Lake Wales,FL,33898,1450,,,,,8,O6313678,https://www.redfin.com/FL/Lake-Wales/State-Road-60-33898/home/163183103,poinciana,33898
Sr-60,Lake Wales,FL,33898,1450,,,,,8,O6313676,https://www.redfin.com/FL/Lake-Wales/State-Road-60-33898/home/163265080,poinciana,33898
7053 Flora Way,Lake Wales,FL,33898,5000,2,2,1159,,single_family,327059,https://www.redfin.com/FL/Lake-Wales/7053-Flora-Way-33898/for-sale/46256801,poinciana,33898
31-31-08-000000-014100,Frostproof,FL,33843,5000,,,,,8,O6432234,https://www.redfin.com/FL/Frostproof/Unknown-33843/home/163190998,poinciana,33898
Kicco Rd,Frostproof,FL,33843,8000,,,,,8,O6419254,https://www.redfin.com/FL/Frostproof/Kicco-Rd-33843/home/162513418,poinciana,33898
Hwy 60,Lake Wales,FL,33898,8950,,,,,8,A4702114,https://www.redfin.com/FL/Lake-Wales/Unknown-33898/home/162510703,poinciana,33898
0 Holopaw Groves Rd,Saint Cloud,FL,34772,9500,,,,,8,F10545908,https://www.redfin.com/FL/Saint-Cloud/Holopaw-Groves-Rd-34772/home/162617870,poinciana,34772
0 Holopaw Groves Rd,Saint Cloud,FL,34772,9500,,,,,8,F10545220,https://www.redfin.com/FL/Saint-Cloud/Holopaw-Groves-Rd-34772/home/162352315,poinciana,34772
0 Holopaw Groves Rd,Saint Cloud,FL,34772,9500,,,,,8,F10546488,https://www.redfin.com/FL/Saint-Cloud/Holopaw-Groves-Rd-34772/home/162351835,poinciana,34772
0 Holopaw Groves Rd,Saint Cloud,FL,34772,9500,,,,,8,F10545184,https://www.redfin.com/FL/Saint-Cloud/Holopaw-Groves-Rd-34772/home/162426850,poinciana,34772
0 Holopaw Groves Rd,Saint Cloud,FL,34772,9500,,,,,8,F10544572,https://www.redfin.com/FL/Saint-Cloud/Holopaw-Groves-Rd-34772/home/162430012,poinciana,34772
0 Holopaw Groves Rd,Saint Cloud,FL,34772,9500,,,,,8,F10545202,https://www.redfin.com/FL/Saint-Cloud/Holopaw-Groves-Rd-34772/home/162547784,poinciana,34772
0 Holopaw Groves Rd,Saint Cloud,FL,34772,9500,,,,,8,F10545167,https://www.redfin.com/FL/Saint-Cloud/Holopaw-Groves-Rd-34772/home/162678396,poinciana,34772
0 Yucatan Dr,Lake Wales,FL,33898,10000,,,,,8,TB8484524,https://www.redfin.com/FL/Lake-Wales/Yucatan-Dr-33898/home/46235519,poinciana,33898
0 Yucatan Dr,Lake Wales,FL,33898,10000,,,,,8,TB8483940,https://www.redfin.com/FL/Lake-Wales/Yucatan-Dr-33898/home/46235520,poinciana,33898
0 Unknown,Frostproof,FL,33843,10000,,,,,8,A12002181,https://www.redfin.com/FL/Frostproof/Unknown-33843/home/163337679,poinciana,33898
0 Fort Myers Rd,Indian Lake Estates,FL,33855,10000,,,,34,8,1070804,https://www.redfin.com/FL/Indian-Lake-Estates/Fort-Myers-Rd-33855/home/46121845,poinciana,33898
419 Camellia Dr,Indian Lake Estates,FL,33855,10500,,,,,8,A4701788,https://www.redfin.com/FL/Indian-Lake-Estates/419-Camellia-Dr-33855/home/46116565,poinciana,33898
Tbd Azalea Dr,Lake Wales,FL,33855,11000,,,,,8,R11167683,https://www.redfin.com/FL/Lake-Wales/TBD-Ixora-Dr-33855/home/200709380,poinciana,33898
113 Bougainville Dr,Indian Lake Estates,FL,33855,11000,,,,32,8,L4954644,https://www.redfin.com/FL/Indian-Lake-Estates/113-Bougainville-Dr-33855/home/46116365,poinciana,33898
314 Camellia Dr,Indian Lake Estates,FL,33855,11500,,,,,8,P4939159,https://www.redfin.com/FL/Indian-Lake-Estates/314-Camellia-Dr-33855/home/46116744,poinciana,33898
207 Valencia Dr,Indian Lake Estates,FL,33855,11900,,,,,8,P4938142,https://www.redfin.com/FL/Indian-Lake-Estates/207-Valencia-Dr-33855/home/46116785,poinciana,33898
104 Valencia Dr,Indian Lake Estates,FL,33855,12000,,,,,8,A4701485,https://www.redfin.com/FL/Indian-Lake-Estates/104-Valencia-Dr-33855/home/46116239,poinciana,33898
Camellia Dr,Indian Lake Estates,FL,33855,12500,,,,32,8,L4964039,https://www.redfin.com/FL/Indian-Lake-Estates/Camellia-Dr-33855/home/46049316,poinciana,33898
0 30-31-24-000000-012060,Frostproof,FL,33843,12500,,,,,8,1059443,https://www.redfin.com/FL/Frostproof/Unknown-33843/home/163330673,poinciana,33898
0 Park Ave,Indian Lake Estates,FL,33855,13000,,,,,8,A12041580,https://www.redfin.com/FL/Indian-Lake-Estates/0-Park-Ave-33855/home/185397804,poinciana,33898
412 Camellia Dr,Indian Lake Estates,FL,33855,13999,,,,,8,A4663741,https://www.redfin.com/FL/Indian-Lake-Estates/412-Camellia-Dr-33855/home/46116531,poinciana,33898
408 Azalea Dr,Indian Lake Estates,FL,33855,14000,,,,,8,TB8415328,https://www.redfin.com/FL/Indian-Lake-Estates/408-Azalea-Dr-33855/home/46116625,poinciana,33898
816 Bougainville Dr,Indian Lake Estates,FL,33855,14000,,,,,8,P4938510,https://www.redfin.com/FL/Indian-Lake-Estates/816-Bougainville-Dr-33855/home/46117409,poinciana,33898
0 Coral Gables Dr,Indian Lake Estates,FL,33898,14000,,,,33,8,B26003334,https://www.redfin.com/FL/Indian-Lake-Estates/0-Coral-Gables-DR-33898/home/200905755,poinciana,33898
116 Camellia Dr,Indian Lake Estates,FL,33855,14500,,,,33,8,TB8537685,https://www.redfin.com/FL/Indian-Lake-Estates/116-Camellia-Dr-33855/home/46116376,poinciana,33898
211 Valencia Dr,Indian Lake Estates,FL,33855,14500,,,,32,8,O6342100,https://www.redfin.com/FL/Indian-Lake-Estates/211-Valencia-Dr-33855/home/46116776,poinciana,33898
0 Granada Dr,Indian Lake Estates,FL,33855,15000,,,,,8,L4963515,https://www.redfin.com/FL/Indian-Lake-Estates/0-Granada-Dr-33855/home/183573082,poinciana,33898
0 Orchid Dr,Indian Lake Estates,FL,33855,15000,,,,32,8,O6428959,https://www.redfin.com/FL/Indian-Lake-Estates/Orchid-Dr-33855/home/46054434,poinciana,33898
0 Valencia Dr,Indian Lake Estates,FL,33855,15000,,,,,8,K4903630,https://www.redfin.com/FL/Indian-Lake-Estates/Valencia-Dr-33855/home/46116797,poinciana,33898
Lakeland Dr,Indian Lake Estates,FL,33855,15000,,,,,8,P4938803,https://www.redfin.com/FL/Indian-Lake-Estates/Lakeland-Dr-33855/home/46121882,poinciana,33898
711 Azalea Dr,Indian Lake Estates,FL,33855,15000,,,,,8,P4937718,https://www.redfin.com/FL/Indian-Lake-Estates/711-Azalea-Dr-33855/home/46117369,poinciana,33898
211 Camellia Dr,Indian Lake Estates,FL,33855,15000,,,,,8,TB8388517,https://www.redfin.com/FL/Indian-Lake-Estates/211-Camellia-Dr-33855/home/46116155,poinciana,33898
13 Indian Lake Dr,Indian Lake Estates,FL,33855,15000,,,,32,8,O6342093,https://www.redfin.com/FL/Indian-Lake-Estates/13-Indian-Lake-Dr-33855/home/46115920,poinciana,33898
1009 Azalea Dr,Indian Lake Estates,FL,33855,16000,,,,,8,P4938523,https://www.redfin.com/FL/Indian-Lake-Estates/1009-Azalea-Dr-33855/home/46119644,poinciana,33898
405 Bougainville Dr,Indian Lake Estates,FL,33855,16000,,,,32,8,S5138591,https://www.redfin.com/FL/Indian-Lake-Estates/405-Bougainville-Dr-33855/home/46116549,poinciana,33898
110 Indian Lake Dr,Indian Lake Estates,FL,33855,17000,,,,,8,S5144940,https://www.redfin.com/FL/Indian-Lake-Estates/110-Indian-Lake-Dr-33855/home/46116308,poinciana,33898
River Rnch,Frostproof,FL,33843,17500,,,,14,8,K4902911,https://www.redfin.com/FL/Frostproof/River-RNCH-33843/home/190384253,poinciana,33898
0 Key West Dr,Indian Lake Estates,FL,33855,17500,,,,75,8,P4934091,https://www.redfin.com/FL/Indian-Lake-Estates/Key-West-Dr-33855/home/46121104,poinciana,33898
502 Camellia Dr,Indian Lake Estates,FL,33855,17900,,,,33,8,S5154162,https://www.redfin.com/FL/Indian-Lake-Estates/502-Camellia-Dr-33855/home/46117267,poinciana,33898
Daytona Dr,Indian Lake Estates,FL,33855,17900,,,,32,8,S5151126,https://www.redfin.com/FL/Indian-Lake-Estates/Daytona-Dr-33855/home/46120895,poinciana,33898
216 Bougainville Dr,Indian Lake Estates,FL,33855,17900,,,,32,8,TB8465753,https://www.redfin.com/FL/Indian-Lake-Estates/216-Bougainville-Dr-33855/home/46116161,poinciana,33898
0 Bougainvillea Dr,Indian Lake Estates,FL,33855,18000,,,,,8,A12057474,https://www.redfin.com/FL/Indian-Lake-Estates/Bougainvillea-Dr-33855/home/46073040,poinciana,33898
0 Hibiscus Dr,Lake Wales,FL,33855,18000,,,,,8,A12007985,https://www.redfin.com/FL/Lake-Wales/0-Hibiscus-Dr-33898/home/194567915,poinciana,33898
220 Magnolia Dr,Indian Lake Estates,FL,33855,18000,,,,33,8,S5149717,https://www.redfin.com/FL/Indian-Lake-Estates/220-Magnolia-Dr-33855/home/46117760,poinciana,33898
6931 Orlando Dr,Indian Lake Estates,FL,33855,18000,,,,,8,TB8439855,https://www.redfin.com/FL/Indian-Lake-Estates/6931-Orlando-Dr-33855/home/46120899,poinciana,33898
307 Granada Dr,Indian Lake Estates,FL,33855,18000,,,,,8,TB8412076,https://www.redfin.com/FL/Indian-Lake-Estates/307-Granada-Dr-33855/home/46116605,poinciana,33898
0 EL Dorado Dr,Indian Lake Estates,FL,33855,18500,,,,33,8,G5111655,https://www.redfin.com/FL/Indian-Lake-Estates/0-El-Dorado-DR-33855/home/183016620,poinciana,33898
219 Magnolia Dr,Indian Lake Estates,FL,33855,18500,,,,28,8,325580,https://www.redfin.com/FL/Indian-Lake-Estates/219-Magnolia-Dr-33855/home/46118236,poinciana,33898
0 Orlando Dr,Indian Lake Estates,FL,33855,18500,,,,31,8,O6346023,https://www.redfin.com/FL/Indian-Lake-Estates/Orlando-Dr-33855/home/46121730,poinciana,33898
354 Edgewood,Lake Wales,FL,33898,19000,,,,180,8,S5147085,https://www.redfin.com/FL/Lake-Wales/354-Edgewood-Blvd-33898/home/162600992,poinciana,33898
Sarasota Dr,Indian Lake Estates,FL,33855,19000,,,,,8,TB8412151,https://www.redfin.com/FL/Indian-Lake-Estates/Sarasota-Dr-33855/home/46121039,poinciana,33898
224 Granada,Lake Wales,FL,33855,19000,,,,,8,A12060916,https://www.redfin.com/FL/Lake-Wales/224-Granada-Dr-33898/home/146664672,poinciana,33898
0 Holopaw Groves Rd,Saint Cloud,FL,34772,19000,,,,,8,F10547988,https://www.redfin.com/FL/Saint-Cloud/Holopaw-Groves-Rd-34772/home/162349985,poinciana,34772
6 EL Dorado Dr,Indian Lake Estates,FL,33855,19900,,,,,8,O6406801,https://www.redfin.com/FL/Indian-Lake-Estates/6-El-Dorado-Dr-33855/home/46116059,poinciana,33898
Lot 24 Indian Lake Dr,Indian Lake Estates,FL,33855,19900,,,,31,8,F10495711,https://www.redfin.com/FL/Indian-Lake-Estates/24-Indian-Lake-Dr-33855/home/178478861,poinciana,33898
Coral Gables Dr,Indian Lake Estates,FL,33855,20000,,,,,8,P4939423,https://www.redfin.com/FL/Indian-Lake-Estates/Coral-Gables-Dr-33855/home/46121735,poinciana,33898
Coral Gables Dr,Indian Lake Estates,FL,33855,20000,,,,,8,P4939008,https://www.redfin.com/FL/Indian-Lake-Estates/Coral-Gables-Dr-33855/home/170191969,poinciana,33898
Granada Dr,Indian Lake Estates,FL,33855,20000,,,,32,8,O6415284,https://www.redfin.com/FL/Indian-Lake-Estates/Granada-Dr-33855/home/46090003,poinciana,33898
River Rnch,Lake Wales,FL,33898,20000,,,,14,8,A4658126,https://www.redfin.com/FL/Lake-Wales/River-Ranch-Blvd-33898/home/42143339,poinciana,33898
215 Ixora Dr,Indian Lake Estates,FL,33855,20000,,,,,8,A11932901,https://www.redfin.com/FL/Indian-Lake-Estates/215-Ixora-Dr-33855/home/46116175,poinciana,33898
Cr-highway 630,Indian Lake Estates,FL,33855,20000,,,,32,8,O6317500,https://www.redfin.com/FL/INDIAN-LAKE-ESTATES/Cr-highway-630-33855/home/196051015,poinciana,33898
0 Magnolia Dr,Indian Lake Estates,FL,33855,21000,,,,,8,B26018635,https://www.redfin.com/FL/Indian-Lake-Estates/Magnolia-Dr-33855/home/46118660,poinciana,33898
164 Desoto Ave,Indian Lake Estates,FL,33855,21500,,,,32,8,O6342078,https://www.redfin.com/FL/Indian-Lake-Estates/164-Desoto-Ave-33855/home/46121294,poinciana,33898
1240 Caribbean Dr,Poinciana,FL,34759,22000,,,,25,8,S5153896,https://www.redfin.com/FL/Poinciana/1240-Caribbean-Dr-34759/home/46256635,poinciana,34759
402 Bougainville Dr,Indian Lake Estates,FL,33855,23000,,,,,8,L4957554,https://www.redfin.com/FL/Indian-Lake-Estates/402-Bougainville-Dr-33855/home/46116525,poinciana,33898
901 Azalea Dr,Indian Lake Estates,FL,33855,24500,,,,33,8,O6402559,https://www.redfin.com/FL/Indian-Lake-Estates/901-Azalea-Dr-33855/home/46117696,poinciana,33898
Sarasota Dr,Indian Lake Estates,FL,33855,24500,,,,,8,R4909635,https://www.redfin.com/FL/Indian-Lake-Estates/Sarasota-Dr-33855/home/46120999,poinciana,33898
105 Herring Ln,Poinciana,FL,34759,24900,,,,100,8,L4963312,https://www.redfin.com/FL/Poinciana/105-Herring-Ln-34759/home/46102155,poinciana,34759
Vacant Land 30-30-05-000000-013100,Lake Wales,FL,33853,25000,,,,,8,TB8443967,https://www.redfin.com/FL/Lake-Wales/Unknown-33898/home/162616337,poinciana,33898
523 Azalea Dr,Indian Lake Estates,FL,33855,25000,,,,,8,TB8414576,https://www.redfin.com/FL/Indian-Lake-Estates/523-Azalea-Dr-33855/home/46117275,poinciana,33898
5 EL Dorado Dr,Indian Lake Estates,FL,33855,25000,,,,33,8,O6391653,https://www.redfin.com/FL/Indian-Lake-Estates/5-El-Dorado-Dr-33855/home/46115908,poinciana,33898
613 Alafia Pl,Poinciana,FL,34759,25000,,,,35,8,D6148018,https://www.redfin.com/FL/Poinciana/613-Alafia-Pl-34759/home/46256202,poinciana,34759
Kissimmee Way,Poinciana,FL,34759,25000,,,,25,8,L4961205,https://www.redfin.com/FL/Poinciana/Kissimmee-Way-34759/home/46255539,poinciana,34759
1342 Homosassa Dr,Poinciana,FL,34759,25000,,,,25,8,L4961204,https://www.redfin.com/FL/Poinciana/1342-Homosassa-Dr-34759/home/46255196,poinciana,34759
0 Frostproof,Frostproof,FL,33843,26000,,,,,8,A11850988,https://www.redfin.com/FL/Frostproof/Unknown-33843/home/162510922,poinciana,33898
28-28-02-934710-003070 Perch Dr,Poinciana,FL,34759,26000,,,,,8,A4693184,https://www.redfin.com/FL/Poinciana/28-28-02-934710-003070-Perch-Dr-34759/home/201788191,poinciana,34759
Blk 254 Lot 7 EL Dorado Dr,Indian Lake Estates,FL,33855,27000,,,,30,8,S5153966,https://www.redfin.com/FL/INDIAN-LAKE-ESTATES/Blk-254-Lot-7-EL-Dorado-DR-33855/home/174555343,poinciana,33898
1217 Baltic Dr,Poinciana,FL,34759,27500,,,,35,8,O6424915,https://www.redfin.com/FL/Poinciana/1217-Baltic-Dr-34759/home/46256376,poinciana,34759
223 Starling Ct,Poinciana,FL,34759,28000,,,,25,8,O6416582,https://www.redfin.com/FL/Poinciana/223-Starling-Ct-34759/home/46263043,poinciana,34759
0 Indian Lake Dr,Indian Lake Estates,FL,33855,29000,,,,33,8,S5150307,https://www.redfin.com/FL/Indian-Lake-Estates/0-Indian-Lake-Dr-33855/home/184042698,poinciana,33898
202 Orchid Dr,Indian Lake Estates,FL,33855,29000,,,,,8,O6312419,https://www.redfin.com/FL/Indian-Lake-Estates/202-Orchid-Dr-33855/home/46117875,poinciana,33898
22 Bougainville Dr,Indian Lake Estates,FL,33855,30000,,,,66,8,S5143305,https://www.redfin.com/FL/Indian-Lake-Estates/22-Bougainvillea-Dr-33855/home/46116030,poinciana,33898
1344 Homosassa Ct,Poinciana,FL,34759,30000,,,,20,8,O6424676,https://www.redfin.com/FL/Poinciana/1344-Homosassa-Ct-34759/home/46256060,poinciana,34759
1342 Homosassa Ct,Poinciana,FL,34759,30000,,,,20,8,O6424652,https://www.redfin.com/FL/Poinciana/1342-Homosassa-Ct-34759/home/46256061,poinciana,34759
1340 Homosassa Ct,Poinciana,FL,34759,30000,,,,20,8,O6424682,https://www.redfin.com/FL/Poinciana/1340-Homosassa-Ct-34759/home/46256070,poinciana,34759
441 Vernon Ct,Poinciana,FL,34759,30000,,,,25,8,S5151102,https://www.redfin.com/FL/Poinciana/441-Vernon-Ct-34759/home/46256645,poinciana,34759
0 Bougainvillea Dr,Indian Lake Estates,FL,33855,32000,,,,33,8,B26009227,https://www.redfin.com/FL/Indian-Lake-Estates/Bougainvillea-Dr-33855/home/46062959,poinciana,33898
1326 Clove Dr,Poinciana,FL,34759,32000,,,,319,8,O6406633,https://www.redfin.com/FL/Poinciana/1326-Clove-Dr-34759/home/46089620,poinciana,34759
1267 Baltic Dr,Poinciana,FL,34759,32500,,,,420,8,O6425595,https://www.redfin.com/FL/Poinciana/1267-Baltic-Dr-34759/home/46256337,poinciana,34759
Shady Oak Ave,Lake Wales,FL,33898,33500,,,,,8,O6411685,https://www.redfin.com/FL/Lake-Wales/Shady-Oak-Ave-33898/home/46140965,poinciana,33898
Lot 15 Park Ave,Indian Lake Estates,FL,33855,34900,,,,,8,F10537695,https://www.redfin.com/FL/Indian-Lake-Estates/Lot-15-Park-AVE-33855/home/201536893,poinciana,33898
1249 Alafia Way,Poinciana,FL,34759,34990,,,,35,8,O6424241,https://www.redfin.com/FL/Poinciana/1249-Alafia-Way-34759/home/46256576,poinciana,34759
421 Azalea Dr,Indian Lake Estates,FL,33855,35000,,,,,8,TB8395629,https://www.redfin.com/FL/Indian-Lake-Estates/421-Azalea-Dr-33855/home/46116516,poinciana,33898
416 Bougainville Dr,Indian Lake Estates,FL,33855,35000,,,,,8,P4937983,https://www.redfin.com/FL/Indian-Lake-Estates/416-Bougainvillea-Dr-33855/home/46116519,poinciana,33898
1336 Hillsborough Ct,Poinciana,FL,34759,35000,,,,23,8,O6424758,https://www.redfin.com/FL/Poinciana/1336-Hillsborough-Ct-34759/home/46256019,poinciana,34759
1220 Caribbean Dr,Poinciana,FL,34759,35000,,,,35,8,R4911619,https://www.redfin.com/FL/Poinciana/1220-Caribbean-Dr-34759/home/46256588,poinciana,34759
1250 Caribbean Dr,Poinciana,FL,34759,35000,,,,35,8,R4911620,https://www.redfin.com/FL/Poinciana/1250-Caribbean-Dr-34759/home/46256640,poinciana,34759
1211 Wahneta Dr,Poinciana,FL,34759,35000,,,,35,8,R4911633,https://www.redfin.com/FL/Poinciana/1211-Wahneta-Dr-34759/home/46255766,poinciana,34759
147 Zinnia Ln W,Poinciana,FL,34759,36000,,,,55,8,G5115755,https://www.redfin.com/FL/Poinciana/147-Zinnia-Ln-W-34759/home/46149136,poinciana,34759
1437 Tern Ct,Poinciana,FL,34759,36000,,,,100,8,S5151109,https://www.redfin.com/FL/Poinciana/1437-Tern-Ct-34759/home/46263510,poinciana,34759
Lemon Dr,Lake Wales,FL,33898,37000,,,,,8,L4962648,https://www.redfin.com/FL/Lake-Wales/Lemon-Dr-33898/home/46198206,poinciana,33898
2000 Lemon Dr,Lake Wales,FL,33898,37000,,,,,8,L4962632,https://www.redfin.com/FL/Lake-Wales/2000-Lemon-Dr-33898/home/46198328,poinciana,33898
1255 Baltic Dr,Poinciana,FL,34759,38000,,,,27,8,S5154936,https://www.redfin.com/FL/Poinciana/1255-Baltic-Dr-34759/home/46256331,poinciana,34759
0 Perch Dr,Poinciana,FL,34759,38000,,,,3,8,1080733,https://www.redfin.com/FL/Poinciana/Perch-Dr-34759/home/46101312,poinciana,34759
2548 Rock Pl,Poinciana,FL,34759,38000,,,,35,8,1080979,https://www.redfin.com/FL/Poinciana/2548-Rock-Pl-34759/home/46170710,poinciana,34759
0 Rock Ct,Poinciana,FL,34759,38000,,,,3,8,1080871,https://www.redfin.com/FL/Poinciana/Rock-Ct-34759/home/46170874,poinciana,34759
00 Perch Dr,Poinciana,FL,34759,38000,,,,3,8,1080869,https://www.redfin.com/FL/Poinciana/Perch-Dr-34759/home/46101290,poinciana,34759
00 Rock Ct,Poinciana,FL,34759,38000,,,,3,8,1080873,https://www.redfin.com/FL/Poinciana/Rock-Ct-34759/home/46170708,poinciana,34759
2542 Rock Pl,Poinciana,FL,34759,38000,,,,35,8,1080981,https://www.redfin.com/FL/Poinciana/2542-Rock-Pl-34759/home/46170704,poinciana,34759
377 Amberjack Ct,Poinciana,FL,34759,38500,,,,35,8,C7527017,https://www.redfin.com/FL/Poinciana/377-Amberjack-Ct-34759/home/46260342,poinciana,34759
Shady Oaks Dr,Lake Wales,FL,33898,39000,,,,,8,O6267587,https://www.redfin.com/FL/Lake-Wales/Shady-Oaks-Dr-33898/home/46112740,poinciana,33898
River Ranch Blvd,Frostproof,FL,33843,39000,,,,,8,TB8463903,https://www.redfin.com/FL/Frostproof/River-Ranch-Blvd-33843/home/47181782,poinciana,33898
Mediterranean Ct,Poinciana,FL,34759,39000,,,,90,8,C7526987,https://www.redfin.com/FL/Poinciana/Unknown-34759/home/46255440,poinciana,34759
Unnassigned,Frostproof,FL,33843,39800,,,,,8,A4698867,https://www.redfin.com/FL/Frostproof/Unknown-33843/home/162619133,poinciana,33898
7371 International Cir,Lake Wales,FL,33898,39900,,,,125,8,S5149054,https://www.redfin.com/FL/Lake-Wales/7371-International-Cir-33898/home/46160181,poinciana,33898
108 EL Dorado Dr,Indian Lake Estates,FL,33855,39900,,,,66,8,S5140357,https://www.redfin.com/FL/Indian-Lake-Estates/108-El-Dorado-Dr-33855/home/46116325,poinciana,33898
611 Alafia Pl,Poinciana,FL,34759,39999,,,,35,8,O6410318,https://www.redfin.com/FL/Poinciana/611-Alafia-Pl-34759/home/46256199,poinciana,34759
3175 Walk In Water Rd,Lake Wales,FL,33898,40000,,,,,8,A12024852,https://www.redfin.com/FL/Lake-Wales/3175-Walk-in-Water-Rd-33898/home/54689914,poinciana,33898
Orchid Blvd,Lake Wales,FL,33898,40000,,,,,8,A4682423,https://www.redfin.com/FL/Lake-Wales/Orchid-Blvd-33898/home/163174543,poinciana,33898
Sarasota Dr,Indian Lake Estates,FL,33855,40000,,,,,8,O6312967,https://www.redfin.com/FL/Indian-Lake-Estates/Sarasota-Dr-33855/home/46121036,poinciana,33898
Mediterranean Ct,Poinciana,FL,34759,40000,,,,25,8,O6423951,https://www.redfin.com/FL/Poinciana/Unknown-34759/home/46255385,poinciana,34759
Sarasota Dr,Indian Lake Estates,FL,33855,40800,,,,,8,O6312970,https://www.redfin.com/FL/Indian-Lake-Estates/Sarasota-Dr-33855/home/46077902,poinciana,33898
Tiger Rd,Lake Wales,FL,33898,42000,,,,,8,O6393969,https://www.redfin.com/FL/Lake-Wales/Unknown-33898/home/162614325,poinciana,33898
330 Bream Cir,Poinciana,FL,34759,42000,,,,35,8,O6425433,https://www.redfin.com/FL/Poinciana/330-Bream-Cir-34759/home/46260286,poinciana,34759
Timberlane Rd,Lake Wales,FL,33898,43000,,,,,8,L4959905,https://www.redfin.com/FL/Lake-Wales/Timberlane-Rd-33898/home/162611880,poinciana,33898
1210 Alafia Way,Poinciana,FL,34759,44999,,,,35,8,O6431915,https://www.redfin.com/FL/Poinciana/1210-Alafia-Way-34759/home/46256497,poinciana,34759
0 Poinsettia Dr,Lake Wales,FL,33898,45000,,,,,8,A4694208,https://www.redfin.com/FL/Lake-Wales/Poinsettia-Dr-33898/home/46141013,poinciana,33898
Magnolia Cir,Lake Wales,FL,33898,45000,,,,25,8,O6417735,https://www.redfin.com/FL/Lake-Wales/Magnoila-Cir-33898/home/46240478,poinciana,33898
BLK 63 LOTS 11&12 EL Dorado Dr,Indian Lake Estates,FL,33855,45000,,,,66,8,TB8511300,https://www.redfin.com/FL/Indian-Lake-Estates/BLK-63-LOTS-11-12-EL-Dorado-DR-33855/home/202013873,poinciana,33898
1619 Pickerel Ct,Poinciana,FL,34759,45000,,,,35,8,R4911629,https://www.redfin.com/FL/Poinciana/1619-Pickerel-Ct-34759/home/46101123,poinciana,34759
"531 St Johns Ct, Kissimmee, Fl 34759",Poinciana,FL,34759,45000,,,,,8,A12049700,https://www.redfin.com/FL/Poinciana/531-St-Johns-Ct-34759/home/46254259,poinciana,34759
1586 Marlin Dr,Poinciana,FL,34759,45000,,,,35,8,R4911632,https://www.redfin.com/FL/Poinciana/1586-Marlin-Dr-34759/home/46255611,poinciana,34759
1581 Marlin Dr,Poinciana,FL,34759,45000,,,,35,8,R4911631,https://www.redfin.com/FL/Poinciana/1581-Marlin-Dr-34759/home/46255627,poinciana,34759
408 Vernon Ct,Poinciana,FL,34759,45000,,,,35,8,S5150086,https://www.redfin.com/FL/Poinciana/408-Vernon-Ct-34759/home/46256609,poinciana,34759
519 St. Johns Ct,Poinciana,FL,34759,45000,,,,,8,L4961837,https://www.redfin.com/FL/Poinciana/Unknown-34759/home/46254189,poinciana,34759
0 7th St,St Cloud,FL,34771,45000,,,,,8,O6266915,https://www.redfin.com/FL/St-Cloud/0-7th-St-34769/home/194064972,poinciana,34769
2446 Rio Grande Valley Ct,Poinciana,FL,34759,46000,,,,35,8,1080984,https://www.redfin.com/FL/Poinciana/2446-Rio-Grande-Valley-Ct-34759/home/46170886,poinciana,34759
2324 Rio Grande Forest Ln,Poinciana,FL,34759,46000,,,,35,8,1080987,https://www.redfin.com/FL/Poinciana/2324-Rio-Grande-Forest-Ln-34759/home/46170901,poinciana,34759
2328 Rio Grande Forest Ln,Poinciana,FL,34759,46000,,,,35,8,1080985,https://www.redfin.com/FL/Poinciana/2328-Rio-Grande-Forest-Ln-34759/home/46170902,poinciana,34759
7350 Midway Ln #54,Lake Wales,FL,33898,47500,,,,125,8,P4937973,https://www.redfin.com/FL/Lake-Wales/7350-Midway-Ln-33898/unit-54/home/46160145,poinciana,33898
133 Sparrow Ct,Poinciana,FL,34759,48000,,,,40,8,S5148752,https://www.redfin.com/FL/Poinciana/133-Sparrow-Ct-34759/home/46262759,poinciana,34759
Hwy 630 E,Frostproof,FL,33843,49000,,,,,8,O6299925,https://www.redfin.com/FL/Frostproof/Hwy-630-E-33843/home/46145489,poinciana,33898
Shore Dr,Lake Wales,FL,33898,49000,,,,,8,G5101941,https://www.redfin.com/FL/Lake-Wales/Shore-Dr-33898/home/162614122,poinciana,33898
Hwy. 60 East,Lake Wales,FL,33898,49000,,,,,8,G5101942,https://www.redfin.com/FL/Lake-Wales/Unknown-33898/home/163264436,poinciana,33898
Coral Gables Dr,Indian Lake Estates,FL,33855,49000,,,,,8,O6346588,https://www.redfin.com/FL/Indian-Lake-Estates/Coral-Gables-Dr-33855/home/46121001,poinciana,33898
7336 International Cir,Lake Wales,FL,33898,49900,,,,125,8,S5149250,https://www.redfin.com/FL/Lake-Wales/7336-International-Cir-33898/home/46160158,poinciana,33898
1551 Immokalee St,Intercession City,FL,33848,49999,,,,,8,O6428989,https://www.redfin.com/FL/Intercession-City/1551-Immokalee-St-33848/home/54699223,poinciana,33896
Cedar Cir,Lake Wales,FL,33898,50000,,,,,8,K4903351,https://www.redfin.com/FL/Lake-Wales/Cedar-Cir-33898/home/46111789,poinciana,33898
Cedar Cir,Lake Wales,FL,33898,50000,,,,,8,K4903345,https://www.redfin.com/FL/Lake-Wales/Cedar-Cir-33898/home/46111770,poinciana,33898
483 Britten Dr,Poinciana,FL,34758,50000,,,,20,8,O6354756,https://www.redfin.com/FL/Poinciana/483-Britten-Dr-34758/home/54711587,poinciana,34758
1617 Tench Ct,Poinciana,FL,34759,50000,,,,30,8,S5155188,https://www.redfin.com/FL/Poinciana/1617-Tench-Ct-34759/home/46101003,poinciana,34759
504 Sarasota Ln,Poinciana,FL,34759,50000,,,,35,8,R4911634,https://www.redfin.com/FL/Poinciana/504-Sarasota-Ln-34759/home/46254781,poinciana,34759
118 Jasmine Cir,Poinciana,FL,34759,50000,,,,35,8,325765,https://www.redfin.com/FL/Poinciana/118-Jasmine-Cir-34759/home/46149471,poinciana,34759
4232 Chamabers St,Lake Wales,FL,33898,52999,,,,,8,A4698721,https://www.redfin.com/FL/Lake-Wales/4232-Chambers-St-33898/home/202548244,poinciana,33898
121 Central Ave,Davenport,FL,33896,54900,,,,,8,TB8520469,https://www.redfin.com/FL/Davenport/121-Central-Ave-33896/home/162484661,poinciana,33896
1205 Waverly Pl,Poinciana,FL,34759,54900,,,,34,8,O6418496,https://www.redfin.com/FL/Poinciana/1205-Waverly-Pl-34759/home/46256130,poinciana,34759
13 Saddlebag Trl S,Lake Wales,FL,33898,55000,1,1,608,244,10,K4903392,https://www.redfin.com/FL/Lake-Wales/13-Saddlebag-Trl-33898/home/46097975,poinciana,33898
20 Silver Doctor Ln,Lake Wales,FL,33898,55000,,,,244,8,K4903516,https://www.redfin.com/FL/Lake-Wales/20-Doctors-Ln-33853/home/46098223,poinciana,33898
178&180 Desoto (red Grange) Blvd,Indian Lake Estates,FL,33855,55000,,,,66,8,TB8490918,https://www.redfin.com/FL/Indian-Lake-Estates/178-180-Red-Grange-Blvd-33855/home/201024338,poinciana,33898
546 Kilimanjaro Dr,Poinciana,FL,34758,55000,,,,30,8,O6392373,https://www.redfin.com/FL/Poinciana/546-Kilimanjaro-Dr-34758/home/144659781,poinciana,34758
121 Warmouth Ln,Poinciana,FL,34759,55000,,,,35,8,R4911630,https://www.redfin.com/FL/Poinciana/121-Warmouth-Ln-34759/home/46101824,poinciana,34759
0 Robin Ln,Poinciana,FL,34759,55000,,,,25,8,O6416519,https://www.redfin.com/FL/Poinciana/Robin-Ln-34759/home/46218199,poinciana,34759
1457 Kissimmee Way,Poinciana,FL,34759,55000,,,,35,8,R4911408,https://www.redfin.com/FL/Poinciana/1457-Kissimmee-Way-34759/home/46255540,poinciana,34759
0 Tiffany Ct,Poinciana,FL,34758,58000,,,,,8,S5147381,https://www.redfin.com/FL/Poinciana/Tiffany-Ct-34758/home/199200749,poinciana,34758
Marlin Dr,Poinciana,FL,34759,58000,,,,35,8,R4911635,https://www.redfin.com/FL/Poinciana/Marlin-Dr-34759/home/46255376,poinciana,34759
407 Naples Ct,Poinciana,FL,34759,58000,,,,35,8,R4911618,https://www.redfin.com/FL/Poinciana/407-Naples-Ct-34759/home/46255026,poinciana,34759
7 Blue Quill Cir,Lake Wales,FL,33898,59000,1,1,572,244,10,K4903385,https://www.redfin.com/FL/Lake-Wales/7-Blue-Quill-Cir-33898/home/46097965,poinciana,33898
523 Elbridge Pl,Poinciana,FL,34758,59000,,,,,8,O6241625,https://www.redfin.com/FL/Poinciana/523-Elbridge-Pl-34758/home/195583915,poinciana,34758
0 W Beach Pkwy,Lake Wales,FL,33898,59900,,,,,8,P4937980,https://www.redfin.com/FL/Lake-Wales/W-Beach-Pkwy-33898/home/46203382,poinciana,33898
656 Reindeer Dr,Poinciana,FL,34759,59900,,,,34,8,O6417022,https://www.redfin.com/FL/Poinciana/656-Reindeer-Dr-34759/home/46212150,poinciana,34759
43420 Highway 27 #425,Davenport,FL,33837,60000,1,1,300,242,townhouse,O6428195,https://www.redfin.com/FL/Davenport/43420-Highway-27-33837/unit-425/home/46182983,poinciana,33837
N/a,Frostproof,FL,33843,60000,,,,,8,O6339982,https://www.redfin.com/FL/Frostproof/Unknown-33843/home/162626375,poinciana,33898
N/a,Frostproof,FL,33843,60600,,,,,8,O6383850,https://www.redfin.com/FL/Frostproof/Unknown-33843/home/162515212,poinciana,33898
7360 International Cir,Lake Wales,FL,33898,61000,1,1,770,125,10,K4903613,https://www.redfin.com/FL/Lake-Wales/7360-International-Cir-33898/home/46160148,poinciana,33898
245 Elm Ct,Poinciana,FL,34759,61000,,,,24,8,O6425735,https://www.redfin.com/FL/Poinciana/245-Elm-Ct-34759/home/46148995,poinciana,34759
22 Woodruff Way,Lake Wales,FL,33898,62500,1,1.5,660,226,10,K4903674,https://www.redfin.com/FL/Lake-Wales/22-Woodruff-Way-33898/home/46098109,poinciana,33898
43420 Highway 27 #320,Davenport,FL,33837,63000,1,1,300,242,townhouse,O6429911,https://www.redfin.com/FL/Davenport/43420-Highway-27-33837/unit-320/home/46182451,poinciana,33837
31 Stonefly Cir,Lake Wales,FL,33898,63000,1,1,616,226,10,K4903273,https://www.redfin.com/FL/Lake-Wales/31-Stone-Fly-Cir-33898/home/46097452,poinciana,33898
1327 & 1329 Hillsborough Dr,Poinciana,FL,34759,64000,,,,58,8,O6416062,https://www.redfin.com/FL/Poinciana/1327-Hillsborough-Dr-34759/home/46255331,poinciana,34759
204 Kingfish Way,Poinciana,FL,34759,64999,,,,83,8,S5153566,https://www.redfin.com/FL/Poinciana/204-Kingfish-Way-34759/home/46102732,poinciana,34759
,Lake Wales,FL,33898,65000,,,,,8,L4959906,https://www.redfin.com/FL/Lake-Wales/Undisclosed-address-33898/home/54700555,poinciana,33898
725 Leonardo Ct,Poinciana,FL,34758,65000,,,,35,8,S5139921,https://www.redfin.com/FL/Poinciana/725-Leonardo-Ct-34758/home/160419550,poinciana,34758
955 Cambridge Ct,Poinciana,FL,34758,65000,,,,25,8,G5103944,https://www.redfin.com/FL/Poinciana/955-Cambridge-Ct-34758/home/54688886,poinciana,34758
1406 Missouri Pl,Poinciana,FL,34759,65000,,,,35,8,O6425762,https://www.redfin.com/FL/Poinciana/1406-Missouri-Pl-34759/home/46254897,poinciana,34759
515 Bougainville Dr,Indian Lake Estates,FL,33855,66400,,,,,8,O6312977,https://www.redfin.com/FL/Indian-Lake-Estates/515-Bougainville-Dr-33855/home/46117354,poinciana,33898
7392 International Cir,Lake Wales,FL,33898,68500,1,1,400,125,10,P4938260,https://www.redfin.com/FL/Lake-Wales/7392-International-Cir-33898/home/46160226,poinciana,33898
114 W Murphy St,Davenport,FL,33837,69000,2,1,592,,single_family,S5154978,https://www.redfin.com/FL/Davenport/114-W-Murphy-St-33837/for-sale/46106697,poinciana,33837
1257 Amazon Ln,Poinciana,FL,34759,69000,,,,35,8,O6427059,https://www.redfin.com/FL/Poinciana/1257-Amazon-Ln-34759/home/46256165,poinciana,34759
18 Anchor Inn Rd,Lake Wales,FL,33898,69900,,,,8,8,K4903549,https://www.redfin.com/FL/Lake-Wales/18-Anchor-Inn-Rd-33898/home/46159631,poinciana,33898
311 Hibiscus Dr,Poinciana,FL,34759,69900,,,,25,8,O6402690,https://www.redfin.com/FL/Poinciana/311-Hibiscus-Dr-34759/home/46148829,poinciana,34759
308 Hibiscus Dr,Poinciana,FL,34759,69900,,,,25,8,O6402695,https://www.redfin.com/FL/Poinciana/308-Hibiscus-Dr-34759/home/46148782,poinciana,34759
Shetland Dr,Lake Wales,FL,33898,72000,,,,,8,TB8499953,https://www.redfin.com/FL/Lake-Wales/Shetland-Dr-33898/home/46192980,poinciana,33898
16 Saddlebag Trl S,Lake Wales,FL,33898,72000,,,,244,8,K4903466,https://www.redfin.com/FL/Lake-Wales/16-Saddlebag-Trl-33898/home/113439253,poinciana,33898
9876 SR 60 E,Lake Wales,FL,33898,75000,,,,,8,P4938742,https://www.redfin.com/FL/Lake-Wales/9876-State-Road-60-E-33898/home/163259248,poinciana,33898
317 Bowfin Dr,Poinciana,FL,34759,75000,,,,21,8,TB8523656,https://www.redfin.com/FL/Poinciana/317-Bowfin-Dr-34759/home/46260254,poinciana,34759
1504 Eloise Ct,Poinciana,FL,34759,75000,,,,,8,O6419707,https://www.redfin.com/FL/Poinciana/1504-Eloise-Ct-34759/home/46254262,poinciana,34759
2156 Old Hickory Tree Rd,Saint Cloud,FL,34772,75000,,,,,8,S5146914,https://www.redfin.com/FL/Saint-Cloud/2156-Old-Hickory-Tree-Rd-34772/home/162666243,poinciana,34769
254 Oleander Rd,Lake Wales,FL,33898,79000,3,2,1185,,single_family,O6417829,https://www.redfin.com/FL/Lake-Wales/254-Oleander-Rd-33898/home/46141818,poinciana,33898
0 Lake Pierce Dr,Lake Wales,FL,33898,79000,,,,20,8,K4903533,https://www.redfin.com/FL/Lake-Wales/Lake-Pierce-Dr-33898/home/46140501,poinciana,33898
612 Amazon Pl,Poinciana,FL,34759,79000,,,,,8,O6423868,https://www.redfin.com/FL/Poinciana/612-Amazon-Pl-34759/home/46256052,poinciana,34759
1334 St Augustine Ct,Poinciana,FL,34759,79000,,,,,8,A12030436,https://www.redfin.com/FL/Poinciana/1334-Saint-Augustine-Ct-34759/home/46256097,poinciana,34759
6 Silversides St,Lake Wales,FL,33898,79500,1,1,408,244,10,K4903352,https://www.redfin.com/FL/Lake-Wales/6-Silversides-St-33898/home/46098262,poinciana,33898
21 Anchor Inn Rd,Lake Wales,FL,33898,79900,,,,8,8,K4903550,https://www.redfin.com/FL/Lake-Wales/21-Anchor-Inn-Rd-33898/home/46159630,poinciana,33898
LOT 2 South Shore Dr,Lake Wales,FL,33898,80000,,,,27,8,P4936256,https://www.redfin.com/FL/Unknown/LOT-2-Shore-Dr-33898/home/183056025,poinciana,33898
808 Halifax Dr,Poinciana,FL,34758,80000,,,,35,8,O6414420,https://www.redfin.com/FL/Poinciana/808-Halifax-Dr-34758/home/202348803,poinciana,34758
3216 Nauvoo Ct,St Cloud,FL,34769,80000,2,2,1100,,single_family,cmsmciyxh035ts6013ziceddr,https://www.redfin.com/FL/St-Cloud/3216-Nauvoo-Ct-34769/home/204447799,poinciana,34769
4712 Brookshire Ct,Lake Wales,FL,33898,84000,,,,39,8,TB8537660,https://www.redfin.com/FL/Lake-Wales/4712-Brookshire-Ct-33898/home/54773683,poinciana,33898
77 Silversides St,Lake Wales,FL,33898,84500,2,2,1019,244,10,L4959755,https://www.redfin.com/FL/Lake-Wales/77-Silversides-St-33898/home/46097406,poinciana,33898
6 Red Quill Cir,Lake Wales,FL,33898,85000,1,1,644,244,10,L4959625,https://www.redfin.com/FL/Lake-Wales/6-Red-Quill-Cir-33898/home/46098228,poinciana,33898
Hartman Rd,Lake Wales,FL,33898,85000,,,,,8,S5151514,https://www.redfin.com/FL/Lake-Wales/Hartman-Rd-33898/home/46114687,poinciana,33898
15 Red Quill Cir,Lake Wales,FL,33898,85000,,,,244,8,K4903495,https://www.redfin.com/FL/Lake-Wales/15-Red-Quill-Cir-33898/home/46098126,poinciana,33898
94 Cedar Cir E,Lake Wales,FL,33898,85000,,,,350,8,TB8494913,https://www.redfin.com/FL/Lake-Wales/94-Cedar-Cir-33898/home/201376376,poinciana,33898
206 LA Casa #206,Lake Wales,FL,33898,87000,2,2,954,552,townhouse,G5112750,https://www.redfin.com/FL/Lake-Wales/206-La-Casa-33898/unit-206/home/201960750,poinciana,33898
2 Woodruff Way,Lake Wales,FL,33898,87000,1,2,736,226,10,K4902987,https://www.redfin.com/FL/Lake-Wales/2-Woodruff-Way-33898/home/46098105,poinciana,33898
Highway 630 E #44,Lake Wales,FL,33898,89000,,,,116,8,G5110439,https://www.redfin.com/FL/Lake-Wales/Highway-630-E-33898/unit-44/home/201106762,poinciana,33898
310 Cardiff Dr,Poinciana,FL,34758,90000,,,,,8,S5141491,https://www.redfin.com/FL/Poinciana/310-Cardiff-Dr-34758/home/201251082,poinciana,34758
117 Saddlebag Trl,Lake Wales,FL,33898,92000,1,1.5,880,244,10,K4903657,https://www.redfin.com/FL/Lake-Wales/117-Saddlebag-Trl-33898/home/46097934,poinciana,33898
133 LA Casa #133,Lake Wales,FL,33898,94900,2,2,1260,640,townhouse,K4903107,https://www.redfin.com/FL/Lake-Wales/133-La-Casa-33898/unit-133/home/172061664,poinciana,33898
215 LA Casa #215,Lake Wales,FL,33898,94999,2,2,954,514,townhouse,TB8501573,https://www.redfin.com/FL/Lake-Wales/215-La-Casa-33898/unit-215/home/112933068,poinciana,33898
Fast Trot Trl,Lake Wales,FL,33898,98000,,,,,8,S5138409,https://www.redfin.com/FL/Lake-Wales/Fast-Trot-Trl-33898/home/46181830,poinciana,33898
27 Saddlebag Trl S,Lake Wales,FL,33898,99000,1,1,1078,244,10,K4903347,https://www.redfin.com/FL/Lake-Wales/27-Saddlebag-Trl-33898/home/46098063,poinciana,33898
7205 Windsong Dr,Lake Wales,FL,33898,99500,,,,125,8,P4938578,https://www.redfin.com/FL/Lake-Wales/7205-Windsong-Dr-33898/home/46160202,poinciana,33898
54 Tiki Turn E,Lake Wales,FL,33898,99500,,,,350,8,TB8470519,https://www.redfin.com/FL/Lake-Wales/54-E-St-33853/home/200368687,poinciana,33898
2457 ST George Dr,Davenport,FL,33837,99900,,,,297,8,O6430089,https://www.redfin.com/FL/Davenport/2457-St-George-Dr-33837/home/54773728,poinciana,33837
4199 Jacaranda Dr,Lake Wales,FL,33898,99900,,,,60,8,L4961695,https://www.redfin.com/FL/Lake-Wales/4199-Jacaranda-Dr-33898/home/46274314,poinciana,33898
107 Edgewood Blvd,Lake Wales,FL,33898,99990,3,2,1046,180,10,L4961087,https://www.redfin.com/FL/Lake-Wales/107-Edgewood-Blvd-33898/home/46104000,poinciana,33898
2626 Shiner Dr,Lake Wales,FL,33898,100000,3,2,1196,,10,P4937237,https://www.redfin.com/FL/Lake-Wales/2626-Shiner-Dr-33898/home/46140266,poinciana,33898
106 & 108 Sail Pl,Poinciana,FL,34759,105000,,,,80,8,FC319304,https://www.redfin.com/FL/Poinciana/106-Sail-Pl-34759/home/46101738,poinciana,34759
118 LA Casa #118,Lake Wales,FL,33898,107000,2,2,1260,640,townhouse,K4903581,https://www.redfin.com/FL/Lake-Wales/118-La-Casa-33898/unit-118/home/177823388,poinciana,33898
210 LA Casa #210,Lake Wales,FL,33898,109900,2,2,1120,640,townhouse,P4938129,https://www.redfin.com/FL/Lake-Wales/210-La-Casa-33898/unit-210/home/145373588,poinciana,33898
0 Richmond Ave,St Cloud,FL,34772,109900,,,,,8,S5147548,https://www.redfin.com/FL/St-Cloud/Richmond-AVE-34772/home/201251561,poinciana,34772
650 Center Crest Blvd,Davenport,FL,33837,110000,1,1,2766,61,10,S5154498,https://www.redfin.com/FL/Davenport/650-Center-Crest-Blvd-33837/for-sale/46109895,poinciana,33837
251 Patterson Rd Unit H38,Haines City,FL,33844,114900,1,1.5,812,83,10,P4938709,https://www.redfin.com/FL/Haines-City/251-Patterson-Rd-33844/unit-H38/home/46178529,poinciana,33844
816 Pinewood Ct #3126,Haines City,FL,33844,115000,1,1,974,330,townhouse,P4939164,https://www.redfin.com/FL/Haines-City/816-Pinewood-Ct-33844/unit-3126/home/46126395,poinciana,33844
34 Fairview Dr N,Haines City,FL,33844,115000,1,1,518,17,10,S5151367,https://www.redfin.com/FL/Haines-City/34-Fairview-Dr-N-33844/home/46239679,poinciana,33844
8508 Breeze Hill Dr,Lake Wales,FL,33898,115000,2,2,856,16,10,P4937813,https://www.redfin.com/FL/Lake-Wales/8508-Breeze-Hill-Dr-33898/home/46252131,poinciana,33898
96 Cr-630 E,Lake Wales,FL,33898,115000,,,,350,8,TB8467817,https://www.redfin.com/FL/Lake-Wales/96-County-Road-630-33898/home/200431020,poinciana,33898
8454 Breeze Hill Dr,Lake Wales,FL,33898,116500,2,2,936,16,10,P4937130,https://www.redfin.com/FL/Lake-Wales/8454-Breeze-Hill-Dr-33898/home/46252142,poinciana,33898
8 Silver Doctor Ln,Lake Wales,FL,33898,117500,2,1.5,708,244,10,K4903328,https://www.redfin.com/FL/Lake-Wales/8-Doctors-Ln-33853/home/46098217,poinciana,33898
907 Tennis Way Unit 3147/8,Haines City,FL,33844,119000,2,2,1123,,townhouse,S5154407,https://www.redfin.com/FL/Haines-City/907-Tennis-Way-33844/unit-3147-8/home/46113651,poinciana,33844
193 Palm View Ct Unit 3453/4,Haines City,FL,33844,119000,2,2,1123,453,townhouse,G5115647,https://www.redfin.com/FL/Haines-City/193-Palm-View-Ct-33844/unit-3453-4/for-sale/46133039,poinciana,33844
33 Tiki Turn Hyw 630 E,Lake Wales,FL,33898,119000,,,,350,8,TB8499639,https://www.redfin.com/FL/Lake-Wales/33-Highway-630-E-33898/home/201528740,poinciana,33898
19 Anchor Inn Rd,Lake Wales,FL,33898,119900,2,2,720,8,10,K4903551,https://www.redfin.com/FL/Lake-Wales/19-Anchor-Inn-Rd-33898/home/46159639,poinciana,33898
Fairway Dr,Haines City,FL,33844,120000,,,,,8,TB8517190,https://www.redfin.com/FL/Haines-City/Fairway-Dr-33844/home/46133253,poinciana,33844
315 Beaver Ln,Haines City,FL,33844,123000,2,2,1064,305,10,P4939459,https://www.redfin.com/FL/Haines-City/315-Beaver-Ln-33844/home/46277915,poinciana,33844
224 LA Casa #224,Lake Wales,FL,33898,124900,2,2,954,600,townhouse,P4936783,https://www.redfin.com/FL/Lake-Wales/224-La-Casa-33898/unit-224/home/198785308,poinciana,33898
300 Sky Crest Loop,Davenport,FL,33837,125000,1,1,504,53,10,O6422361,https://www.redfin.com/FL/Davenport/300-Sky-Crest-Loop-33837/home/46110107,poinciana,33837
Mammoth Grove Rd,Lake Wales,FL,33898,125000,,,,,8,P4935055,https://www.redfin.com/FL/Lake-Wales/Mammoth-Grove-Rd-33898/home/199459696,poinciana,33898
21102 Indian Creek Dr,Poinciana,FL,34759,125000,2,2,812,444,townhouse,S5152844,https://www.redfin.com/FL/Poinciana/21102-Indian-Creek-Dr-34759/home/46062988,poinciana,34759
379 Townbridge Dr,Haines City,FL,33844,127000,2,2,864,387,10,L4963128,https://www.redfin.com/FL/Haines-City/379-Townbridge-Dr-33844/home/46289805,poinciana,33844
0 Grape Ave,Saint Cloud,FL,34769,129000,,,,,8,S5138576,https://www.redfin.com/FL/Saint-Cloud/Grape-Ave-34769/home/54771414,poinciana,34769
209 Piney Ave,Lake Wales,FL,33898,129900,2,1,562,,single_family,S5149492,https://www.redfin.com/FL/Lake-Wales/209-Piney-Ave-33898/home/46140939,poinciana,33898
3341 Camelot Dr #3341,Haines City,FL,33844,130000,2,2,1123,453,townhouse,P4939390,https://www.redfin.com/FL/Haines-City/3341-Camelot-Dr-33844/home/46126007,poinciana,33844
8689 Breeze Hill Dr,Lake Wales,FL,33898,130000,2,2,1032,16,10,P4934253,https://www.redfin.com/FL/Lake-Wales/8689-Breeze-Hill-Dr-33898/home/46252107,poinciana,33898
538 Center Crest Blvd,Davenport,FL,33837,132000,1,1,638,58,10,P4939173,https://www.redfin.com/FL/Davenport/538-Center-Crest-Blvd-33837/home/46109918,poinciana,33837
0 Highway 630 E #313,Lake Wales,FL,33898,134900,,,,350,8,R4910770,https://www.redfin.com/FL/Lake-Wales/0-Highway-630-E-33898/unit-313/home/197885668,poinciana,33898
2944 Palm Cir,Haines City,FL,33844,135000,2,1.5,672,,10,S5155021,https://www.redfin.com/FL/Haines-City/2944-N-Palm-Cir-33844/home/162583970,poinciana,33844
8003 Hemingway Cir Unit 8003-8,Haines City,FL,33844,135000,1,1,808,217,townhouse,TB8530069,https://www.redfin.com/FL/Haines-City/8003-Hemingway-Cir-33844/unit-8003-8/home/203186386,poinciana,33844
22102 Indian Creek Dr #1,Poinciana,FL,34759,135000,2,2,812,454,townhouse,S5151936,https://www.redfin.com/FL/Poinciana/22102-Indian-Creek-Dr-34759/unit-1/home/199484649,poinciana,34759
42769 Highway 27 #101,Davenport,FL,33837,139000,2,1.5,396,155,10,O6424827,https://www.redfin.com/FL/Davenport/42769-Highway-27-33837/unit-101/home/46177072,poinciana,33837
347 Edgewood Blvd,Lake Wales,FL,33898,139000,3,2,1352,180,10,S5149201,https://www.redfin.com/FL/Lake-Wales/347-Edgewood-Blvd-33898/home/46104464,poinciana,33898
8203 Village Dr Unit H-23,Lake Wales,FL,33898,139900,2,2,1088,560,townhouse,K4903615,https://www.redfin.com/FL/Lake-Wales/8203-Village-Dr-33898/unit-H-23/home/202658453,poinciana,33898
37 Silver Doctor Ln,Lake Wales,FL,33898,139900,2,2,864,226,10,P4936565,https://www.redfin.com/FL/Lake-Wales/37-Doctors-Ln-33853/home/46098131,poinciana,33898
9072 Lake Point Blvd,Lake Wales,FL,33898,139900,2,2,960,16,10,P4936659,https://www.redfin.com/FL/Lake-Wales/9072-Lake-Point-Blvd-33898/home/46251832,poinciana,33898
0 Highway 630 E #302,Lake Wales,FL,33898,139900,,,,350,8,R4910785,https://www.redfin.com/FL/Lake-Wales/0-Highway-630-E-33898/unit-302/home/200698425,poinciana,33898
69 Rosalie Oaks Blvd,Lake Wales,FL,33898,139999,2,2,1015,8,10,TB8483308,https://www.redfin.com/FL/Lake-Wales/69-Rosalie-Oaks-Blvd-33898/home/162613900,poinciana,33898
29 Uncle Pete Rd,Haines City,FL,33844,140000,3,2,1440,,10,P4938993,https://www.redfin.com/FL/Haines-City/29-Uncle-Pete-Rd-E-33844/home/46208581,poinciana,33844
3903 Morgan Horse Way,Lake Wales,FL,33898,141000,3,2,936,,10,S5151046,https://www.redfin.com/FL/Lake-Wales/3903-Morgan-Horse-Way-33898/home/46181767,poinciana,33898
20901 State Road 60 E,Lake Wales,FL,33898,142800,,,,,8,O6383830,https://www.redfin.com/FL/Lake-Wales/20901-State-Road-60-E-33898/home/46098823,poinciana,33898
2667 Snapping Turtle Dr,Lake Wales,FL,33898,144900,3,2,924,,10,S5149498,https://www.redfin.com/FL/Lake-Wales/2667-Snapping-Turtle-Dr-33898/home/46140302,poinciana,33898
1716 Tindel Camp Rd,Lake Wales,FL,33898,144900,,,,,8,OM723893,https://www.redfin.com/FL/Lake-Wales/1716-Tindel-Camp-Rd-33898/home/162601561,poinciana,33898
0 Highway 630 E #340,Lake Wales,FL,33898,144900,,,,350,8,R4910795,https://www.redfin.com/FL/Lake-Wales/0-Highway-630-E-33898/unit-340/home/200704496,poinciana,33898
23 Tiki Turn (hwy 630) E,Lake Wales,FL,33898,145000,,,,350,8,TB8536454,https://www.redfin.com/FL/Lake-Wales/23-Highway-630-E-33898/home/204511737,poinciana,33898
Cord Ave,Saint Cloud,FL,34772,145000,,,,,8,S5154066,https://www.redfin.com/FL/Saint-Cloud/Cord-Ave-34772/home/199305776,poinciana,34772
16950 County Road 630 E #107,Lake Wales,FL,33898,147000,,,,350,8,OM722089,https://www.redfin.com/FL/Lake-Wales/16950-Highway-630-E-33898/unit-107/home/201107094,poinciana,33898
6369 Elmwood Ave,Lake Wales,FL,33898,149000,2,2,1144,180,10,P4939280,https://www.redfin.com/FL/Lake-Wales/6369-Elmwood-Ave-33898/home/46103877,poinciana,33898
1 Beaverkill Dr,Lake Wales,FL,33898,149000,2,2,960,244,10,L4956096,https://www.redfin.com/FL/Lake-Wales/1-Beaverkill-Dr-33898/home/46097545,poinciana,33898
2530 Snapping Turtle Dr,Lake Wales,FL,33898,149000,2,1,1166,,10,K4903023,https://www.redfin.com/FL/Lake-Wales/2530-Snapping-Turtle-Dr-33898/home/194440844,poinciana,33898
6102 Lake Marion Golf Resort,Poinciana,FL,34759,149000,2,2,981,419,single_family,O6418833,https://www.redfin.com/FL/Poinciana/6102-Lake-Marion-Golf-Resort-34759/for-sale/46058296,poinciana,34759
92 Rosalie Oaks Blvd,Lake Wales,FL,33898,149900,2,2,840,8,10,P4938829,https://www.redfin.com/FL/Lake-Wales/92-Rosalie-Oaks-Blvd-33898/home/46235428,poinciana,33898
1915 N 18th St,Haines City,FL,33844,149990,3,1,882,,single_family,V4950608,https://www.redfin.com/FL/Haines-City/1915-N-18th-St-33844/for-sale/46199009,poinciana,33844
103 Highway 630 E,Lake Wales,FL,33898,150000,,,,350,8,TB8470486,https://www.redfin.com/FL/Lake-Wales/103-Highway-630-E-33898/home/200431037,poinciana,33898
104 Highway 630 E,Lake Wales,FL,33898,150000,,,,350,8,TB8470492,https://www.redfin.com/FL/Lake-Wales/104-Highway-630-E-33898/home/200431028,poinciana,33898
738 Michigan Ct #4,Saint Cloud,FL,34769,150000,2,1,784,300,townhouse,O6392211,https://www.redfin.com/FL/Saint-Cloud/738-Michigan-Ct-34769/unit-4/home/46535954,poinciana,34769
3441 13th ST Rd,Saint Cloud,FL,34769,150000,,,,,8,O6240587,https://www.redfin.com/FL/SAINT-CLOUD/3441-13th-ST-RD-34772/home/193420457,poinciana,34769
8442 Breeze Hill Dr,Lake Wales,FL,33898,154000,2,2,1002,16,10,P4935967,https://www.redfin.com/FL/Lake-Wales/8442-Breeze-Hill-Dr-33898/home/46252138,poinciana,33898
4722 Kilt Ct #65,St Cloud,FL,34769,154000,2,2,967,416,townhouse,S5125650,https://www.redfin.com/FL/St-Cloud/4722-Kilt-Ct-34769/unit-65/home/195540294,poinciana,34769
108 Silversides St,Lake Wales,FL,33898,155000,1,2,1080,244,10,K4903604,https://www.redfin.com/FL/Lake-Wales/108-Silversides-St-33898/home/46097434,poinciana,33898
4740 Avon Ct #4740,St Cloud,FL,34769,155000,2,2,967,416,townhouse,O6423876,https://www.redfin.com/FL/St-Cloud/4740-Avon-Ct-34769/unit-4740/home/145343238,poinciana,34769
12202 Indian Creek Dr,Poinciana,FL,34759,157000,3,2,1218,489,townhouse,TB8511740,https://www.redfin.com/FL/Poinciana/12202-Indian-Creek-Dr-34759/home/46062982,poinciana,34759
74 Straphmore Dr,Haines City,FL,33844,159900,2,2,1248,387,10,O6424208,https://www.redfin.com/FL/Haines-City/74-Straphmore-Dr-33844/home/46290239,poinciana,33844
1412 Vermont Ave,Saint Cloud,FL,34769,159900,,,,,8,S5081147,https://www.redfin.com/FL/Saint-Cloud/1412-Vermont-Ave-34769/home/54769399,poinciana,34769
1104 Merrill St,Davenport,FL,33837,160000,3,2.5,1480,,condo,10818150,https://www.redfin.com/FL/Davenport/1104-Merrill-St-33837/home/177180000,poinciana,33837
2241 Mammoth Grove Rd,Lake Wales,FL,33898,160000,,,,,8,A4701909,https://www.redfin.com/FL/Lake-Wales/2241-Mammoth-Grove-Rd-33898/home/162493757,poinciana,33898
1726 Missouri Ave,Saint Cloud,FL,34769,160000,2,2,636,,10,S5154319,https://www.redfin.com/FL/Saint-Cloud/1726-Missouri-Ave-34769/home/46536456,poinciana,34769
2519 Independence Ln,Saint Cloud,FL,34772,164999,2,2,1304,120,10,S5146433,https://www.redfin.com/FL/Saint-Cloud/2519-Independence-Ln-34772/home/46543480,poinciana,34772
10202 Village Dr #22,Lake Wales,FL,33898,165000,2,2,1088,560,townhouse,P4939240,https://www.redfin.com/FL/Lake-Wales/10202-Village-Dr-33898/unit-22/home/194741988,poinciana,33898
Friedlander Rd,Babson Park,FL,33853,165000,,,,,8,O6383192,https://www.redfin.com/FL/Babson-Park/Friedlander-Rd-33827/home/148427462,poinciana,33898
4725 Avon Ct,Saint Cloud,FL,34769,165000,2,2,967,416,townhouse,S5142921,https://www.redfin.com/FL/Saint-Cloud/4725-Avon-Ct-34769/home/46517017,poinciana,34769
694 Michigan Ct #4,Saint Cloud,FL,34769,165000,2,1,784,300,townhouse,O6376387,https://www.redfin.com/FL/Saint-Cloud/694-Michigan-Ct-34769/unit-4/home/46536145,poinciana,34769
694 Michigan Ct #3,Saint Cloud,FL,34769,165000,2,1,784,300,townhouse,O6379917,https://www.redfin.com/FL/Saint-Cloud/694-Michigan-Ct-34769/unit-3/home/46536149,poinciana,34769
694 Michigan Ct #1,Saint Cloud,FL,34769,165000,2,1,784,300,townhouse,O6380294,https://www.redfin.com/FL/Saint-Cloud/694-Michigan-Ct-34769/unit-1/home/46536148,poinciana,34769
3007 Granada Ct #4,Lake Wales,FL,33898,167000,2,2,1276,290,townhouse,L4961507,https://www.redfin.com/FL/Lake-Wales/3007-Granada-Ct-33898/unit-4/home/171962246,poinciana,33898
29 Beaverkill Dr,Lake Wales,FL,33898,168000,1,1,708,244,10,K4903439,https://www.redfin.com/FL/Lake-Wales/29-Beaverkill-Dr-33898/home/46097557,poinciana,33898
6204 Country Club Dr Unit F24,Lake Wales,FL,33898,169000,2,2,1280,575,townhouse,K4903625,https://www.redfin.com/FL/Lake-Wales/6204-Country-Club-Dr-33898/unit-F24/home/202707982,poinciana,33898
2716 Fast Trot Trl,Lake Wales,FL,33898,169900,3,2,925,,10,S5150956,https://www.redfin.com/FL/Lake-Wales/2716-Fast-Trot-Trl-33898/home/46186244,poinciana,33898
121 LA Casa #5,Lake Wales,FL,33898,169900,2,2,1120,640,townhouse,P4939013,https://www.redfin.com/FL/Lake-Wales/121-La-Casa-33898/unit-5/home/46164814,poinciana,33898
Gilbert Rd,Lake Wales,FL,33898,169900,,,,,8,P4934701,https://www.redfin.com/FL/Lake-Wales/Gilbert-Rd-33898/home/46164862,poinciana,33898
Stembridge Rd,Lake Wales,FL,33898,169900,,,,,8,P4934645,https://www.redfin.com/FL/Lake-Wales/Stembridge-Rd-33898/home/54709492,poinciana,33898
1814 Coriander Dr,Poinciana,FL,34759,169900,2,2,1056,316,single_family,A12062574,https://www.redfin.com/FL/Poinciana/1814-Coriander-Dr-34759/for-sale/46089372,poinciana,34759
2104 Granada Ct,Lake Wales,FL,33898,170000,2,2,1185,330,townhouse,O6419439,https://www.redfin.com/FL/Lake-Wales/2104-Granada-Ct-33898/home/46203614,poinciana,33898
101 Edgewood Blvd,Lake Wales,FL,33898,170000,3,2,1728,180,10,P4936828,https://www.redfin.com/FL/Lake-Wales/101-Edgewood-Blvd-33898/home/46103994,poinciana,33898
741 Parrot Ct,Poinciana,FL,34759,172500,3,2,1282,100,single_family,S5147858,https://www.redfin.com/FL/Poinciana/741-Parrot-Ct-34759/for-sale/46218969,poinciana,34759
7201 Country Club Dr Unit G21,Lake Wales,FL,33898,173900,2,2,1280,462,townhouse,P4935318,https://www.redfin.com/FL/Lake-Wales/7201-Country-Club-Dr-33898/unit-G21/home/54655428,poinciana,33898
5101 Lake Marion Golf Resort #5101,Poinciana,FL,34759,174500,3,2,1218,419,townhouse,O6415094,https://www.redfin.com/FL/Poinciana/5101-Lake-Marion-Golf-Resort-34759/home/46058289,poinciana,34759
Delaware Ave,Saint Cloud,FL,34769,174900,,,,,8,S5127764,https://www.redfin.com/FL/Saint-Cloud/Delaware-Ave-34769/home/162663122,poinciana,34769
2537 Longpine Ln,Saint Cloud,FL,34772,174900,2,2,1558,120,10,S5148971,https://www.redfin.com/FL/Saint-Cloud/2537-Longpine-Ln-34772/home/46543454,poinciana,34772
311 Townbridge Dr,Haines City,FL,33844,174999,2,2,1040,387,10,P4939188,https://www.redfin.com/FL/Haines-City/311-Townbridge-Dr-33844/home/46290655,poinciana,33844
494 Prestwick Pl Unit N/A,Poinciana,FL,34759,174999,2,2,921,460,townhouse,O6418709,https://www.redfin.com/FL/Poinciana/494-Prestwick-Pl-34759/unit-N-A/home/202354932,poinciana,34759
0 North Blvd W,Davenport,FL,33837,175000,,,,,8,O6422094,https://www.redfin.com/FL/Davenport/Blvd-33837/home/46083787,poinciana,33837
144 Victoria Dr,Haines City,FL,33844,175000,2,2,1066,387,10,L4962887,https://www.redfin.com/FL/Haines-City/144-Victoria-Dr-33844/home/46290289,poinciana,33844
Mammoth Grove Rd,Lake Wales,FL,33898,175000,,,,,8,L4957735,https://www.redfin.com/FL/Lake-Wales/Mammoth-Grove-Rd-33898/home/199459692,poinciana,33898
Mammoth Grove Rd,Lake Wales,FL,33898,175000,,,,,8,P4935048,https://www.redfin.com/FL/Lake-Wales/Mammoth-Grove-Rd-33898/home/199459694,poinciana,33898
Mammoth Grove Rd,Lake Wales,FL,33898,175000,,,,,8,P4935054,https://www.redfin.com/FL/Lake-Wales/Mammoth-Grove-Rd-33898/home/199459695,poinciana,33898
16950 CR 630 #123,Lake Wales,FL,33898,175000,,,,350,8,L4954945,https://www.redfin.com/FL/LAKE-WALES/16950-CR-630-33898/unit-123/home/196814937,poinciana,33898
Mammoth Grove Rd,Lake Wales,FL,33898,175000,,,,,8,P4935047,https://www.redfin.com/FL/Lake-Wales/Mammoth-Grove-Rd-33898/home/199459693,poinciana,33898
1644 Cumin Dr,Poinciana,FL,34759,175000,2,2,923,200,single_family,S5154031,https://www.redfin.com/FL/Poinciana/1644-Cumin-Dr-34759/for-sale/46089829,poinciana,34759
2527 Longpine Ln,Saint Cloud,FL,34772,175000,2,2,972,120,10,S5152838,https://www.redfin.com/FL/Saint-Cloud/2527-Longpine-Ln-34772/home/46543465,poinciana,34772
2513 Independence Ln,Saint Cloud,FL,34772,175000,3,2,1519,120,10,S5146767,https://www.redfin.com/FL/Saint-Cloud/2513-Independence-Ln-34772/home/46543469,poinciana,34772
Hunting Lodge Dr,Saint Cloud,FL,34772,175000,,,,,8,S5150448,https://www.redfin.com/FL/Saint-Cloud/Hunting-Lodge-Dr-34772/home/162779513,poinciana,34772
0 Doe Dr,Saint Cloud,FL,34772,175000,,,,,8,O6399377,https://www.redfin.com/FL/Saint-Cloud/Doe-Dr-34772/home/54690322,poinciana,34772
Hunting Lodge Dr,Saint Cloud,FL,34772,175000,,,,,8,S5150449,https://www.redfin.com/FL/Saint-Cloud/Hunting-Lodge-Dr-34772/home/54712460,poinciana,34772
9202 Lake Marion Golf Resort Unit A,Poinciana,FL,34759,176990,3,2,,246,townhouse,A12019125,https://www.redfin.com/FL/Poinciana/9202-Lake-Marion-Golf-Resort-34759/unit-A/home/201836677,poinciana,34759
2336 ST George Dr,Davenport,FL,33837,179000,1,1,500,309,single_family,O6412318,https://www.redfin.com/FL/Davenport/2336-St-George-Dr-33837/home/46071110,poinciana,33837
17 Red Quill Cir,Lake Wales,FL,33898,179000,2,2,1152,226,single_family,K4903003,https://www.redfin.com/FL/Lake-Wales/17-Red-Quill-Cir-33898/for-sale/46098128,poinciana,33898
433 Pennsylvania Ave,Saint Cloud,FL,34769,179450,2,1,940,,single_family,O6341936,https://www.redfin.com/FL/Saint-Cloud/433-Pennsylvania-Ave-34769/home/46511859,poinciana,34769
6005 Hemingway Cir,Haines City,FL,33844,179900,2,2,1152,317,townhouse,S5155158,https://www.redfin.com/FL/Haines-City/6005-Hemingway-Cir-33844/home/46053835,poinciana,33844
12 Saddlebag Trl,Lake Wales,FL,33898,179900,2,2,864,226,10,P4939315,https://www.redfin.com/FL/Lake-Wales/12-Saddlebag-Trl-33898/home/46097639,poinciana,33898
0 Highway 630 E #150,Lake Wales,FL,33898,179900,,,,350,8,R4910787,https://www.redfin.com/FL/Lake-Wales/0-Highway-630-E-33898/unit-150/home/200703274,poinciana,33898
1789 Coriander Dr,Poinciana,FL,34759,179900,2,2,1056,304,single_family,S5153246,https://www.redfin.com/FL/Poinciana/1789-Coriander-Dr-34759/home/46089439,poinciana,34759
1808 Coriander Dr,Poinciana,FL,34759,179900,2,2,1056,304,single_family,S5147513,https://www.redfin.com/FL/Poinciana/1808-Coriander-Dr-34759/home/46089375,poinciana,34759
41 N 20th St #18,Haines City,FL,33844,180000,2,2,880,90,single_family,P4939483,https://www.redfin.com/FL/Haines-City/41-N-20th-St-33844/unit-18/for-sale/46231186,poinciana,33844
229 N 13th St,Haines City,FL,33844,180000,2,2,1064,,single_family,P4939274,https://www.redfin.com/FL/Haines-City/229-N-13th-St-33844/for-sale/46231454,poinciana,33844
3013 Laurel Ave,Lake Wales,FL,33898,180000,2,1,816,,single_family,P4939260,https://www.redfin.com/FL/Lake-Wales/3013-Laurel-Ave-33898/home/182949009,poinciana,33898
43 Red Quill Cir,Lake Wales,FL,33898,180000,2,2,1104,226,10,K4902909,https://www.redfin.com/FL/Lake-Wales/43-Red-Quill-Cir-33898/home/46098218,poinciana,33898
2907 Prince Oak Ct,Saint Cloud,FL,34769,183890,1,1,709,132,condo,S5128369,https://www.redfin.com/FL/Saint-Cloud/2907-Prince-Oak-Ct-34769/home/46531852,poinciana,34769
1805 Coriander Dr #1805,Poinciana,FL,34759,184900,2,2,1050,305,townhouse,S5154939,https://www.redfin.com/FL/Poinciana/1805-Coriander-Dr-34759/for-sale/46089414,poinciana,34759
1793 Coriander Dr,Poinciana,FL,34759,184900,2,2,1050,305,single_family,S5154934,https://www.redfin.com/FL/Poinciana/1793-Coriander-Dr-34759/for-sale/46089434,poinciana,34759
57 Straphmore Dr,Haines City,FL,33844,185000,2,2,1344,387,10,L4964047,https://www.redfin.com/FL/Haines-City/57-Straphmore-Dr-33844/home/46290282,poinciana,33844
1980 Trinity Cir,Haines City,FL,33844,185000,2,1.5,925,90,single_family,P4938975,https://www.redfin.com/FL/Haines-City/1980-Trinity-Cir-33844/for-sale/46231679,poinciana,33844
,Davenport,FL,33896,185000,3,2,1244,751,townhouse,O6415173,https://www.redfin.com/FL/Davenport/Undisclosed-address-33896/home/46507912,poinciana,33896
1015 E 10th St,St Cloud,FL,34769,185000,,,,,8,TB8439859,https://www.redfin.com/FL/St-Cloud/1015-E-10th-St-34769/home/198725676,poinciana,34769
1304 Avenue N,Haines City,FL,33844,186000,3,1.5,1000,,single_family,O6412700,https://www.redfin.com/FL/Haines-City/1304-Avenue-N-33844/home/46200013,poinciana,33844
1554 Sarah St,Lake Wales,FL,33898,187000,3,1,936,,single_family,L4961232,https://www.redfin.com/FL/Lake-Wales/1554-Sarah-St-33898/home/46187185,poinciana,33898
6003 Hemingway Cir #6003,Haines City,FL,33844,189000,2,2,1152,294,townhouse,O6421115,https://www.redfin.com/FL/Haines-City/6003-Hemingway-Cir-33844/unit-6003/home/54658956,poinciana,33844
242 Ramsgate Way,Haines City,FL,33844,189900,3,2,1080,387,10,L4962291,https://www.redfin.com/FL/Haines-City/242-Ramsgate-Way-33844/home/46290362,poinciana,33844
714 Terrace Ridge Cir #714,Davenport,FL,33896,189900,2,2,1276,587,townhouse,S5151621,https://www.redfin.com/FL/Davenport/714-Terrace-Ridge-Cir-33896/unit-714/home/54670393,poinciana,33896
3825 Carriage Dr,Lake Wales,FL,33898,189900,3,2,1232,,10,TB8521032,https://www.redfin.com/FL/Lake-Wales/3825-Carriage-Dr-33898/home/46192955,poinciana,33898
0 Highway 630 E #247,Lake Wales,FL,33898,189900,,,,350,8,R4910794,https://www.redfin.com/FL/Lake-Wales/0-Highway-630-E-33898/unit-247/home/200704367,poinciana,33898
204 Terrace Ridge Cir #204,Davenport,FL,33896,194000,4,2,1688,755,townhouse,O6392765,https://www.redfin.com/FL/Davenport/204-Terrace-Ridge-Cir-33896/unit-204/home/145539045,poinciana,33896
141 Victoria Dr,Haines City,FL,33844,195000,2,2,1344,387,10,L4963704,https://www.redfin.com/FL/Haines-City/141-Victoria-Dr-33844/home/46290300,poinciana,33844
1113 Big Oak Dr,Lake Wales,FL,33898,195000,4,2,1560,8,10,S5128463,https://www.redfin.com/FL/Lake-Wales/1113-Big-Oak-Dr-33898/home/46235413,poinciana,33898
157 Orangewood Dr,Lake Wales,FL,33898,195000,3,2,1404,242,10,S5139169,https://www.redfin.com/FL/Lake-Wales/157-Orangewood-Dr-33898/home/46103901,poinciana,33898
325 Tiki Turn (hwy 630) E,Lake Wales,FL,33898,195000,1,1,350,350,10,TB8495573,https://www.redfin.com/FL/Lake-Wales/325-Highway-630-E-33898/home/201254755,poinciana,33898
0 Hwy 630e,Frostproof,FL,33843,195000,,,,,8,F10550548,https://www.redfin.com/FL/Frostproof/Hwy-630-E-33843/home/162618894,poinciana,33898
71 Cedar Cir E,Lake Wales,FL,33898,195000,,,,350,8,TB8511553,https://www.redfin.com/FL/Lake-Wales/71-Cedar-Cir-33898/home/202093066,poinciana,33898
2576 Lakota Ln,Saint Cloud,FL,34769,195000,2,2,1000,10,10,O6427219,https://www.redfin.com/FL/Saint-Cloud/2576-Lakota-Ln-34769/home/46536556,poinciana,34769
4704 Lanca Ln,Saint Cloud,FL,34772,195000,2,2,1269,120,10,S5145875,https://www.redfin.com/FL/Saint-Cloud/4704-Lanca-Ln-34772/home/46543244,poinciana,34772
8020 Tuscany Way #6206,Davenport,FL,33896,198000,2,2,1134,715,townhouse,O6422919,https://www.redfin.com/FL/Davenport/8020-Tuscany-Way-33896/unit-6206/home/46506258,poinciana,33896
1301 Tuscan Ter #9106,Davenport,FL,33896,198000,2,2,1134,751,townhouse,O6412296,https://www.redfin.com/FL/Davenport/1301-Tuscan-Ter-33896/unit-9106/home/46508058,poinciana,33896
645 Madison Dr,Davenport,FL,33837,198900,3,2.5,1404,302,condo,O6422817,https://www.redfin.com/FL/Davenport/645-Madison-Dr-33837/home/177180046,poinciana,33837
220 ST George Dr,Davenport,FL,33837,199000,2,1,1218,291,single_family,O6425178,https://www.redfin.com/FL/Davenport/220-St-George-Dr-33837/for-sale/46182090,poinciana,33837
2010 Pine Ave,Haines City,FL,33844,199000,3,1,864,,single_family,L4963911,https://www.redfin.com/FL/Haines-City/2010-Pine-Ave-33844/for-sale/46231208,poinciana,33844
3803 Young Rd,Lake Wales,FL,33898,199000,2,2,1056,,single_family,L4963161,https://www.redfin.com/FL/Lake-Wales/3803-Young-Rd-33898/home/46115363,poinciana,33898
3348 Omec St,Lake Wales,FL,33898,199000,4,3,1400,,10,TB8508114,https://www.redfin.com/FL/Lake-Wales/3348-Omec-St-33898/home/46235533,poinciana,33898
124 Rhett Blvd E,Lake Wales,FL,33898,199000,,,,350,8,TB8475927,https://www.redfin.com/FL/Lake-Wales/124-E-St-33853/home/200520331,poinciana,33898
1740 Pacific Rd,Poinciana,FL,34759,199000,2,2,1056,304,single_family,S5152538,https://www.redfin.com/FL/Poinciana/1740-Pacific-Rd-34759/home/46089449,poinciana,34759
3011 Hemingway Cir #3011,Haines City,FL,33844,199500,2,2,1152,294,townhouse,S5150462,https://www.redfin.com/FL/Haines-City/3011-Hemingway-Cir-33844/unit-3011/home/178651468,poinciana,33844
1820 Coriander Dr,Poinciana,FL,34759,199500,2,2,1056,25,townhouse,P4939545,https://www.redfin.com/FL/Poinciana/1820-Coriander-Dr-34759/home/46089370,poinciana,34759
157 Ocean Bluff Dr,Poinciana,FL,34759,199500,3,2,1249,347,condo,S5151532,https://www.redfin.com/FL/Poinciana/157-Ocean-Bluff-Dr-34759/home/46303425,poinciana,34759
416 Eagle Ridge Dr #416,Davenport,FL,33837,199900,3,2,1337,658,townhouse,G5115084,https://www.redfin.com/FL/Davenport/416-Eagle-Ridge-Dr-33837/unit-416/home/203131683,poinciana,33837
0 Highway 630 E #19,Lake Wales,FL,33898,199900,,,,350,8,R4910821,https://www.redfin.com/FL/Lake-Wales/0-Highway-630-E-33898/unit-19/home/200728408,poinciana,33898
0 Highway 630 E #386,Lake Wales,FL,33898,199900,,,,350,8,R4910806,https://www.redfin.com/FL/Lake-Wales/0-Highway-630-E-33898/unit-386/home/200722449,poinciana,33898
0 Highway 630 E #169,Lake Wales,FL,33898,199900,,,,350,8,R4910788,https://www.redfin.com/FL/Lake-Wales/0-Highway-630-E-33898/unit-169/home/200703332,poinciana,33898
419 Allspice Ct,Poinciana,FL,34759,199900,3,2,1951,100,single_family,TB8522754,https://www.redfin.com/FL/Poinciana/419-Allspice-Ct-34759/for-sale/46143445,poinciana,34759
0 Highway 630 E,Frostproof,FL,33843,199995,4,2,2100,,single_family,A11886551,https://www.redfin.com/FL/Frostproof/Hwy-630-E-33843/home/163273552,poinciana,33898
1351 Tuscan Ter #8101,Davenport,FL,33896,200000,3,2,1244,752,townhouse,O6425769,https://www.redfin.com/FL/Davenport/1351-Tuscan-Ter-33896/unit-8101/home/46507895,poinciana,33896
263 Edgewood Blvd,Lake Wales,FL,33898,200000,3,2,924,180,10,P4939316,https://www.redfin.com/FL/Lake-Wales/263-Edgewood-Blvd-33898/for-sale/46104433,poinciana,33898
330 Cr-630,Lake Wales,FL,33898,200000,2,1,350,350,10,TB8470377,https://www.redfin.com/FL/Lake-Wales/330-Highway-630-33898/home/199461278,poinciana,33898
2009 Pine St,Saint Cloud,FL,34769,200000,4,2,1250,,10,O6397371,https://www.redfin.com/FL/Saint-Cloud/2009-Pine-St-34769/home/46536495,poinciana,34769
1351 Venezia Ct #305,Davenport,FL,33896,204000,3,2,1384,815,townhouse,O6423624,https://www.redfin.com/FL/Davenport/1351-Venezia-Ct-33896/unit-305/home/46496540,poinciana,33896
4235 Cerimen St,Lake Wales,FL,33898,204000,2,2,884,60,single_family,L4962708,https://www.redfin.com/FL/Lake-Wales/4235-Cerimen-St-33898/home/46256745,poinciana,33898
8000 Tuscany Way #4207,Davenport,FL,33896,205000,2,2,1134,716,townhouse,TB8513942,https://www.redfin.com/FL/Davenport/8000-Tuscany-Way-33896/unit-4207/home/46506382,poinciana,33896
1586 Cumin Dr,Poinciana,FL,34759,205000,2,2,1086,305,single_family,A12040440,https://www.redfin.com/FL/Poinciana/1586-Cumin-Dr-34759/home/46089788,poinciana,34759
2818 Shannon Oak Ct,Saint Cloud,FL,34769,209000,3,2,1126,132,condo,S5148703,https://www.redfin.com/FL/Saint-Cloud/2818-Shannon-Oak-Ct-34769/home/46532013,poinciana,34769
146 Piave St,Haines City,FL,33844,209800,3,2,1450,15,single_family,O6385501,https://www.redfin.com/FL/Haines-City/146-Piave-St-33844/for-sale/177182114,poinciana,33844
20 Beaverkill Dr,Lake Wales,FL,33898,209900,2,2,1152,244,10,L4963353,https://www.redfin.com/FL/Lake-Wales/20-Beaverkill-Dr-33898/home/55120655,poinciana,33898
0 Highway 630 E #180,Lake Wales,FL,33898,209900,,,,350,8,R4910789,https://www.redfin.com/FL/Lake-Wales/0-Highway-630-E-33898/unit-180/home/200704060,poinciana,33898
0 Highway 630 E #241,Lake Wales,FL,33898,209900,,,,350,8,R4910793,https://www.redfin.com/FL/Lake-Wales/0-Highway-630-E-33898/unit-241/home/200704220,poinciana,33898
12 Herring Ct,Poinciana,FL,34759,209900,3,2,1055,100,single_family,O6418012,https://www.redfin.com/FL/Poinciana/12-Herring-Ct-34759/home/46102307,poinciana,34759
1370 Tuscan Ter #2308,Davenport,FL,33896,210000,3,2,1244,751,townhouse,P4938472,https://www.redfin.com/FL/Davenport/1370-Tuscan-Ter-33896/unit-2308/home/46506336,poinciana,33896
147 Evergreen Dr,Lake Wales,FL,33898,210000,2,2,1125,,single_family,P4937575,https://www.redfin.com/FL/Lake-Wales/147-Evergreen-Dr-33898/home/46130666,poinciana,33898
3188 Skyline Loop,Poinciana,FL,34758,210000,2,2.5,1275,227,condo,S5153035,https://www.redfin.com/FL/Poinciana/3188-Skyline-Loop-34758/for-sale/192953142,poinciana,34758
708 Wedge Ln,Poinciana,FL,34759,210000,2,2,1068,100,single_family,S5153591,https://www.redfin.com/FL/Poinciana/708-Wedge-Ln-34759/for-sale/46162311,poinciana,34759
2113 Betsy Ross Ln Unit A,St Cloud,FL,34769,210000,2,2,1273,324,townhouse,S5154232,https://www.redfin.com/FL/St-Cloud/2113-Betsy-Ross-Ln-34769/unit-A/home/203238992,poinciana,34769
913 Michigan Ave,Saint Cloud,FL,34769,210000,2,2,1383,125,condo,O6386162,https://www.redfin.com/FL/Saint-Cloud/913-Michigan-Ave-34769/home/46512905,poinciana,34769
810 Dengar Ave,Haines City,FL,33844,213000,4,2.5,2200,15,single_family,L4962287,https://www.redfin.com/FL/Haines-City/810-Dengar-Ave-33844/for-sale/46053317,poinciana,33844
0 Buckingham Way,Saint Cloud,FL,34772,213000,,,,,8,A12034269,https://www.redfin.com/FL/Saint-Cloud/Buckingham-Way-34772/home/54752039,poinciana,34772
3140 4th St,Davenport,FL,33837,213500,3,2,1440,,10,TB8532913,https://www.redfin.com/FL/Davenport/3140-4th-St-33837/home/46124416,poinciana,33837
16 Queen OF Waters St,Lake Wales,FL,33898,214900,2,2,840,226,10,K4903141,https://www.redfin.com/FL/Lake-Wales/16-Queen-of-Waters-St-33898/home/46098157,poinciana,33898
5 Tuna Ln,Poinciana,FL,34759,214900,2,2,989,100,single_family,P4939294,https://www.redfin.com/FL/Poinciana/5-Tuna-Ln-34759/for-sale/46101840,poinciana,34759
29 Buck Cir,Haines City,FL,33844,215000,2,2,1230,185,single_family,S5154181,https://www.redfin.com/FL/Haines-City/29-Buck-Cir-33844/for-sale/46239825,poinciana,33844
24 Silversides St,Lake Wales,FL,33898,215000,2,2,1104,244,10,K4903455,https://www.redfin.com/FL/Lake-Wales/24-Silversides-St-33898/home/46098246,poinciana,33898
537 Grand Canal Dr,Poinciana,FL,34759,215000,2,1.5,1071,428,single_family,S5148682,https://www.redfin.com/FL/Poinciana/537-Grand-Canal-Dr-34759/home/46058083,poinciana,34759
2003 Oak St,Saint Cloud,FL,34769,215000,2,2,750,,10,S5141003,https://www.redfin.com/FL/Saint-Cloud/2003-Oak-St-34769/home/46536512,poinciana,34769
Highway 630 E #15,Lake Wales,FL,33898,219900,,,,350,8,R4910774,https://www.redfin.com/FL/Lake-Wales/Highway-630-33898/unit-15/home/199460961,poinciana,33898
313 Eagle Ridge Dr #313,Davenport,FL,33837,220000,2,2,1270,620,townhouse,S5150613,https://www.redfin.com/FL/Davenport/313-Eagle-Ridge-Dr-33837/unit-313/home/145271079,poinciana,33837
0 White Clay Pit Rd,Haines City,FL,33844,220000,,,,,8,A12057130,https://www.redfin.com/FL/Haines-City/White-Clay-Pit-Rd-33844/home/46280908,poinciana,33844
10513 Lynnwood Ave,Lake Wales,FL,33898,220000,3,2,1800,,10,O6418990,https://www.redfin.com/FL/Lake-Wales/10513-Lynnwood-Ave-33898/home/46203734,poinciana,33898
443 Ball Ct,Poinciana,FL,34759,220000,2,2,1176,100,single_family,L4962616,https://www.redfin.com/FL/Poinciana/443-Ball-Ct-34759/home/46161959,poinciana,34759
538 Lakeview Ct,Poinciana,FL,34759,220000,3,2,1349,83,single_family,O6388613,https://www.redfin.com/FL/Poinciana/538-Lakeview-Ct-34759/home/46107866,poinciana,34759
904 Robinson Ave,Saint Cloud,FL,34769,220000,2,1,672,,10,S5153666,https://www.redfin.com/FL/Saint-Cloud/904-Robinson-Ave-34769/home/46516758,poinciana,34769
2251 Temple Ln,Saint Cloud,FL,34769,220000,2,2,1170,10,10,O6409676,https://www.redfin.com/FL/Saint-Cloud/2251-Temple-Ln-34769/home/46536613,poinciana,34769
357 Thornbush Pkwy,Davenport,FL,33837,224000,3,2,1390,35,single_family,O6429153,https://www.redfin.com/FL/Davenport/357-Thornbush-Pkwy-33837/for-sale/46142230,poinciana,33837
110 Terrace Ridge Cir #110,Davenport,FL,33896,224900,3,2,1542,696,townhouse,O6431340,https://www.redfin.com/FL/Davenport/110-Terrace-Ridge-Cir-33896/unit-110/home/145422538,poinciana,33896
4167 Nelson Rd,Lake Wales,FL,33898,224900,3,2,1176,,single_family,P4939331,https://www.redfin.com/FL/Lake-Wales/4167-Nelson-Rd-33898/for-sale/46111817,poinciana,33898
451 Peace Ct,Poinciana,FL,34759,224900,3,2,1829,90,single_family,O6420990,https://www.redfin.com/FL/Poinciana/451-Peace-Ct-34759/home/46107997,poinciana,34759
26 Buck Cir,Haines City,FL,33844,225000,2,2,1230,185,single_family,L4963025,https://www.redfin.com/FL/Haines-City/26-Buck-Cir-33844/home/46239818,poinciana,33844
332 Victoria Dr,Haines City,FL,33844,225000,2,2,1183,387,10,P4939074,https://www.redfin.com/FL/Haines-City/332-Victoria-Dr-33844/home/46223102,poinciana,33844
1375 Tuscana Ln #1108,Davenport,FL,33896,225000,3,2,1210,751,townhouse,O6399759,https://www.redfin.com/FL/Davenport/1375-Tuscana-Ln-33896/unit-1108/home/46506539,poinciana,33896
142 Martha Dr,Lake Wales,FL,33898,225000,2,1,1080,,single_family,P4938962,https://www.redfin.com/FL/Lake-Wales/142-Martha-Dr-33898/home/46130657,poinciana,33898
4209 Jacaranda Dr,Lake Wales,FL,33898,225000,2,2,1152,60,single_family,P4937913,https://www.redfin.com/FL/Lake-Wales/4209-Jacaranda-Dr-33898/home/46256843,poinciana,33898
Doherty Dr,Lake Wales,FL,33898,225000,,,,,8,L4963920,https://www.redfin.com/FL/Lake-Wales/Doherty-Dr-33898/home/46145870,poinciana,33898
1828 Coriander Dr,Poinciana,FL,34759,225000,3,2,1056,223,single_family,O6401533,https://www.redfin.com/FL/Poinciana/1828-Coriander-Dr-34759/home/46089366,poinciana,34759
1824 Coriander Dr,Poinciana,FL,34759,225000,3,2,1056,223,single_family,O6403384,https://www.redfin.com/FL/Poinciana/1824-Coriander-Dr-34759/home/46089367,poinciana,34759
3936 Pemberly Pines Cir,Saint Cloud,FL,34769,225000,2,2,1268,308,condo,O6382983,https://www.redfin.com/FL/Saint-Cloud/3936-Pemberly-Pines-Cir-34769/home/46488804,poinciana,34769
1113 Michigan Ave,Saint Cloud,FL,34769,225000,,,,,8,S5137459,https://www.redfin.com/FL/Saint-Cloud/1113-Michigan-Ave-34769/home/46510316,poinciana,34769
8400 Breeze Hill Dr,Lake Wales,FL,33898,225999,3,2,1286,16,10,P4936508,https://www.redfin.com/FL/Lake-Wales/8400-Breeze-Hill-Dr-33898/home/46252139,poinciana,33898
442 Caraway Dr,Poinciana,FL,34759,227000,3,2,1794,316,single_family,S5146971,https://www.redfin.com/FL/Poinciana/442-Caraway-Dr-34759/home/46143980,poinciana,34759
7040 Tamarind Dr,Lake Wales,FL,33898,228000,2,2,1216,60,single_family,P4937482,https://www.redfin.com/FL/Lake-Wales/7040-Tamarind-Dr-33898/home/46256793,poinciana,33898
1705 Delaware Ave,Saint Cloud,FL,34769,228000,1,1,700,,single_family,O6402701,https://www.redfin.com/FL/Saint-Cloud/1705-Delaware-Ave-34769/home/46537018,poinciana,34769
8 Canterbury Dr,Haines City,FL,33844,229900,2,2.5,1956,,single_family,O6408066,https://www.redfin.com/FL/Haines-City/8-Canterbury-Dr-33844/home/46125856,poinciana,33844
8311 Foster Dr,Davenport,FL,33896,229900,3,2,1893,763,townhouse,O6412780,https://www.redfin.com/FL/Davenport/8311-Foster-Dr-33896/home/46506613,poinciana,33896
0 Highway 630 E #5,Lake Wales,FL,33898,229900,,,,350,8,R4910741,https://www.redfin.com/FL/Lake-Wales/Highway-630-33898/unit-5/home/199460951,poinciana,33898
455 Cart Ct,Poinciana,FL,34759,229900,3,2,1275,100,single_family,O6418343,https://www.redfin.com/FL/Poinciana/455-Cart-Ct-34759/home/46162385,poinciana,34759
2004 Viewfinder St,Poinciana,FL,34758,229990,2,2,1255,229,condo,S5138089,https://www.redfin.com/FL/Poinciana/2004-Viewfinder-St-34758/home/186884480,poinciana,34758
1443 Berry Ln,Davenport,FL,33837,230000,5,3,2522,66,single_family,S5154355,https://www.redfin.com/FL/Davenport/1443-Berry-Ln-33837/for-sale/182911433,poinciana,33837
2561 Penguin Blvd,Davenport,FL,33837,230000,3,2.5,1373,313,condo,S5153070,https://www.redfin.com/FL/Davenport/2561-Penguin-Blvd-33837/home/188716723,poinciana,33837
413 Eagle Ridge Dr #413,Davenport,FL,33837,230000,2,2,1270,622,townhouse,G5114670,https://www.redfin.com/FL/Davenport/413-Eagle-Ridge-Dr-33837/unit-413/home/202654579,poinciana,33837
Lake Shore Dr,Haines City,FL,33844,230000,,,,,8,S5152270,https://www.redfin.com/FL/Haines-City/Lake-Shore-Dr-33844/home/162599899,poinciana,33844
8568 Breeze Hill Dr,Lake Wales,FL,33898,230000,2,2,1296,16,10,L4960470,https://www.redfin.com/FL/Lake-Wales/8568-Breeze-Hill-Dr-33898/home/46252136,poinciana,33898
2337 Laura St,Lake Wales,FL,33898,230000,3,1.5,1091,,single_family,S5141708,https://www.redfin.com/FL/Lake-Wales/2337-Laura-St-33898/home/46187081,poinciana,33898
278 Anastasia Dr,Poinciana,FL,34759,230000,2,2,1317,441,condo,S5152557,https://www.redfin.com/FL/Poinciana/278-Anastasia-Dr-34759/home/46270858,poinciana,34759
360 Bass Ct,Poinciana,FL,34759,230000,2,1,1061,100,single_family,O6420772,https://www.redfin.com/FL/Poinciana/360-Bass-Ct-34759/home/46260326,poinciana,34759
632 Reindeer Dr,Poinciana,FL,34759,230000,2,2,1082,100,single_family,P4938948,https://www.redfin.com/FL/Poinciana/632-Reindeer-Dr-34759/home/46212162,poinciana,34759
1370 Pacific Rd,Poinciana,FL,34759,230000,3,2.5,1495,180,condo,G5112273,https://www.redfin.com/FL/Poinciana/1370-Pacific-Rd-34759/home/46089752,poinciana,34759
2690 Shiner Dr,Lake Wales,FL,33898,232000,2,2,1056,,10,L4964125,https://www.redfin.com/FL/Lake-Wales/2690-Shiner-Dr-33898/home/46140211,poinciana,33898
4815 Rigging St,Haines City,FL,33844,232500,3,2,1318,49,single_family,S5152061,https://www.redfin.com/FL/Haines-City/4815-Rigging-St-33844/home/188723351,poinciana,33844
622 Caribou Ct,Poinciana,FL,34759,233000,3,2,1357,100,single_family,S5154875,https://www.redfin.com/FL/Poinciana/622-Caribou-Ct-34759/for-sale/46213355,poinciana,34759
645 Linnet Ct,Poinciana,FL,34759,234900,3,2,1076,100,single_family,O6427314,https://www.redfin.com/FL/Poinciana/645-Linnet-Ct-34759/for-sale/46218413,poinciana,34759
1615 Cumin Dr,Poinciana,FL,34759,234900,3,2,1056,269,condo,O6428134,https://www.redfin.com/FL/Poinciana/1615-Cumin-Dr-34759/home/46089724,poinciana,34759
526 N Finch Ct,Poinciana,FL,34759,234900,3,2,1121,90,single_family,O6403190,https://www.redfin.com/FL/Poinciana/526-Finch-Ct-34759/home/46219457,poinciana,34759
487 Eaglecrest Dr,Haines City,FL,33844,235000,3,2,1414,14,single_family,L4964146,https://www.redfin.com/FL/Haines-City/487-Eaglecrest-Dr-33844/for-sale/146462886,poinciana,33844
418 Monroe Cir,Davenport,FL,33896,235000,3,2.5,1262,71,condo,O6419223,https://www.redfin.com/FL/Davenport/418-Monroe-Cir-33896/home/46302908,poinciana,33896
6543 Lure Ct,Lake Wales,FL,33898,235000,3,2,1152,,10,L4962833,https://www.redfin.com/FL/Lake-Wales/6543-Lure-Ct-33898/home/46128690,poinciana,33898
338 Kingfish Dr,Poinciana,FL,34759,235000,4,2,1645,90,single_family,O6421860,https://www.redfin.com/FL/Poinciana/338-Kingfish-Dr-34759/home/46103350,poinciana,34759
623 Wood Dr,Poinciana,FL,34759,235000,3,2,1679,100,single_family,O6424588,https://www.redfin.com/FL/Poinciana/623-Wood-Dr-34759/home/46162146,poinciana,34759
308 Big Sioux Ln,Poinciana,FL,34759,235000,4,2,2262,100,single_family,S5151798,https://www.redfin.com/FL/Poinciana/308-Big-Sioux-Ln-34759/home/46169859,poinciana,34759
113 Tulip Ln,Poinciana,FL,34759,235000,4,2,1414,150,single_family,O6417781,https://www.redfin.com/FL/Poinciana/113-Tulip-Ln-34759/home/46149857,poinciana,34759
525 Partridge Dr,Poinciana,FL,34759,235000,3,2,1201,90,single_family,O6405433,https://www.redfin.com/FL/Poinciana/525-Partridge-Dr-34759/home/46218616,poinciana,34759
1657 Cumin Dr,Poinciana,FL,34759,235000,3,2,1322,304,single_family,S5152536,https://www.redfin.com/FL/Poinciana/1657-Cumin-Dr-34759/home/46089746,poinciana,34759
1822 Coriander Dr,Poinciana,FL,34759,235000,3,2,1056,223,single_family,O6403359,https://www.redfin.com/FL/Poinciana/1822-Coriander-Dr-34759/home/46089368,poinciana,34759
1826 Coriander Dr,Poinciana,FL,34759,235000,3,2,1056,223,single_family,O6403416,https://www.redfin.com/FL/Poinciana/1826-Coriander-Dr-34759/home/46089365,poinciana,34759
2473 Independence Ln,Saint Cloud,FL,34772,235000,2,2,1556,120,10,O6415848,https://www.redfin.com/FL/Saint-Cloud/2473-Independence-Ln-34772/home/46573933,poinciana,34772
1939 Manatee Dr,Poinciana,FL,34759,235900,3,2,2500,100,single_family,S5146491,https://www.redfin.com/FL/Poinciana/1939-Manatee-Dr-34759/home/46108181,poinciana,34759
719 Waxwing Ct,Poinciana,FL,34759,237500,3,2,1236,103,single_family,O6424614,https://www.redfin.com/FL/Poinciana/719-Waxwing-Ct-34759/for-sale/46218872,poinciana,34759
3559 Reagan Blvd,Lake Wales,FL,33898,238700,3,2.5,1680,,10,K4903614,https://www.redfin.com/FL/Lake-Wales/3559-Reagan-Blvd-33898/home/46244398,poinciana,33898
4211 Hillock Blvd,Haines City,FL,33844,238990,3,2.5,1255,160,condo,TB8535624,https://www.redfin.com/FL/Haines-City/4211-Hillock-Blvd-33844/home/194085840,poinciana,33844
4223 Hillock Blvd,Haines City,FL,33844,238990,3,2.5,1255,160,condo,TB8535612,https://www.redfin.com/FL/Haines-City/4223-Hillock-Blvd-33844/home/194085837,poinciana,33844
4215 Hillock Blvd,Haines City,FL,33844,238990,3,2.5,1255,160,condo,TB8535621,https://www.redfin.com/FL/Haines-City/4215-Hillock-Blvd-33844/home/194085839,poinciana,33844
4219 Hillock Blvd,Haines City,FL,33844,238990,3,2.5,1255,160,condo,TB8535613,https://www.redfin.com/FL/Haines-City/4219-Hillock-Blvd-33844/home/194085838,poinciana,33844
1406 Finney Rd,Davenport,FL,33837,239000,3,2,1140,,single_family,O6428288,https://www.redfin.com/FL/Davenport/1406-Finney-Rd-33837/for-sale/46061855,poinciana,33837
1418 Massachussetts Ave,Saint Cloud,FL,34769,239000,2,2,806,,single_family,P4935850,https://www.redfin.com/FL/Saint-Cloud/1418-Massachusetts-Ave-34769/home/46510877,poinciana,34769
3100 Mark Ln,Lake Wales,FL,33898,239500,3,2.5,1512,5,10,O6402455,https://www.redfin.com/FL/Lake-Wales/3100-Mark-Ln-33898/home/92324833,poinciana,33898
1712 Lake Brown Dr,Haines City,FL,33844,239900,4,2,1320,,single_family,P4939327,https://www.redfin.com/FL/Haines-City/1712-Lake-Brown-Dr-33844/for-sale/46189892,poinciana,33844
32 Nottingham Way,Haines City,FL,33844,239900,2,2.5,1956,62,condo,O6422315,https://www.redfin.com/FL/Haines-City/32-Nottingham-Way-33844/home/46126163,poinciana,33844
838 Blackwood Dr,Lake Wales,FL,33898,239900,3,3,1680,,single_family,P4939466,https://www.redfin.com/FL/Lake-Wales/838-Blackwood-Dr-33898/for-sale/46247923,poinciana,33898
1561 Poe Rd,Lake Wales,FL,33898,239900,3,2,1456,,10,B4902079,https://www.redfin.com/FL/Lake-Wales/1561-Poe-Rd-33898/home/46268568,poinciana,33898
3736 Pine Cir,Lake Wales,FL,33898,239900,2,2,1006,,single_family,S5140625,https://www.redfin.com/FL/Lake-Wales/3736-Pine-Cir-33898/home/46111638,poinciana,33898
0 Highway 630 E #141,Lake Wales,FL,33898,239900,,,,350,8,R4910825,https://www.redfin.com/FL/Lake-Wales/0-Highway-630-E-33898/unit-141/home/200730314,poinciana,33898
0 Highway 630 E #139,Lake Wales,FL,33898,239900,,,,350,8,R4910822,https://www.redfin.com/FL/Lake-Wales/Highway-630-33898/unit-139/home/199461086,poinciana,33898
0 Highway 630 E #194,Lake Wales,FL,33898,239900,,,,350,8,R4910784,https://www.redfin.com/FL/Lake-Wales/0-Highway-630-E-33898/unit-194/home/200697739,poinciana,33898
511 Basil Ct,Poinciana,FL,34759,239900,3,2,1491,100,single_family,TB8536562,https://www.redfin.com/FL/Poinciana/511-Basil-Ct-34759/for-sale/46143523,poinciana,34759
350 W Aster Ct,Poinciana,FL,34759,239900,3,2,1263,100,single_family,P4939440,https://www.redfin.com/FL/Poinciana/350-W-Aster-Ct-34759/for-sale/46148217,poinciana,34759
503 Anise Ct,Poinciana,FL,34759,239900,3,2,1334,100,single_family,O6419403,https://www.redfin.com/FL/Poinciana/503-Anise-Ct-34759/home/46143490,poinciana,34759
1000 Valencia Ave,Haines City,FL,33844,239995,3,1.5,1011,,single_family,P4939304,https://www.redfin.com/FL/Haines-City/1000-Valencia-Ave-33844/for-sale/46199844,poinciana,33844
8363 Bella Tierra Ct,Davenport,FL,33896,239999,2,2,1504,718,townhouse,S5149600,https://www.redfin.com/FL/Davenport/8363-Bella-Tierra-Ct-33896/home/64041949,poinciana,33896
472 Sweetwater Way,Haines City,FL,33844,240000,2,2,1117,300,single_family,P4939438,https://www.redfin.com/FL/Haines-City/472-Sweetwater-Way-33844/for-sale/46266407,poinciana,33844
8221 Roseville Rd,Davenport,FL,33896,240000,3,2.5,1632,700,condo,S5152962,https://www.redfin.com/FL/Davenport/8221-Roseville-Blvd-33896/home/57346241,poinciana,33896
811 Ocean Course Ave #811,Davenport,FL,33896,240000,2,2,1388,598,townhouse,O6408573,https://www.redfin.com/FL/Davenport/811-Ocean-Course-AVE-33896/unit-811/home/201930526,poinciana,33896
1351 Tuscan Ter #8301,Davenport,FL,33896,240000,3,2,1244,751,townhouse,O6394595,https://www.redfin.com/FL/Davenport/1351-Tuscan-Ter-33896/unit-8301/home/46507878,poinciana,33896
1655 Cumin Dr,Poinciana,FL,34759,240000,3,2,1322,304,single_family,S5152014,https://www.redfin.com/FL/Poinciana/1655-Cumin-Dr-34759/home/46089745,poinciana,34759
202 Terrace Ridge Cir #202,Davenport,FL,33896,244500,4,2,1688,750,townhouse,O6407367,https://www.redfin.com/FL/Davenport/202-Terrace-Ridge-Cir-33896/unit-202/home/90709825,poinciana,33896
521 Eagle Ct,Poinciana,FL,34759,244900,4,2,1514,100,single_family,O6415936,https://www.redfin.com/FL/Poinciana/521-Eagle-Ct-34759/home/46219330,poinciana,34759
1802 Hudson Ct,Poinciana,FL,34759,244900,3,2,1467,100,single_family,O6419189,https://www.redfin.com/FL/Poinciana/1802-Hudson-Ct-34759/home/46108487,poinciana,34759
4227 Hillock Blvd,Haines City,FL,33844,244990,3,2.5,1279,160,condo,TB8535609,https://www.redfin.com/FL/Haines-City/4227-Hillock-Blvd-33844/home/194085836,poinciana,33844
2008 Lake Ellen Dr,Haines City,FL,33844,245000,3,2,1152,,10,O6415192,https://www.redfin.com/FL/Haines-City/2008-Lake-Ellen-Dr-33844/home/46282076,poinciana,33844
7077 Tamarind Way,Lake Wales,FL,33898,245000,2,2,1049,60,single_family,O6424567,https://www.redfin.com/FL/Lake-Wales/7077-Tamarind-Way-33898/for-sale/46256730,poinciana,33898
2060 Viewfinder St,Poinciana,FL,34758,245000,2,2.5,1275,223,condo,S5150191,https://www.redfin.com/FL/Poinciana/2060-Viewfinder-St-34758/home/186016002,poinciana,34758
3455 Fallbrook Dr,Poinciana,FL,34759,246900,2,2,1353,457,condo,S5153701,https://www.redfin.com/FL/Poinciana/3455-Fallbrook-Dr-34759/home/52800130,poinciana,34759
8213 Roseville Blvd,Davenport,FL,33896,248500,3,2.5,1632,703,condo,O6424447,https://www.redfin.com/FL/Davenport/8213-Roseville-Blvd-33896/home/57347789,poinciana,33896
503 Clubhouse Dr,Lake Wales,FL,33898,248900,2,2,1526,187,single_family,P4939325,https://www.redfin.com/FL/Lake-Wales/503-Clubhouse-Dr-33898/for-sale/46115412,poinciana,33898
8091 Brooksville Dr,Davenport,FL,33896,249000,3,2.5,1632,700,condo,O6420145,https://www.redfin.com/FL/Davenport/8091-Brooksville-Dr-33896/home/103848044,poinciana,33896
1064 Blackwolf Run Rd,Davenport,FL,33896,249000,2,2,1394,923,single_family,S5155385,https://www.redfin.com/FL/Davenport/1064-Blackwolf-Run-Rd-33896/for-sale/170049924,poinciana,33896
3606 Mayfair St,Poinciana,FL,34758,249000,3,2.5,1407,230,condo,O6393215,https://www.redfin.com/FL/Poinciana/3606-Mayfair-St-34758/home/194088788,poinciana,34758
437 Eagle Dr,Poinciana,FL,34759,249000,3,2,1100,100,single_family,O6428679,https://www.redfin.com/FL/Poinciana/437-Eagle-Dr-34759/for-sale/46220058,poinciana,34759
1215 Wisconsin Ave,St Cloud,FL,34769,249000,,,,,8,O6397838,https://www.redfin.com/FL/St-Cloud/1215-Wisconsin-Ave-34769/home/54719690,poinciana,34769
817 Ocean Course Ave #817,Davenport,FL,33896,249800,2,2,1388,662,townhouse,S5155308,https://www.redfin.com/FL/Davenport/817-Ocean-Course-AVE-33896/unit-817/home/204500069,poinciana,33896
342 Madison Dr,Davenport,FL,33837,249900,3,2.5,1404,339,condo,O6427204,https://www.redfin.com/FL/Davenport/342-Madison-Dr-33837/for-sale/170189926,poinciana,33837
3002 Canary Ave,Davenport,FL,33837,249900,3,2.5,1407,305,condo,O6412486,https://www.redfin.com/FL/Davenport/3002-Canary-Ave-33837/home/188716991,poinciana,33837
0 Highway 630 E #211,Lake Wales,FL,33898,249900,,,,350,8,R4910790,https://www.redfin.com/FL/Lake-Wales/Highway-630-33898/unit-211/home/199461158,poinciana,33898
441 Danube Dr,Poinciana,FL,34759,249900,3,2,1244,83,single_family,S5153320,https://www.redfin.com/FL/Poinciana/441-Danube-Dr-34759/home/46108291,poinciana,34759
252 Fig Ct,Poinciana,FL,34759,249900,4,2,1414,100,single_family,O6411693,https://www.redfin.com/FL/Poinciana/252-Fig-Ct-34759/home/46149312,poinciana,34759
1704 Missouri Ave,Saint Cloud,FL,34769,249900,3,2,1056,,10,W7887607,https://www.redfin.com/FL/Saint-Cloud/1704-Missouri-Ave-34769/home/46535897,poinciana,34769
4116 Orange Tree Ct,Saint Cloud,FL,34769,249900,3,2.5,1768,308,condo,S5149320,https://www.redfin.com/FL/Saint-Cloud/4116-Orange-Tree-Ct-34769/home/46488821,poinciana,34769
161 Mandovi St,Davenport,FL,33837,250000,3,2.5,1421,194,condo,O6426379,https://www.redfin.com/FL/Davenport/161-Mandovi-St-33837/home/181067135,poinciana,33837
221 Mandovi St,Davenport,FL,33837,250000,3,2.5,1480,194,condo,O6425315,https://www.redfin.com/FL/Davenport/221-Mandovi-St-33837/for-sale/181344885,poinciana,33837
2220 Pigeon Plum Dr,Haines City,FL,33844,250000,4,3,2476,75,single_family,S5154926,https://www.redfin.com/FL/Haines-City/2220-Pigeon-Plum-Dr-33844/for-sale/182912888,poinciana,33844
621 Silver Palm Dr,Haines City,FL,33844,250000,3,2,1560,6,single_family,O6429362,https://www.redfin.com/FL/Haines-City/621-Silver-Palm-Dr-33844/for-sale/182913014,poinciana,33844
663 Fairview Ave,Haines City,FL,33844,250000,3,2,1531,96,single_family,O6402618,https://www.redfin.com/FL/Haines-City/663-Fairview-Ave-33844/home/177181874,poinciana,33844
8323 Riverdale Ln #10123,Davenport,FL,33896,250000,3,2.5,2402,901,townhouse,S5147528,https://www.redfin.com/FL/Davenport/8323-Riverdale-Ln-33896/unit-10123/home/46506447,poinciana,33896
4258 Orchid Blvd,Lake Wales,FL,33898,250000,3,2,1387,60,single_family,P4936924,https://www.redfin.com/FL/Lake-Wales/4258-Orchid-Blvd-33898/home/46256792,poinciana,33898
327 Tindel Camp Rd,Lake Wales,FL,33898,250000,3,2,924,,10,O6305592,https://www.redfin.com/FL/Lake-Wales/327-Tindel-Camp-Rd-33898/home/46104017,poinciana,33898
2025 Viewfinder #2025,Poinciana,FL,34758,250000,2,2.5,1275,223,townhouse,A11960089,https://www.redfin.com/FL/Poinciana/2025-Viewfinder-St-34758/home/194088704,poinciana,34758
29 Herring Ct,Poinciana,FL,34759,250000,3,2,1270,100,single_family,P4939544,https://www.redfin.com/FL/Poinciana/29-Herring-Ct-34759/for-sale/46102299,poinciana,34759
3917 Natchez Trace Dr,Saint Cloud,FL,34769,250000,4,2,1248,18,single_family,S5154928,https://www.redfin.com/FL/Saint-Cloud/3917-Natchez-Trace-Dr-34769/for-sale/46532134,poinciana,34769
0 LA Salle Ave,St Cloud,FL,34772,250000,,,,,8,S5154531,https://www.redfin.com/FL/St-Cloud/La-Salle-Ave-34772/home/145536728,poinciana,34772
0 Henry J Ave,Saint Cloud,FL,34772,250000,,,,,8,S5151195,https://www.redfin.com/FL/Saint-Cloud/Henry-J-Ave-34772/home/193904493,poinciana,34772
2496 Bevel Ln,Davenport,FL,33837,253390,3,2.5,1378,170,condo,O6426028,https://www.redfin.com/FL/Davenport/2496-Bevel-Ln-33837/home/199465431,poinciana,33837
4254 Hillock Blvd,Haines City,FL,33844,254999,3,2.5,1534,160,condo,TB8520125,https://www.redfin.com/FL/Haines-City/4254-Hillock-Blvd-33844/home/194085758,poinciana,33844
,Davenport,FL,33837,255000,3,2,1480,301,condo,S5151500,https://www.redfin.com/FL/Davenport/Undisclosed-address-33837/home/181746674,poinciana,33837
505 Terrace Ridge Cir #505,Davenport,FL,33896,255000,4,2,1688,754,townhouse,O6425641,https://www.redfin.com/FL/Davenport/505-Terrace-Ridge-Cir-33896/unit-505/home/105554794,poinciana,33896
427 Lark Ct,Poinciana,FL,34759,255000,4,2,1893,100,single_family,TB8505126,https://www.redfin.com/FL/Poinciana/427-Lark-Ct-34759/home/46220170,poinciana,34759
704 Eola Way,Haines City,FL,33844,255150,4,3,1956,225,single_family,P4938938,https://www.redfin.com/FL/Haines-City/704-Eola-Way-33844/home/46062093,poinciana,33844
,Poinciana,FL,34758,256000,2,2.5,1187,196,condo,S5132925,https://www.redfin.com/FL/Poinciana/Undisclosed-address-34758/home/194088699,poinciana,34758
750 Pelican Ct,Poinciana,FL,34759,256900,3,2,1147,100,single_family,O6415918,https://www.redfin.com/FL/Poinciana/750-Pelican-Ct-34759/home/46219078,poinciana,34759
540 Bay Leaf Dr,Poinciana,FL,34759,257900,2,2,1208,331,condo,TB8514981,https://www.redfin.com/FL/Poinciana/540-Bay-Leaf-Dr-34759/home/154149315,poinciana,34759
2137 Emma Ln,Lake Wales,FL,33859,258900,3,2,1182,62,single_family,R4910288,https://www.redfin.com/FL/Lake-Wales/2137-Emma-Ln-33898/home/190108781,poinciana,33898
,Haines City,FL,33844,259000,3,2,1312,20,single_family,P4938442,https://www.redfin.com/FL/Haines-City/Undisclosed-address-33844/home/177182119,poinciana,33844
204 Grand Canal Dr,Poinciana,FL,34759,259000,2,2,1548,441,single_family,S5152651,https://www.redfin.com/FL/Poinciana/204-Grand-Canal-Dr-34759/home/46058261,poinciana,34759
1417 11th St,Saint Cloud,FL,34769,259000,2,1,788,,single_family,O6428731,https://www.redfin.com/FL/Saint-Cloud/1417-11th-St-34769/for-sale/46510334,poinciana,34769
1855 Bramblewood Dr,Saint Cloud,FL,34769,259000,4,2,1300,10,10,S5151715,https://www.redfin.com/FL/Saint-Cloud/1855-Bramblewood-Dr-34769/home/46536645,poinciana,34769
2320 Darby Ln,Saint Cloud,FL,34769,259000,3,2,1056,10,10,S5143333,https://www.redfin.com/FL/Saint-Cloud/2320-Darby-Ln-34769/home/46536617,poinciana,34769
2350 Aveeno Ave,Haines City,FL,33844,259900,3,2.5,1463,82,condo,O6416956,https://www.redfin.com/FL/Haines-City/2350-Aveeno-Ave-33844/home/199453870,poinciana,33844
2354 Aveeno Ave,Haines City,FL,33844,259900,3,2.5,1463,82,condo,O6416601,https://www.redfin.com/FL/Haines-City/2354-Aveeno-Ave-33844/home/199453869,poinciana,33844
0 Highway 630 E #7,Lake Wales,FL,33898,259900,,,,350,8,R4910778,https://www.redfin.com/FL/Lake-Wales/0-Highway-630-E-33898/unit-7/home/197914467,poinciana,33898
3497 Fallbrook Dr,Poinciana,FL,34759,259900,2,2,1499,457,single_family,O6415435,https://www.redfin.com/FL/Poinciana/3497-Fallbrook-Dr-34759/home/52800107,poinciana,34759
280 Fig Ct,Poinciana,FL,34759,259900,4,2,1414,103,single_family,O6419965,https://www.redfin.com/FL/Poinciana/280-Fig-Ct-34759/home/46149258,poinciana,34759
449 Danube Dr,Poinciana,FL,34759,259900,4,2,1583,100,single_family,O6417249,https://www.redfin.com/FL/Poinciana/449-Danube-Dr-34759/home/46108287,poinciana,34759
606 New York Ave Unit New York Ave,Saint Cloud,FL,34769,259900,2,1,800,,single_family,S5150283,https://www.redfin.com/FL/Saint-Cloud/606-New-York-Ave-34769/home/46509202,poinciana,34769
1089 Blue Jay Dr,Davenport,FL,33837,259990,3,2.5,1692,169,condo,O6430555,https://www.redfin.com/FL/Davenport/1089-Blue-Jay-Dr-33837/for-sale/177179873,poinciana,33837
282 Fig Ct,Poinciana,FL,34759,259990,4,2,1414,90,single_family,S5153052,https://www.redfin.com/FL/Poinciana/282-Fig-Ct-34759/home/46149265,poinciana,34759
2175 Doe Run Dr,Davenport,FL,33837,260000,4,2,1808,56,single_family,O6412929,https://www.redfin.com/FL/Davenport/2175-Doe-Run-Dr-33837/home/188718657,poinciana,33837
0 E Hinson Ave E,Haines City,FL,33844,260000,,,,,8,P4939436,https://www.redfin.com/FL/Haines-City/Hinson-Ave-E-33844/home/162598554,poinciana,33844
618 Caribou Ct,Poinciana,FL,34759,260000,3,2,988,100,single_family,O6432369,https://www.redfin.com/FL/Poinciana/618-Caribou-Ct-34759/for-sale/46213360,poinciana,34759
136 Sorrento Rd,Poinciana,FL,34759,260000,2,2,1467,442,single_family,S5151238,https://www.redfin.com/FL/Poinciana/136-Sorrento-Rd-34759/home/46057933,poinciana,34759
16 Perch Dr,Poinciana,FL,34759,260000,4,2,1768,100,single_family,S5150608,https://www.redfin.com/FL/Poinciana/16-Perch-Dr-34759/home/46100906,poinciana,34759
2309 Betsy Ross Ln #2309,St Cloud,FL,34769,260000,3,3,1273,324,townhouse,S5150740,https://www.redfin.com/FL/St-Cloud/2309-Betsy-Ross-Ln-34769/unit-2309/home/192796409,poinciana,34769
3200 Villa Way Cir,Saint Cloud,FL,34769,260000,3,2,1156,182,condo,O6421452,https://www.redfin.com/FL/Saint-Cloud/3200-Villa-Way-Cir-34769/home/46543565,poinciana,34769
2432 King Oak Ct,Saint Cloud,FL,34769,260000,3,2,1126,12900,condo,S5153028,https://www.redfin.com/FL/Saint-Cloud/2432-King-Oak-Ct-34769/home/46532080,poinciana,34769
524 Bay Leaf Dr,Poinciana,FL,34759,260900,2,2,1208,331,condo,TB8514993,https://www.redfin.com/FL/Poinciana/524-Bay-Leaf-Dr-34759/home/154149204,poinciana,34759
563 Bay Leaf Dr,Poinciana,FL,34759,261900,2,2.5,1445,304,condo,S5148968,https://www.redfin.com/FL/Poinciana/563-Bay-Leaf-Dr-34759/home/154150829,poinciana,34759
2501 King Oak Cir,Saint Cloud,FL,34769,262000,3,2,1126,132,single_family,O6421226,https://www.redfin.com/FL/Saint-Cloud/2501-King-Oak-Cir-34769/home/46532099,poinciana,34769
1177 Tupelo Trl,Haines City,FL,33844,262400,4,2,1959,4,single_family,O6416939,https://www.redfin.com/FL/Haines-City/1177-Tupelo-Trl-33844/home/179525429,poinciana,33844
1062 Sand Torch Cir,Davenport,FL,33837,264000,4,3,1649,225,condo,S5151741,https://www.redfin.com/FL/Davenport/1062-Sand-Torch-Cir-33837/home/182909417,poinciana,33837
3491 Allegra Cir,St Cloud,FL,34772,264000,3,2.5,1596,402,condo,O6403023,https://www.redfin.com/FL/St-Cloud/3491-Allegra-Cir-34772/home/53394111,poinciana,34772
100 Cimarron Ln,Poinciana,FL,34759,264900,3,2,1592,97,single_family,O6424694,https://www.redfin.com/FL/Poinciana/100-Cimarron-Ln-34759/for-sale/46169794,poinciana,34759
2791 King Oak Cir,Saint Cloud,FL,34769,264900,3,2,1126,132,condo,S5146558,https://www.redfin.com/FL/Saint-Cloud/2791-King-Oak-Cir-34769/home/46531992,poinciana,34769
528 Finch Ln,Poinciana,FL,34759,264990,3,2,1578,29,single_family,O6403502,https://www.redfin.com/FL/Poinciana/528-Finch-Ln-34759/home/46219415,poinciana,34759
2742 Masterpiece Rd,Lake Wales,FL,33898,265000,3,2,1144,,10,P4938739,https://www.redfin.com/FL/Lake-Wales/2742-Masterpiece-Rd-33898/home/46181265,poinciana,33898
4742 Cypress Dr,Lake Wales,FL,33898,265000,2,1,1364,,single_family,L4959042,https://www.redfin.com/FL/Lake-Wales/4742-Cypress-Dr-33898/home/46140166,poinciana,33898
528 Greenway Dr,Lake Wales,FL,33898,265000,2,2,1568,131,single_family,P4937757,https://www.redfin.com/FL/Lake-Wales/528-Greenway-Dr-33898/home/46115837,poinciana,33898
1444 Swift Ct,Poinciana,FL,34759,265000,4,2,1330,100,single_family,S5154969,https://www.redfin.com/FL/Poinciana/1444-Swift-Ct-34759/for-sale/46263471,poinciana,34759
1714 Pilchard Dr,Poinciana,FL,34759,265000,3,2,1858,23,single_family,O6428245,https://www.redfin.com/FL/Poinciana/1714-Pilchard-Dr-34759/for-sale/46101662,poinciana,34759
437 Jay Ct,Poinciana,FL,34759,265000,4,2,1690,100,single_family,O6425711,https://www.redfin.com/FL/Poinciana/437-Jay-Ct-34759/for-sale/46219622,poinciana,34759
3712 Bay Ct,Saint Cloud,FL,34769,265000,2,2,1136,310,single_family,S5154904,https://www.redfin.com/FL/Saint-Cloud/3712-Bay-Ct-34769/for-sale/46531909,poinciana,34769
4870 Spangle Dr,Saint Cloud,FL,34769,265000,3,2.5,1373,250,condo,S5154664,https://www.redfin.com/FL/Saint-Cloud/4870-Spangle-Dr-34769/home/188675469,poinciana,34769
718 Alabama Ave,Saint Cloud,FL,34769,265000,3,1,1256,,single_family,O6423273,https://www.redfin.com/FL/Saint-Cloud/718-Alabama-Ave-34769/home/46509950,poinciana,34769
544 Bay Leaf Dr,Poinciana,FL,34759,265900,2,2,1208,331,condo,TB8514966,https://www.redfin.com/FL/Poinciana/544-Bay-Leaf-Dr-34759/home/154149341,poinciana,34759
1702 Minnow Ct,Poinciana,FL,34759,267000,3,2,1761,100,single_family,O6410554,https://www.redfin.com/FL/Poinciana/1702-Minnow-Ct-34759/home/46101692,poinciana,34759
1125 Belfast Pl,Haines City,FL,33844,268000,3,2,1515,50,single_family,O6422556,https://www.redfin.com/FL/Haines-City/1125-Belfast-Pl-33844/home/191213549,poinciana,33844
109 Coventry Ln,Haines City,FL,33844,268000,2,3,1844,208,condo,O6416743,https://www.redfin.com/FL/Haines-City/109-Coventry-Ln-33844/home/46138912,poinciana,33844
3513 Dahlia Dr,Haines City,FL,33851,268888,3,2,1477,58,single_family,C7527108,https://www.redfin.com/FL/Haines-City/3513-Dahlia-Dr-33844/home/188719642,poinciana,33844
662 Fairview Ave,Haines City,FL,33844,269000,4,2,1830,141,single_family,O6426923,https://www.redfin.com/FL/Haines-City/662-Fairview-Ave-33844/for-sale/177181857,poinciana,33844
27 Magnolia Blossom Ln,Poinciana,FL,34759,269000,4,2,1819,91,single_family,S5153191,https://www.redfin.com/FL/Poinciana/27-Magnolia-Blossom-Ln-34759/home/46149687,poinciana,34759
1400 Sebring Way,Poinciana,FL,34759,269500,4,2,1349,100,single_family,O6425053,https://www.redfin.com/FL/Poinciana/1400-Sebring-Way-34759/for-sale/46255495,poinciana,34759
409 Stillwater Ln,Haines City,FL,33844,269900,3,2,1655,64,single_family,O6417068,https://www.redfin.com/FL/Haines-City/409-Stillwater-Ln-33844/home/168144703,poinciana,33844
2362 Aveeno Ave,Haines City,FL,33844,269900,3,2.5,1463,82,condo,O6416577,https://www.redfin.com/FL/Haines-City/2362-Aveeno-Ave-33844/home/199453867,poinciana,33844
0 Highway 630 E #409,Lake Wales,FL,33898,269900,,,,350,8,R4910808,https://www.redfin.com/FL/Lake-Wales/Highway-630-33898/unit-409/home/199461357,poinciana,33898
1608 Pilchard Ct,Poinciana,FL,34759,269900,4,2,1615,100,single_family,P4939279,https://www.redfin.com/FL/Poinciana/1608-Pilchard-Ct-34759/home/46101143,poinciana,34759
1627 Pickerel Ct,Poinciana,FL,34759,269900,3,2,1401,200,single_family,S5154225,https://www.redfin.com/FL/Poinciana/1627-Pickerel-Ct-34759/for-sale/46101119,poinciana,34759
106 Vista Dr,Poinciana,FL,34759,269900,3,2,1786,441,single_family,O6411500,https://www.redfin.com/FL/Poinciana/106-Vista-Dr-34759/home/46049804,poinciana,34759
1010 Dakota Ave,Saint Cloud,FL,34769,269900,4,2.5,1690,,single_family,R4911747,https://www.redfin.com/FL/Saint-Cloud/1010-Dakota-Ave-34769/for-sale/46510412,poinciana,34769
205 Tennessee St,Haines City,FL,33844,269990,3,2,1160,,single_family,O6427877,https://www.redfin.com/FL/Haines-City/205-Tennessee-St-33844/for-sale/46241210,poinciana,33844
2207 Portrait St,Poinciana,FL,34758,269990,3,2,1407,210,condo,S5138093,https://www.redfin.com/FL/Poinciana/2207-Portrait-St-34758/home/185360427,poinciana,34758
318 Annabelle Way,Davenport,FL,33837,270000,3,2.5,1606,357,condo,P4939094,https://www.redfin.com/FL/Davenport/318-Annabelle-Way-33837/home/154086968,poinciana,33837
2333 Penguin Blvd,Davenport,FL,33837,270000,3,2.5,1463,276,condo,O6421625,https://www.redfin.com/FL/Davenport/2333-Penguin-Blvd-33837/home/188716899,poinciana,33837
991 Old Cutler Rd,Lake Wales,FL,33898,270000,2,2,1216,70,single_family,P4938582,https://www.redfin.com/FL/Lake-Wales/991-Old-Cutler-Rd-33898/home/46115818,poinciana,33898
302 Brookshire Dr,Lake Wales,FL,33898,270000,3,2,1541,30,single_family,P4937728,https://www.redfin.com/FL/Lake-Wales/302-Brookshire-Dr-33898/home/46078172,poinciana,33898
29 Woodruff Way,Lake Wales,FL,33898,270000,2,2,1296,244,10,K4903571,https://www.redfin.com/FL/Lake-Wales/29-Woodruff-Way-33898/home/46098028,poinciana,33898
2494 Skyline Loop,Poinciana,FL,34759,270000,3,2.5,1834,125,condo,O6429616,https://www.redfin.com/FL/Poinciana/2494-Skyline-Loop-34758/for-sale/192023410,poinciana,34758
735 Colville Pl,Poinciana,FL,34759,270000,3,2,1242,33,single_family,S5150013,https://www.redfin.com/FL/Poinciana/735-Colville-Pl-34759/home/46170017,poinciana,34759
65 Zinnia Ln E,Poinciana,FL,34759,270000,3,2,1630,100,single_family,S5149220,https://www.redfin.com/FL/Poinciana/65-Zinnia-Ln-E-34759/home/46149089,poinciana,34759
909 Illinois Ave,Saint Cloud,FL,34769,270000,2,2,1447,175,single_family,O6430037,https://www.redfin.com/FL/Saint-Cloud/909-Illinois-Ave-34769/for-sale/46514998,poinciana,34769
1604 Swan Swim Dr,Davenport,FL,33837,270655,3,2.5,1463,203,condo,O6428387,https://www.redfin.com/FL/Davenport/1604-Swan-Swim-Dr-33837/home/188716701,poinciana,33837
1001 W Lake Marion Rd,Haines City,FL,33844,271900,,,,,8,P4939174,https://www.redfin.com/FL/Haines-City/1001-W-Lake-Marion-Rd-33844/home/46245964,poinciana,33844
567 Bay Leaf Dr,Poinciana,FL,34759,271900,3,2.5,1635,304,condo,S5149079,https://www.redfin.com/FL/Poinciana/567-Bay-Leaf-Dr-34759/home/154150804,poinciana,34759
572 Bay Leaf Dr,Poinciana,FL,34759,271900,3,2.5,1597,227,condo,O6405641,https://www.redfin.com/FL/Poinciana/572-Bay-Leaf-Dr-34759/home/154149517,poinciana,34759
2463 Independence Ln,Saint Cloud,FL,34772,271900,3,2,1860,120,10,O6396976,https://www.redfin.com/FL/Saint-Cloud/2463-Independence-Ln-34772/home/46573939,poinciana,34772
406 Tortosa Ct,Davenport,FL,33837,273000,2,2,1300,403,single_family,S5154122,https://www.redfin.com/FL/Davenport/406-Tortosa-Ct-33837/for-sale/170190105,poinciana,33837
2842 Waterlily Way,Poinciana,FL,34759,273000,4,2,1618,49,single_family,S5152672,https://www.redfin.com/FL/Poinciana/2842-Waterlily-Way-34759/home/188721399,poinciana,34759
111 Tuxford Dr,Haines City,FL,33844,274111,2,2,1809,87,single_family,O6418366,https://www.redfin.com/FL/Haines-City/111-Tuxford-Dr-33844/home/46133645,poinciana,33844
681 Ruth Ave,Haines City,FL,33844,274890,4,2,1733,91,single_family,O6412156,https://www.redfin.com/FL/Haines-City/681-Ruth-Ave-33844/for-sale/199459265,poinciana,33844
205 W Maple St,Davenport,FL,33837,274900,2,1,720,,single_family,P4938894,https://www.redfin.com/FL/Davenport/205-W-Maple-St-33837/home/46106492,poinciana,33837
477 Sweetwater Way,Haines City,FL,33844,274900,3,2,1835,300,single_family,O6431674,https://www.redfin.com/FL/Haines-City/477-Sweetwater-Way-33844/for-sale/46048365,poinciana,33844
8129 Roseville Rd,Davenport,FL,33896,274900,3,2.5,1632,700,condo,O6425054,https://www.redfin.com/FL/Davenport/8129-Roseville-Blvd-33896/home/56761321,poinciana,33896
5324 Fairmont Rd,Lake Wales,FL,33898,274900,2,2,1104,,single_family,K4903532,https://www.redfin.com/FL/Lake-Wales/5324-Fairmont-Rd-33898/home/46135840,poinciana,33898
1515 Indiana Ave,Saint Cloud,FL,34769,274900,4,2,1542,,single_family,TB8530263,https://www.redfin.com/FL/Saint-Cloud/1515-Indiana-Ave-34769/for-sale/46511538,poinciana,34769
4461 Arlington Ave,Saint Cloud,FL,34769,274900,3,2.5,1370,237,condo,O6416533,https://www.redfin.com/FL/Saint-Cloud/4461-Arlington-Ave-34769/home/184461158,poinciana,34769
2102 Parsley Dr,Haines City,FL,33844,274990,4,2,1733,177,single_family,O6429507,https://www.redfin.com/FL/Haines-City/2102-Parsley-Dr-33844/for-sale/194087314,poinciana,33844
509 Madison Dr,Davenport,FL,33837,274999,3,2.5,1480,301,condo,O6419836,https://www.redfin.com/FL/Davenport/509-Madison-Dr-33837/home/178767388,poinciana,33837
289 Gina Ln,Davenport,FL,33837,275000,3,2,1516,29,single_family,S5153928,https://www.redfin.com/FL/Davenport/289-Gina-Ln-33837/for-sale/177180303,poinciana,33837
365 Feltrim Reserve Blvd,Davenport,FL,33837,275000,3,2.5,1672,152,condo,O6412388,https://www.redfin.com/FL/Davenport/365-Feltrim-Reserve-Blvd-33837/home/173890057,poinciana,33837
2994 Canary Ave,Davenport,FL,33837,275000,3,2.5,1574,300,condo,S5151311,https://www.redfin.com/FL/Davenport/2994-Canary-Ave-33837/home/188716989,poinciana,33837
1321 Woodlark Dr,Haines City,FL,33844,275000,3,2,1383,7,single_family,S5154284,https://www.redfin.com/FL/Haines-City/1321-Woodlark-Dr-33844/for-sale/102396271,poinciana,33844
2393 Paulette Dr,Haines City,FL,33844,275000,3,2,1547,118,single_family,S5152279,https://www.redfin.com/FL/Haines-City/2393-Paulette-Dr-33844/home/46195636,poinciana,33844
1125 Avenue L,Haines City,FL,33844,275000,3,1,1496,,single_family,S5151699,https://www.redfin.com/FL/Haines-City/1125-Avenue-L-33844/for-sale/46199353,poinciana,33844
841 Brentwood Dr,Lake Wales,FL,33898,275000,3,2,1588,,single_family,W7888036,https://www.redfin.com/FL/Lake-Wales/841-Brentwood-Dr-33898/for-sale/46247987,poinciana,33898
3335 Composition St,Poinciana,FL,34758,275000,2,2.5,1180,230,condo,O6349080,https://www.redfin.com/FL/Poinciana/3335-Composition-St-34758/home/194088800,poinciana,34758
362 Lake Cassidy Dr,Poinciana,FL,34759,275000,3,2,1587,441,single_family,S5155073,https://www.redfin.com/FL/Poinciana/362-Lake-Cassidy-Dr-34759/for-sale/46270779,poinciana,34759
9 Flatfish Dr,Poinciana,FL,34759,275000,4,2,1825,100,single_family,S5154770,https://www.redfin.com/FL/Poinciana/9-Flatfish-Dr-34759/for-sale/46102110,poinciana,34759
303 Anchovie Ct,Poinciana,FL,34759,275000,3,2.5,1432,100,single_family,S5150231,https://www.redfin.com/FL/Poinciana/303-Anchovie-Ct-34759/home/46101407,poinciana,34759
137 Violet Ct,Poinciana,FL,34759,275000,4,2,1555,100,single_family,C7520696,https://www.redfin.com/FL/Poinciana/137-Violet-Ct-34759/home/46150370,poinciana,34759
1416 6th St,Saint Cloud,FL,34769,275000,2,1,808,,single_family,S5154589,https://www.redfin.com/FL/Saint-Cloud/1416-6th-St-34769/for-sale/46509527,poinciana,34769
1779 Barton Towne Cir,Saint Cloud,FL,34769,275000,3,2,1198,204,condo,S5153122,https://www.redfin.com/FL/Saint-Cloud/1779-Barton-Towne-Cir-34769/home/146040827,poinciana,34769
914 Michigan Ave,Saint Cloud,FL,34769,275000,2,2,1447,175,condo,S5152467,https://www.redfin.com/FL/Saint-Cloud/914-Michigan-Ave-34769/home/46515037,poinciana,34769
3435 Village Green Ct,Saint Cloud,FL,34772,275000,3,2.5,1499,170,condo,O6407705,https://www.redfin.com/FL/Saint-Cloud/3435-Village-Green-Ct-34772/home/46573878,poinciana,34772
2811 Waterlily Ln,Poinciana,FL,34759,275990,3,2,1504,119,single_family,O6431448,https://www.redfin.com/FL/Poinciana/2811-Waterlily-Way-34759/for-sale/188721706,poinciana,34759
3455 Sabatia Ln,Poinciana,FL,34759,275990,3,2,1504,119,single_family,O6431387,https://www.redfin.com/FL/Poinciana/3455-Sabatia-Ln-34759/for-sale/188721701,poinciana,34759
446 Cinnamon Dr,Poinciana,FL,34759,276000,4,2,1682,100,single_family,O6410740,https://www.redfin.com/FL/Poinciana/446-Cinnamon-Dr-34759/home/46144018,poinciana,34759
684 Ruth Ave,Haines City,FL,33844,276890,4,2,1733,91,single_family,O6425816,https://www.redfin.com/FL/Haines-City/684-Ruth-Ave-33844/for-sale/199459311,poinciana,33844
3372 Pine Lily Ave,Poinciana,FL,34759,276900,4,2,1665,109,single_family,O6428137,https://www.redfin.com/FL/Poinciana/3372-Pine-Lily-Ave-34759/home/188721543,poinciana,34759
2814 Waterlily Way,Poinciana,FL,34759,276990,3,2,1504,109,single_family,O6430791,https://www.redfin.com/FL/Poinciana/2814-Waterlily-Way-34759/for-sale/188721392,poinciana,34759
2263 Jennio Dr,Haines City,FL,33844,277890,3,2,1424,17,single_family,O6411508,https://www.redfin.com/FL/Haines-City/2263-Jennio-Dr-33844/home/199453894,poinciana,33844
4670 Capital Blvd,Saint Cloud,FL,34769,277900,3,2.5,1926,333,condo,S5141947,https://www.redfin.com/FL/Saint-Cloud/4670-Capital-Blvd-34769/home/46496896,poinciana,34769
520 Bay Leaf Dr,Poinciana,FL,34759,278900,3,2,1303,331,condo,TB8515013,https://www.redfin.com/FL/Poinciana/520-Bay-Leaf-Dr-34759/home/154149175,poinciana,34759
528 Bay Leaf Dr,Poinciana,FL,34759,278900,2,2,1208,331,condo,TB8514952,https://www.redfin.com/FL/Poinciana/528-Bay-Leaf-Dr-34759/home/154149232,poinciana,34759
536 Bay Leaf Dr,Poinciana,FL,34759,278900,3,2,1303,331,condo,TB8515000,https://www.redfin.com/FL/Poinciana/536-Bay-Leaf-Dr-34759/home/154149283,poinciana,34759
2428 Bluestone Rd,Haines City,FL,33844,278990,4,2.5,1874,51,single_family,O6398009,https://www.redfin.com/FL/Haines-City/2428-Bluestone-Rd-33844/for-sale/199456191,poinciana,33844
501 Eastlake Dr,Haines City,FL,33844,279000,2,2,1724,300,single_family,P4939326,https://www.redfin.com/FL/Haines-City/501-Eastlake-Dr-33844/for-sale/46266334,poinciana,33844
4604 Bernard Blvd,Haines City,FL,33844,279000,3,2,1725,56,single_family,S5152991,https://www.redfin.com/FL/Haines-City/4604-Bernard-Blvd-33844/home/182912412,poinciana,33844
352 Towns Cir,Haines City,FL,33844,279000,3,2,1282,60,single_family,G5114193,https://www.redfin.com/FL/Haines-City/352-Towns-Cir-33844/home/175854908,poinciana,33844
25294 Canterbury Dr,Lake Wales,FL,33898,279000,2,2,1135,,single_family,P4939205,https://www.redfin.com/FL/Lake-Wales/25294-Canterbury-Dr-33898/home/46207812,poinciana,33898
3365 Celena Cir,Saint Cloud,FL,34769,279000,3,2,1372,150,condo,S5154616,https://www.redfin.com/FL/Saint-Cloud/3365-Celena-Cir-34769/home/46477231,poinciana,34769
2286 Datura Loop,Saint Cloud,FL,34772,279000,2,2,1346,452,single_family,TB8535382,https://www.redfin.com/FL/Saint-Cloud/2286-Datura-Loop-34772/for-sale/170047561,poinciana,34772
20 Nottingham Way,Haines City,FL,33844,279500,2,2,2295,62,condo,P4939090,https://www.redfin.com/FL/Haines-City/20-Nottingham-Way-33844/home/46125891,poinciana,33844
6873 Wilbar Ln,Haines City,FL,33844,279900,,,,,8,P4938989,https://www.redfin.com/FL/Haines-City/6873-Wilbar-Ln-33844/home/46282092,poinciana,33844
725 Robin Ct,Poinciana,FL,34759,279900,3,2,1808,100,single_family,O6423849,https://www.redfin.com/FL/Poinciana/725-Robin-Ct-34759/for-sale/46218948,poinciana,34759
128 Willow Dr,Poinciana,FL,34759,279900,3,2,1555,100,single_family,O6426922,https://www.redfin.com/FL/Poinciana/128-Willow-Dr-34759/for-sale/46149176,poinciana,34759
624 Grand Canal Dr,Poinciana,FL,34759,279900,2,2,1543,429,single_family,S5152638,https://www.redfin.com/FL/Poinciana/624-Grand-Canal-Dr-34759/home/46062500,poinciana,34759
3430 5th St,Saint Cloud,FL,34769,279900,3,2,1528,,single_family,O6426463,https://www.redfin.com/FL/Saint-Cloud/3430-5th-St-34769/for-sale/46496177,poinciana,34769
1819 Kentucky Ave,St Cloud,FL,34769,279900,,,,,8,S5134879,https://www.redfin.com/FL/St-Cloud/1819-Kentucky-Ave-34769/home/198037138,poinciana,34769
2432 Seven Oaks Dr,Saint Cloud,FL,34772,279900,3,2.5,1550,215,condo,S5152780,https://www.redfin.com/FL/Saint-Cloud/2432-Seven-Oaks-Dr-34772/home/162740708,poinciana,34772
1181 Drop Ln #0,Davenport,FL,33896,279997,3,2,1787,658,townhouse,S5147338,https://www.redfin.com/FL/Davenport/1181-Drop-Ln-33896/for-sale/177669329,poinciana,33896
3255 Laurent Loop,Davenport,FL,33837,280000,3,2.5,1888,175,condo,O6432445,https://www.redfin.com/FL/Davenport/3255-Laurent-Loop-33837/for-sale/188715335,poinciana,33837
129 Holly Village Dr,Davenport,FL,33837,280000,3,2.5,1612,180,condo,S5153665,https://www.redfin.com/FL/Davenport/129-Holly-Village-Dr-33837/home/154090949,poinciana,33837
2359 White Cedar Way,Haines City,FL,33844,280000,4,2,1600,4,single_family,OM730076,https://www.redfin.com/FL/Haines-City/2359-White-Cedar-Way-33844/for-sale/181962437,poinciana,33844
839 Ofanto Way,Haines City,FL,33844,280000,3,2,1560,20,single_family,O6412390,https://www.redfin.com/FL/Haines-City/839-Ofanto-Way-33844/home/177182015,poinciana,33844
244 Church St,Lake Hamilton,FL,33851,280000,3,2,1483,47,single_family,TB8510113,https://www.redfin.com/FL/Lake-Hamilton/244-Church-St-33851/home/198752103,poinciana,33844
1109 N Platte Ln,Poinciana,FL,34759,280000,4,2,1747,100,single_family,O6429030,https://www.redfin.com/FL/Poinciana/1109-N-Platte-Ln-34759/for-sale/46170647,poinciana,34759
304 Begonia Ct,Poinciana,FL,34759,280000,4,2,1578,23,single_family,O6428429,https://www.redfin.com/FL/Poinciana/304-Begonia-Ct-34759/for-sale/46148656,poinciana,34759
1831 Manitoba Ct,Poinciana,FL,34759,280000,4,2,1632,99,single_family,TB8510996,https://www.redfin.com/FL/Poinciana/1831-Manitoba-Ct-34759/for-sale/46108302,poinciana,34759
610 Jaguar Ct,Poinciana,FL,34759,280000,3,2,1007,100,single_family,O6414488,https://www.redfin.com/FL/Poinciana/610-Jaguar-Ct-34759/home/46212710,poinciana,34759
674 Vineyard Way,Poinciana,FL,34759,280000,2,2,1387,264,single_family,S5152148,https://www.redfin.com/FL/Poinciana/674-Vineyard-Way-34759/for-sale/46048218,poinciana,34759
624 Illinois Ave,Saint Cloud,FL,34769,280000,2,1,816,,single_family,O6429090,https://www.redfin.com/FL/Saint-Cloud/624-Illinois-Ave-34769/for-sale/46509714,poinciana,34769
706 Jersey Ave,Saint Cloud,FL,34769,280000,2,1,912,,single_family,S5152244,https://www.redfin.com/FL/Saint-Cloud/706-Jersey-Ave-34769/home/46509931,poinciana,34769
3385 Linger Ln,Haines City,FL,33851,280490,3,2,1269,47,single_family,TB8529770,https://www.redfin.com/FL/Haines-City/3385-Linger-Ln-33844/for-sale/198751755,poinciana,33844
571 Bay Leaf Dr,Poinciana,FL,34759,281900,3,2.5,1795,299,condo,O6423758,https://www.redfin.com/FL/Poinciana/571-Bay-Leaf-Dr-34759/home/154150780,poinciana,34759
568 Bay Leaf Dr,Poinciana,FL,34759,281900,3,2.5,1795,299,condo,O6423754,https://www.redfin.com/FL/Poinciana/568-Bay-Leaf-Dr-34759/home/154149493,poinciana,34759
559 Bay Leaf Dr,Poinciana,FL,34759,281900,3,2.5,1795,227,condo,O6405630,https://www.redfin.com/FL/Poinciana/559-Bay-Leaf-Dr-34759/home/154150852,poinciana,34759
575 Bay Leaf Dr,Poinciana,FL,34759,281900,3,2.5,1795,299,condo,O6403148,https://www.redfin.com/FL/Poinciana/575-Bay-Leaf-Dr-34759/home/154150756,poinciana,34759
787 Ocean Course Ave,Davenport,FL,34747,281970,2,2,1388,554,townhouse,O6421996,https://www.redfin.com/FL/Davenport/787-Ocean-Course-Ave-33896/home/165987572,poinciana,33896
833 Ocean Course Ave #833,Davenport,FL,33896,282000,2,2,1388,550,townhouse,O6405143,https://www.redfin.com/FL/DAVENPORT/833-Ocean-Course-AVE-33896/unit-833/home/174853631,poinciana,33896
3391 Celena Cir,Saint Cloud,FL,34769,282000,3,2.5,1578,160,condo,S5148056,https://www.redfin.com/FL/Saint-Cloud/3391-Celena-Cir-34769/home/46477237,poinciana,34769
6747 Winterberry Dr,Lake Hamilton,FL,33851,282190,4,2,1589,58,single_family,O6413984,https://www.redfin.com/FL/Lake-Hamilton/6747-Winterberry-DR-33851/home/202139348,poinciana,33844
696 Ruth Ave,Haines City,FL,33844,282490,4,2,1985,91,single_family,O6426656,https://www.redfin.com/FL/Haines-City/696-Ruth-Ave-33844/for-sale/199459308,poinciana,33844
689 Ruth Ave,Haines City,FL,33844,282490,4,2,1985,91,single_family,O6420725,https://www.redfin.com/FL/Haines-City/689-Ruth-Ave-33844/home/199459267,poinciana,33844
3367 Pine Lily Ave,Poinciana,FL,34759,282900,4,2,1665,109,single_family,O6428242,https://www.redfin.com/FL/Poinciana/3367-Pine-Lily-Ave-34759/home/188721568,poinciana,34759
3010 Viceroy Ct,Poinciana,FL,34759,282900,4,2,1665,110,single_family,O6413486,https://www.redfin.com/FL/Poinciana/3010-Viceroy-Ct-34759/home/188721231,poinciana,34759
4340 Chester Springs Blvd,Davenport,FL,33837,283790,3,2.5,1699,219,condo,O6428534,https://www.redfin.com/FL/Davenport/4340-Chester-Springs-Blvd-33837/home/199452070,poinciana,33837
417 Sapphire Dr,Davenport,FL,33837,284000,3,2,1582,80,single_family,O6427794,https://www.redfin.com/FL/Davenport/417-Sapphire-Dr-33837/for-sale/154043678,poinciana,33837
511 Jacks Way,Davenport,FL,33837,284000,4,2,1498,54,single_family,S5152191,https://www.redfin.com/FL/Davenport/511-Jacks-Way-33837/home/173891039,poinciana,33837
1030 Twins St,Davenport,FL,33837,284740,3,2.5,1378,323,condo,O6411515,https://www.redfin.com/FL/Davenport/1030-Twins-St-33837/home/194078691,poinciana,33837
4348 Chester Springs Blvd,Davenport,FL,33837,284790,3,2.5,1699,219,condo,O6432394,https://www.redfin.com/FL/Davenport/4348-Chester-Springs-Blvd-33837/home/199452072,poinciana,33837
1104 Catskill Dr,Haines City,FL,33844,284900,3,2,1292,12,single_family,O6423801,https://www.redfin.com/FL/Haines-City/1104-Catskill-Dr-33844/home/173891644,poinciana,33844
417 Patricia Alford Dr,Haines City,FL,33844,284900,3,2,1282,22,single_family,TB8514675,https://www.redfin.com/FL/Haines-City/417-Patricia-Alford-Dr-33844/home/176324268,poinciana,33844
708 Antelope Way,Poinciana,FL,34759,284900,3,2,1300,100,single_family,O6417582,https://www.redfin.com/FL/Poinciana/708-Antelope-Way-34759/home/46213199,poinciana,34759
645 Parakeet Ct,Poinciana,FL,34759,284990,2,2,1239,90,single_family,C7525725,https://www.redfin.com/FL/Poinciana/645-Parakeet-Ct-34759/home/46218486,poinciana,34759
490 Taft Dr,Davenport,FL,33837,285000,4,2,1767,13,single_family,O6327270,https://www.redfin.com/FL/Davenport/490-Taft-Dr-33837/home/171115965,poinciana,33837
135 Jessamine Dr,Davenport,FL,33837,285000,3,2,1644,70,single_family,S5153212,https://www.redfin.com/FL/Davenport/135-Jessamine-Dr-33837/home/46303184,poinciana,33837
2307 Burney Falls Ln,Davenport,FL,33837,285000,3,2,1432,52,single_family,O6412703,https://www.redfin.com/FL/Davenport/2307-Burney-Falls-Ln-33837/home/188716162,poinciana,33837
218 Diamond Acres Rd,Davenport,FL,33837,285000,4,2,1620,,10,O6428567,https://www.redfin.com/FL/Davenport/218-Diamond-Acres-Rd-33837/home/46124709,poinciana,33837
229 Sandestin Dr,Haines City,FL,33844,285000,3,2,1542,100,single_family,G5116002,https://www.redfin.com/FL/Haines-City/229-Sandestin-Dr-33844/for-sale/144423432,poinciana,33844
813 Sheen Cir,Haines City,FL,33844,285000,4,2,1788,250,single_family,L4963992,https://www.redfin.com/FL/Haines-City/813-Sheen-Cir-33844/for-sale/46087976,poinciana,33844
13 Sun Air Blvd E,Haines City,FL,33844,285000,2,2,1406,,single_family,L4962478,https://www.redfin.com/FL/Haines-City/13-Sun-Air-Blvd-E-33844/home/46239375,poinciana,33844
659 Ocean Course Ave #659,Davenport,FL,33896,285000,2,2,1388,687,townhouse,O6421684,https://www.redfin.com/FL/DAVENPORT/659-Ocean-Course-AVE-33896/unit-659/home/175900056,poinciana,33896
857 Ocean Course Ave #857,Davenport,FL,33896,285000,2,2,1388,687,townhouse,O6421683,https://www.redfin.com/FL/DAVENPORT/857-Ocean-Course-AVE-33896/unit-857/home/183022836,poinciana,33896
8106 Roseville Rd,Davenport,FL,33896,285000,3,2.5,1632,700,condo,S5149262,https://www.redfin.com/FL/Davenport/8106-Roseville-Blvd-33896/home/56783133,poinciana,33896
6518 Old Tampa Hwy Unit B,Davenport,FL,33896,285000,,,,,8,O6398839,https://www.redfin.com/FL/Davenport/6518-Old-Tampa-Hwy-33896/unit-B/home/201372105,poinciana,33896
1124 Saint Anne Shrine Rd,Lake Wales,FL,33898,285000,3,1,1060,,single_family,P4938102,https://www.redfin.com/FL/Lake-Wales/1124-Saint-Anne-Shrine-Rd-33898/home/46154389,poinciana,33898
,Poinciana,FL,34759,285000,3,2,1445,100,single_family,S5155318,https://www.redfin.com/FL/Poinciana/Undisclosed-address-34759/for-sale/46260307,poinciana,34759
216 Fig Ct,Poinciana,FL,34759,285000,4,2.5,1852,100,single_family,O6429893,https://www.redfin.com/FL/Poinciana/216-Fig-Ct-34759/for-sale/46149273,poinciana,34759
380 Sorrento Rd,Poinciana,FL,34759,285000,3,2,1786,442,single_family,O6416806,https://www.redfin.com/FL/Poinciana/380-Sorrento-Rd-34759/home/46064460,poinciana,34759
3420 Fallbrook Dr,Poinciana,FL,34759,285000,2,2,1499,457,single_family,S5152829,https://www.redfin.com/FL/Poinciana/3420-Fallbrook-Dr-34759/home/97826035,poinciana,34759
2900 Waterlily Way,Poinciana,FL,34759,285000,3,2,1600,85,single_family,O6427811,https://www.redfin.com/FL/Poinciana/2900-Waterlily-Way-34759/for-sale/188721414,poinciana,34759
50 Sawfish Ct,Poinciana,FL,34759,285000,3,2,1612,,single_family,S5151540,https://www.redfin.com/FL/Poinciana/50-Sawfish-Ct-34759/home/46102017,poinciana,34759
1623 12th St,Saint Cloud,FL,34769,285000,4,2,1558,,single_family,O6391369,https://www.redfin.com/FL/Saint-Cloud/1623-12th-St-34769/for-sale/46511118,poinciana,34769
924 Virginia Ave,Saint Cloud,FL,34769,285000,2,2,1113,150,condo,S5150688,https://www.redfin.com/FL/Saint-Cloud/924-Virginia-Ave-34769/home/46512912,poinciana,34769
2516 Datura Loop,Saint Cloud,FL,34772,285000,2,2,1346,452,condo,O6420120,https://www.redfin.com/FL/Saint-Cloud/2516-Datura-Loop-34772/home/170047621,poinciana,34772
3334 Wandel Ter,Davenport,FL,33837,285315,3,2.5,1460,170,condo,O6429249,https://www.redfin.com/FL/Davenport/3334-Wandel-Ter-33837/home/199465510,poinciana,33837
3393 Celena Cir,Saint Cloud,FL,34769,285800,3,2.5,1578,160,condo,V4949053,https://www.redfin.com/FL/Saint-Cloud/3393-Celena-Cir-34769/home/46477242,poinciana,34769
1183 Cumberland Trail Dr,Haines City,FL,33844,285990,3,2,1504,52,single_family,O6429812,https://www.redfin.com/FL/Haines-City/1183-Cumberland-Trail-Dr-33844/for-sale/199456027,poinciana,33844
2356 Penguin Blvd,Davenport,FL,33837,287500,3,2.5,1515,203,condo,O6426440,https://www.redfin.com/FL/Davenport/2356-Penguin-Blvd-33837/home/188716781,poinciana,33837
147 Minniehaha Cir,Haines City,FL,33844,287500,4,3,1956,233,single_family,L4963744,https://www.redfin.com/FL/Haines-City/147-Minniehaha-Cir-33844/for-sale/46071552,poinciana,33844
2109 Emma Ln,Lake Wales,FL,33859,287654,3,2,1266,62,single_family,R4909719,https://www.redfin.com/FL/Lake-Wales/2109-Emma-Ln-33898/home/194082627,poinciana,33898
1025 Ambleside Dr,Haines City,FL,33844,287990,4,2.5,1964,50,single_family,C7529155,https://www.redfin.com/FL/Haines-City/1025-Ambleside-Dr-33844/for-sale/190679372,poinciana,33844
1702 Flag St,Haines City,FL,33844,287990,3,2,1350,109,single_family,O6423956,https://www.redfin.com/FL/Haines-City/1702-Flag-St-33844/home/199455187,poinciana,33844
3459 Sabatia Ln,Poinciana,FL,34759,287990,4,2,1665,119,single_family,O6431398,https://www.redfin.com/FL/Poinciana/3459-Sabatia-Ln-34759/for-sale/188721702,poinciana,34759
1751 Vanilla St,Haines City,FL,33844,287999,3,2,1615,59,single_family,TB8535242,https://www.redfin.com/FL/Haines-City/1751-Vanilla-St-33844/for-sale/194087523,poinciana,33844
116 Coventry Ln,Haines City,FL,33844,287999,3,3,1844,225,condo,P4939178,https://www.redfin.com/FL/Haines-City/116-Coventry-Ln-33844/home/46138900,poinciana,33844
141 Flatfish Ct,Poinciana,FL,34759,288000,4,2,1942,100,single_family,TB8525879,https://www.redfin.com/FL/Poinciana/141-Flatfish-Ct-34759/home/46101915,poinciana,34759
5377 Willow Crk,Haines City,FL,33844,288490,3,2,1302,51,single_family,O6424747,https://www.redfin.com/FL/Haines-City/5377-Willow-Crk-33844/for-sale/199453136,poinciana,33844
3463 Sabatia Ln,Poinciana,FL,34759,288490,4,2,1665,119,single_family,O6431411,https://www.redfin.com/FL/Poinciana/3463-Sabatia-Ln-34759/for-sale/188721703,poinciana,34759
1365 June Lake Loop,Lake Hamilton,FL,33851,289000,4,2,1607,47,single_family,TB8526959,https://www.redfin.com/FL/Lake-Hamilton/1365-June-Lake-Loop-33851/home/198751701,poinciana,33844
400 Paradise Woods Ct,Davenport,FL,33896,289000,3,2,1232,83,single_family,O6387989,https://www.redfin.com/FL/Davenport/400-Paradise-Woods-Ct-33896/for-sale/46298525,poinciana,33896
1981 Lemon Dr,Lake Wales,FL,33898,289000,3,2,1148,16,single_family,P4939306,https://www.redfin.com/FL/Lake-Wales/1981-Lemon-Dr-33898/for-sale/203132090,poinciana,33898
1623 Redfin Dr,Poinciana,FL,34759,289000,3,2,1250,97,single_family,S5154791,https://www.redfin.com/FL/Poinciana/1623-Redfin-Dr-34759/for-sale/46101078,poinciana,34759
1216 7th St,Saint Cloud,FL,34769,289000,2,2,819,,single_family,O6429356,https://www.redfin.com/FL/Saint-Cloud/1216-7th-St-34769/for-sale/46509186,poinciana,34769
3375 Pine Lily Ave,Poinciana,FL,34759,289490,4,2,1665,119,single_family,O6431374,https://www.redfin.com/FL/Poinciana/3375-Pine-Lily-Ave-34759/for-sale/188721570,poinciana,34759
1341 Derry Ave,Haines City,FL,33844,289500,3,2,1615,51,single_family,S5153902,https://www.redfin.com/FL/Haines-City/1341-Derry-Ave-33844/for-sale/190072250,poinciana,33844
2112 Emma Ln,Lake Wales,FL,33898,289762,3,2,1586,62,single_family,R4910659,https://www.redfin.com/FL/Lake-Wales/2112-Emma-Ln-33898/home/194082606,poinciana,33898
207 High Ridge Dr,Davenport,FL,33837,289900,4,2,1471,40,single_family,S5154442,https://www.redfin.com/FL/Davenport/207-High-Ridge-Dr-33837/for-sale/46053482,poinciana,33837
23 Anchor Inn Rd,Lake Wales,FL,33898,289900,2,1.5,728,,10,K4903318,https://www.redfin.com/FL/Lake-Wales/23-Anchor-Inn-Rd-33898/home/46159650,poinciana,33898
0 Highway 630 E #329,Lake Wales,FL,33898,289900,1,1,350,350,10,R4910783,https://www.redfin.com/FL/Lake-Wales/0-Highway-630-E-33898/unit-329/home/200696910,poinciana,33898
204 Hyacinth Ct,Poinciana,FL,34759,289900,4,2,1869,100,single_family,O6429889,https://www.redfin.com/FL/Poinciana/204-Hyacinth-Ct-34759/for-sale/46148715,poinciana,34759
356 Gardenia Ct,Poinciana,FL,34759,289900,4,2,1669,103,single_family,O6431484,https://www.redfin.com/FL/Poinciana/Undisclosed-address-34759/for-sale/46148930,poinciana,34759
236 Elm Ct,Poinciana,FL,34759,289900,4,2,1924,88,single_family,S5153090,https://www.redfin.com/FL/Poinciana/236-Elm-Ct-34759/home/46149192,poinciana,34759
225 Mississippi Ave,Saint Cloud,FL,34769,289900,2,2,1028,,single_family,S5154170,https://www.redfin.com/FL/Saint-Cloud/225-Mississippi-Ave-34769/for-sale/46512545,poinciana,34769
5479 Maddie Dr,Haines City,FL,33844,289990,3,2,1405,58,single_family,O6421701,https://www.redfin.com/FL/Haines-City/5479-Maddie-Dr-33844/home/184459855,poinciana,33844
3509 Dahlia Dr,Haines City,FL,33851,289990,4,2,1666,58,single_family,C7527154,https://www.redfin.com/FL/Haines-City/3509-Dahlia-Dr-33844/home/188719643,poinciana,33844
3217 Warwick Pl,Haines City,FL,33844,289990,3,2,1582,50,single_family,C7527102,https://www.redfin.com/FL/Haines-City/3217-Warwick-Pl-33844/home/194086633,poinciana,33844
1585 Sage Ave,Haines City,FL,33844,289999,3,2,1615,59,single_family,TB8535239,https://www.redfin.com/FL/Haines-City/1585-Sage-Ave-33844/for-sale/194087465,poinciana,33844
4258 Hillock Blvd,Haines City,FL,33844,289999,4,2.5,1866,160,condo,TB8520128,https://www.redfin.com/FL/Haines-City/4258-Hillock-Blvd-33844/home/194085759,poinciana,33844
1403 Madison Cir,Haines City,FL,33844,290000,3,2,1320,83,single_family,G5115197,https://www.redfin.com/FL/Haines-City/1403-Madison-Cir-33844/for-sale/182913488,poinciana,33844
3577 Yarian Dr,Haines City,FL,33844,290000,3,2,1725,56,single_family,O6417908,https://www.redfin.com/FL/Haines-City/3577-Yarian-Dr-33844/home/177144800,poinciana,33844
2019 Kingsmen Ct,Haines City,FL,33844,290000,3,2,1489,50,single_family,TB8523154,https://www.redfin.com/FL/Haines-City/2019-Kingsmen-Ct-33844/home/190720976,poinciana,33844
2452 Skyline Loop,Poinciana,FL,34758,290000,3,2.5,1840,125,condo,S5153808,https://www.redfin.com/FL/Poinciana/2452-Skyline-Loop-34758/for-sale/191022720,poinciana,34758
102 Conch Way,Poinciana,FL,34759,290000,4,2,1584,100,single_family,C7528891,https://www.redfin.com/FL/Poinciana/102-Conch-Way-34759/for-sale/46102614,poinciana,34759
464 Danube Dr,Poinciana,FL,34759,290000,3,2,1564,85,single_family,O6426020,https://www.redfin.com/FL/Poinciana/464-Danube-Dr-34759/for-sale/46107963,poinciana,34759
342 Puffer Ct,Poinciana,FL,34759,290000,4,2.5,2094,100,single_family,O6409041,https://www.redfin.com/FL/Poinciana/342-Puffer-Ct-34759/home/46101419,poinciana,34759
704 Caracara Ct,Poinciana,FL,34759,290000,4,2,1903,100,single_family,B26032767,https://www.redfin.com/FL/Poinciana/704-Caracara-Ct-34759/home/46218898,poinciana,34759
1220 N Platte Ct E,Poinciana,FL,34759,290000,3,2,1348,100,single_family,S5151208,https://www.redfin.com/FL/Poinciana/1220-N-Platte-Ct-34759/home/46170826,poinciana,34759
3415 Celena Cir,Saint Cloud,FL,34769,290000,2,2,1257,150,condo,O6319487,https://www.redfin.com/FL/Saint-Cloud/3415-Celena-Cir-34769/home/46475940,poinciana,34769
1471 Plank Pl,Davenport,FL,33837,290578,3,2.5,1488,224,condo,S5153664,https://www.redfin.com/FL/Davenport/1471-Plank-Pl-33837/home/188714924,poinciana,33837
414 Caribbean Ct,Poinciana,FL,34759,290900,3,2,1471,100,single_family,S5149119,https://www.redfin.com/FL/Poinciana/414-Caribbean-Ct-34759/for-sale/46256423,poinciana,34759
2818 Waterlily Way,Poinciana,FL,34759,290990,4,2,1665,109,single_family,O6431435,https://www.redfin.com/FL/Poinciana/2818-Waterlily-Way-34759/for-sale/188721393,poinciana,34759
1120 N Illinois Ave,Saint Cloud,FL,34769,291000,3,2.5,1483,143,condo,O6412413,https://www.redfin.com/FL/Saint-Cloud/1120-Illinois-Ave-34769/home/46515002,poinciana,34769
2703 Ginger Ln,Haines City,FL,33844,291990,4,2.5,1910,177,single_family,O6429467,https://www.redfin.com/FL/Haines-City/2703-Ginger-Ln-33844/for-sale/194087227,poinciana,33844
4238 Hillock Blvd,Haines City,FL,33844,292999,4,2.5,1866,160,condo,TB8520108,https://www.redfin.com/FL/Haines-City/4238-Hillock-Blvd-33844/home/194085754,poinciana,33844
424 Liberty Bnd,Haines City,FL,33844,293590,3,2,1480,125,single_family,O6430036,https://www.redfin.com/FL/Haines-City/424-Liberty-Bnd-33844/for-sale/204346232,poinciana,33844
274 Elm Ct,Poinciana,FL,34759,294000,4,2,1764,100,single_family,O6416185,https://www.redfin.com/FL/Poinciana/274-Elm-Ct-34759/home/46149231,poinciana,34759
1766 Grandiose Dr,Haines City,FL,33851,294490,4,2,1665,51,single_family,O6430615,https://www.redfin.com/FL/Haines-City/1766-Grandiose-Dr-33844/for-sale/199455876,poinciana,33844
701 Benoi Dr,Davenport,FL,33896,294990,2,2.5,1609,468,condo,O6405627,https://www.redfin.com/FL/Davenport/701-Benoi-Dr-33896/home/173889111,poinciana,33896
433 Caribbean Ct,Poinciana,FL,34759,294990,3,2,1328,81,single_family,O6405875,https://www.redfin.com/FL/Poinciana/433-Caribbean-Ct-34759/home/46256412,poinciana,34759
4430 Riverbend Blvd,Haines City,FL,33844,294999,3,2,1615,51,single_family,TB8525681,https://www.redfin.com/FL/Haines-City/4430-Riverbend-Blvd-33844/home/199454786,poinciana,33844
2388 Datura Loop,Saint Cloud,FL,34772,294999,2,2,1351,452,single_family,A4683880,https://www.redfin.com/FL/Saint-Cloud/2388-Datura-Loop-34772/home/162456739,poinciana,34772
1663 Rosydale Cir,Davenport,FL,33837,295000,3,2,1625,8,single_family,O6410401,https://www.redfin.com/FL/Davenport/1663-Rosydale-Cir-33837/home/182911168,poinciana,33837
1229 Yellow Finch Dr,Davenport,FL,33837,295000,3,2.5,1692,169,condo,G5114317,https://www.redfin.com/FL/Davenport/1229-Yellow-Finch-Dr-33837/home/177179899,poinciana,33837
1084 Patriot Loop,Haines City,FL,33844,295000,3,2,1584,109,single_family,O6430689,https://www.redfin.com/FL/Haines-City/1084-Patriot-Loop-33844/for-sale/188195329,poinciana,33844
132 Golf Aire Blvd,Haines City,FL,33844,295000,3,2,1844,25,single_family,P4939335,https://www.redfin.com/FL/Haines-City/132-Golf-Aire-Blvd-33844/for-sale/46234958,poinciana,33844
954 Revere Ave,Haines City,FL,33844,295000,4,2,1792,54,single_family,O6400757,https://www.redfin.com/FL/Haines-City/954-Revere-Ave-33844/for-sale/46087958,poinciana,33844
264 Chicago Ave W,Haines City,FL,33844,295000,3,2,1774,29,single_family,O6396679,https://www.redfin.com/FL/Haines-City/264-Chicago-Ave-33844/home/46088071,poinciana,33844
,Poinciana,FL,34759,295000,2,2,1574,441,single_family,O6424866,https://www.redfin.com/FL/Poinciana/Undisclosed-address-34759/for-sale/46300233,poinciana,34759
713 Swallow Ln,Poinciana,FL,34759,295000,3,2,1347,100,single_family,S5153215,https://www.redfin.com/FL/Poinciana/713-Swallow-Ln-34759/home/46218902,poinciana,34759
2185 Rock Dr,Poinciana,FL,34759,295000,4,2,1449,100,single_family,TB8522100,https://www.redfin.com/FL/Poinciana/2185-Rock-Dr-34759/home/46171393,poinciana,34759
601 Louisiana Ave,Saint Cloud,FL,34769,295000,3,1,1200,,single_family,O6416341,https://www.redfin.com/FL/Saint-Cloud/601-Louisiana-Ave-34769/home/46509415,poinciana,34769
432 Liberty Bnd,Haines City,FL,33844,295690,3,2,1480,125,single_family,O6430039,https://www.redfin.com/FL/Haines-City/432-Liberty-Bnd-33844/for-sale/204346317,poinciana,33844
1559 Gardiner St,Haines City,FL,33844,295990,3,2,1520,141,single_family,O6418168,https://www.redfin.com/FL/Haines-City/1559-Gardiner-St-33844/home/182914026,poinciana,33844
217 Begonia Ln,Poinciana,FL,34759,295999,3,2,1568,100,single_family,TB8521015,https://www.redfin.com/FL/Poinciana/217-Begonia-Ln-34759/home/46148946,poinciana,34759
230 Bay Dr,Poinciana,FL,34759,296000,2,2,1489,441,single_family,S5151874,https://www.redfin.com/FL/Poinciana/230-Bay-Dr-34759/for-sale/46270841,poinciana,34759
3533 Dahlia Dr,Haines City,FL,33851,296990,4,2,1666,58,single_family,C7528525,https://www.redfin.com/FL/Haines-City/3533-Dahlia-Dr-33844/for-sale/188719637,poinciana,33844
173 Tracy Cir,Haines City,FL,33844,297000,3,2,1788,30,single_family,O6409699,https://www.redfin.com/FL/Haines-City/173-Tracy-Cir-33844/home/63495680,poinciana,33844
858 Ballantyne Dr,Lake Wales,FL,33898,297000,3,2,1434,45,single_family,P4938631,https://www.redfin.com/FL/Lake-Wales/858-Ballantyne-Dr-33898/home/188720389,poinciana,33898
807 Tennessee Ave,Saint Cloud,FL,34769,297000,2,2,1160,,single_family,O6389645,https://www.redfin.com/FL/Saint-Cloud/807-Tennessee-Ave-34769/home/46510149,poinciana,34769
2504 Peony Pl,Haines City,FL,33851,298000,3,2.5,1604,57,single_family,O6429587,https://www.redfin.com/FL/Haines-City/2504-Peony-Pl-33844/for-sale/188720118,poinciana,33844
632 Taylor Grove Lain,Lake Wales,FL,33898,298000,3,2.5,,75,single_family,A11969707,https://www.redfin.com/FL/Lake-Wales/632-Taylor-Groves-Ln-33898/home/194082648,poinciana,33898
319 Castleview Dr,Davenport,FL,33837,298490,3,2,1570,91,single_family,O6417819,https://www.redfin.com/FL/Davenport/319-Castleview-DR-33837/home/202288841,poinciana,33837
309 Wild Forrest Dr,Davenport,FL,33837,299000,3,2,1325,25,single_family,O6426181,https://www.redfin.com/FL/Davenport/309-Wild-Forrest-Dr-33837/for-sale/46105964,poinciana,33837
1411 Woodlark Dr,Haines City,FL,33844,299000,4,2.5,2028,10,single_family,O6428692,https://www.redfin.com/FL/Haines-City/1411-Woodlark-Dr-33844/for-sale/113028840,poinciana,33844
360 Towns Cir,Haines City,FL,33844,299000,4,2,1791,60,single_family,TB8531742,https://www.redfin.com/FL/Haines-City/360-Towns-Cir-33844/for-sale/177181363,poinciana,33844
1245 Tupelo Trl,Haines City,FL,33844,299000,3,2,1531,4,single_family,S5153105,https://www.redfin.com/FL/Haines-City/1245-Tupelo-Trl-33844/home/177685379,poinciana,33844
6028 Bimini Ave,Haines City,FL,33844,299000,4,2,1680,167,single_family,O6409624,https://www.redfin.com/FL/Haines-City/6028-Bimini-Ave-33844/home/188723434,poinciana,33844
8895 Cabot Cliffs Dr #103,Davenport,FL,33896,299000,3,2,1788,684,townhouse,O6420334,https://www.redfin.com/FL/Davenport/8895-Cabot-Cliffs-Dr-33896/unit-103/home/184280142,poinciana,33896
763 Longboat Dr,Davenport,FL,33896,299000,3,2.5,1622,403,condo,O6407264,https://www.redfin.com/FL/Davenport/763-Longboat-Dr-33896/home/182908768,poinciana,33896
0 Doherty Dr,Lake Wales,FL,33898,299000,,,,,8,TB8427879,https://www.redfin.com/FL/Lake-Wales/Doherty-Dr-33898/home/46145680,poinciana,33898
802 James Dr,Poinciana,FL,34759,299000,4,2,1670,100,single_family,O6429644,https://www.redfin.com/FL/Poinciana/802-James-Dr-34759/for-sale/46170410,poinciana,34759
305 Bowfin Dr,Poinciana,FL,34759,299000,3,2,1552,100,single_family,TB8525992,https://www.redfin.com/FL/Poinciana/305-Bowfin-Dr-34759/home/46260257,poinciana,34759
1204 Michigan Ave,Saint Cloud,FL,34769,299000,3,1.5,1748,,single_family,R4911742,https://www.redfin.com/FL/Saint-Cloud/1204-Michigan-Ave-34769/for-sale/46511129,poinciana,34769
3998 Pemberly Pines Cir,Saint Cloud,FL,34769,299000,3,2.5,1768,308,condo,S5135880,https://www.redfin.com/FL/Saint-Cloud/3998-Pemberly-Pines-Cir-34769/home/46485503,poinciana,34769
995 Brooklet Dr,Davenport,FL,33837,299900,4,2,1867,8,single_family,S5151309,https://www.redfin.com/FL/Davenport/995-Brooklet-Dr-33837/for-sale/182911127,poinciana,33837
541 Wildcat Ln,Davenport,FL,33837,299900,3,2,1525,71,single_family,S5152546,https://www.redfin.com/FL/Davenport/541-Wildcat-Ln-33837/home/173890549,poinciana,33837
157 Henry Stevens Dr,Haines City,FL,33844,299900,3,2,1725,54,single_family,O6421827,https://www.redfin.com/FL/Haines-City/157-Henry-Stevens-Dr-33844/home/173892165,poinciana,33844
1316 Gilford Point Ln,Davenport,FL,33896,299900,3,2.5,2059,900,condo,O6425484,https://www.redfin.com/FL/Davenport/1316-Gilford-Point-Ln-33896/home/46507280,poinciana,33896
528 Reserve Dr,Davenport,FL,33896,299900,5,3,1790,247,single_family,L4960264,https://www.redfin.com/FL/Davenport/528-Reserve-Dr-33896/home/46302635,poinciana,33896
785 Benoi Dr,Davenport,FL,33896,299900,3,2.5,1682,470,condo,O6418501,https://www.redfin.com/FL/Davenport/785-Benoi-Dr-33896/home/173889090,poinciana,33896
0 Highway 630 E #398,Lake Wales,FL,33898,299900,,,,175,8,R4910807,https://www.redfin.com/FL/Lake-Wales/0-Highway-630-E-33898/unit-398/home/200722562,poinciana,33898
325 Florida Ave,Saint Cloud,FL,34769,299900,3,2,1256,,single_family,S5154694,https://www.redfin.com/FL/Saint-Cloud/325-Florida-Ave-34769/for-sale/46512147,poinciana,34769
2112 9th St,Saint Cloud,FL,34769,299900,3,2,1622,,single_family,O6399376,https://www.redfin.com/FL/Saint-Cloud/2112-9th-St-34769/home/46510050,poinciana,34769
2341 Betsy Ross Ln Unit 19-c,St Cloud,FL,34769,299900,3,2.5,1764,,townhouse,11563260,https://www.redfin.com/FL/St-Cloud/2341-Betsy-Ross-Ln-34769/unit-19-C/home/184621080,poinciana,34769
4450 Capital Blvd,Saint Cloud,FL,34769,299900,3,2.5,1876,333,condo,O6400561,https://www.redfin.com/FL/Saint-Cloud/4450-Capital-Blvd-34769/home/84246775,poinciana,34769
2578 Olympic Ct,Davenport,FL,33837,299990,3,2.5,1673,173,condo,O6423877,https://www.redfin.com/FL/Davenport/2578-Olympic-Ct-33837/home/199465189,poinciana,33837
2566 Olympic Ct,Davenport,FL,33837,299990,3,2.5,1673,173,condo,O6424630,https://www.redfin.com/FL/Davenport/2566-Olympic-Ct-33837/home/199465186,poinciana,33837
2574 Olympic Ct,Davenport,FL,33837,299990,3,2.5,1673,173,condo,O6423904,https://www.redfin.com/FL/Davenport/2574-Olympic-Ct-33837/home/199465188,poinciana,33837
1328 Tupelo Trl,Haines City,FL,33844,299990,3,2,1560,75,single_family,O6417299,https://www.redfin.com/FL/Haines-City/1328-Tupelo-Trl-33844/home/182912985,poinciana,33844
3505 Dahlia Dr,Haines City,FL,33851,299990,4,2,1811,58,single_family,C7527157,https://www.redfin.com/FL/Haines-City/3505-Dahlia-Dr-33844/home/188719644,poinciana,33844
714 Tournament Ln,Poinciana,FL,34759,299990,3,2,1252,110,single_family,S5153439,https://www.redfin.com/FL/Poinciana/714-Tournament-Ln-34759/home/46162330,poinciana,34759
233 Gladiola Ct,Poinciana,FL,34759,299990,4,2.5,2024,100,single_family,O6407346,https://www.redfin.com/FL/Poinciana/233-Gladiola-Ct-34759/home/46149333,poinciana,34759
1200 Wahneta Dr,Poinciana,FL,34759,299995,3,2,1445,90,single_family,O6411659,https://www.redfin.com/FL/Poinciana/1200-Wahneta-Dr-34759/home/46255741,poinciana,34759
172 Tanager St,Haines City,FL,33844,299999,4,2,1980,8,single_family,G5112464,https://www.redfin.com/FL/Haines-City/172-Tanager-St-33844/for-sale/113027238,poinciana,33844
3133 Laurent Loop,Davenport,FL,33837,300000,3,2.5,1834,170,condo,O6429499,https://www.redfin.com/FL/Davenport/3133-Laurent-Loop-33837/for-sale/188715304,poinciana,33837
1767 Wooden St,Davenport,FL,33837,300000,3,2.5,1464,172,condo,O6417577,https://www.redfin.com/FL/Davenport/1767-Wooden-St-33837/home/188714960,poinciana,33837
598 Tanaro Ln,Haines City,FL,33844,300000,3,2,1560,14,single_family,O6431233,https://www.redfin.com/FL/Haines-City/598-Tanaro-Ln-33844/for-sale/176875215,poinciana,33844
122 Church St S,Lake Hamilton,FL,33851,300000,3,2,1386,,single_family,S5153838,https://www.redfin.com/FL/Lake-Hamilton/122-Church-St-33851/for-sale/194454213,poinciana,33844
132 Cello St,Davenport,FL,33896,300000,3,2,1243,45,single_family,S5149623,https://www.redfin.com/FL/Davenport/132-Cello-St-33896/for-sale/46269572,poinciana,33896
877 Ocean Course Ave #877,Davenport,FL,33896,300000,3,2,1787,598,townhouse,S5150304,https://www.redfin.com/FL/Davenport/877-Ocean-Course-AVE-33896/unit-877/home/201906676,poinciana,33896
8170 Dogyard Rd,Lake Wales,FL,33898,300000,4,2,1404,,10,O6423860,https://www.redfin.com/FL/Lake-Wales/8170-Dogyard-Rd-33898/home/46193067,poinciana,33898
100 Albany Dr,Poinciana,FL,34759,300000,4,2.5,2201,100,single_family,O6417573,https://www.redfin.com/FL/Poinciana/100-Albany-Dr-34759/home/46169019,poinciana,34759
1918 Michigan Dr,Poinciana,FL,34759,300000,4,2,1874,81,single_family,O6417747,https://www.redfin.com/FL/Poinciana/1918-Michigan-Dr-34759/home/46107572,poinciana,34759
1812 Kentucky Ave,Saint Cloud,FL,34769,300000,3,2.5,1500,,single_family,O6431505,https://www.redfin.com/FL/Saint-Cloud/1812-Kentucky-Ave-34769/for-sale/46536352,poinciana,34769
409 Maryland Ave,Saint Cloud,FL,34769,300000,3,1.5,1184,,single_family,O6431714,https://www.redfin.com/FL/Saint-Cloud/409-Maryland-Ave-34769/for-sale/46511225,poinciana,34769
372 Rooks Loop,Haines City,FL,33844,301000,3,2,1450,50,single_family,S5150247,https://www.redfin.com/FL/Haines-City/372-Rooks-Loop-33844/home/154116058,poinciana,33844
2622 Olympic Ct,Davenport,FL,33837,302490,3,2.5,1673,173,condo,O6426981,https://www.redfin.com/FL/Davenport/2622-Olympic-Ct-33837/home/199465201,poinciana,33837
2618 Olympic Ct,Davenport,FL,33837,302490,3,2.5,1673,173,condo,O6426954,https://www.redfin.com/FL/Davenport/2618-Olympic-Ct-33837/home/199465200,poinciana,33837
2638 Olympic Ct,Davenport,FL,33837,302490,3,2.5,1673,173,condo,O6427033,https://www.redfin.com/FL/Davenport/2638-Olympic-Ct-33837/home/199465205,poinciana,33837
2614 Olympic Ct,Davenport,FL,33837,302490,3,2.5,1673,173,condo,O6426933,https://www.redfin.com/FL/Davenport/2614-Olympic-Ct-33837/home/199465199,poinciana,33837
2626 Olympic Ct,Davenport,FL,33837,302490,3,2.5,1673,173,condo,O6426988,https://www.redfin.com/FL/Davenport/2626-Olympic-Ct-33837/home/199465202,poinciana,33837
2598 Olympic Ct,Davenport,FL,33837,302490,3,2.5,1673,170,condo,O6423823,https://www.redfin.com/FL/Davenport/2598-Olympic-Ct-33837/home/199465195,poinciana,33837
2594 Olympic Ct,Davenport,FL,33837,302490,3,2.5,1673,68,condo,O6423841,https://www.redfin.com/FL/Davenport/2594-Olympic-Ct-33837/home/199465194,poinciana,33837
2602 Olympic Ct,Davenport,FL,33837,302990,3,2.5,1673,173,condo,O6423775,https://www.redfin.com/FL/Davenport/2602-Olympic-Ct-33837/home/199465196,poinciana,33837
125 Tanager St,Haines City,FL,33844,303000,3,2,1311,6,single_family,O6422480,https://www.redfin.com/FL/Haines-City/125-Tanager-St-33844/home/113028515,poinciana,33844
1066 Twins St,Davenport,FL,33837,304740,3,2.5,1423,323,condo,O6421063,https://www.redfin.com/FL/Davenport/1066-Twins-St-33837/home/194078697,poinciana,33837
196 Tracy Ct E,Haines City,FL,33844,304995,3,2,1756,30,single_family,O6422721,https://www.redfin.com/FL/Haines-City/196-Tracy-Ct-E-33844/for-sale/67386714,poinciana,33844
160 Bella Dr,Davenport,FL,33837,305000,4,2,1867,100,single_family,C7529451,https://www.redfin.com/FL/Davenport/160-Bella-Dr-33837/for-sale/144455872,poinciana,33837
1251 Royal ST George Btm,Davenport,FL,33896,305000,3,2.5,1912,578,condo,A4697941,https://www.redfin.com/FL/Davenport/1251-Royal-St-George-Blvd-33896/home/162769817,poinciana,33896
608 Jaguar Ct,Poinciana,FL,34759,305000,2,2,1080,100,single_family,G5115249,https://www.redfin.com/FL/Poinciana/608-Jaguar-Ct-34759/for-sale/46212707,poinciana,34759
106 Oak Cir,Poinciana,FL,34759,305000,4,2,1828,100,single_family,C7527283,https://www.redfin.com/FL/Poinciana/106-Oak-Cir-34759/home/46149673,poinciana,34759
2447 Yellow Brick Rd,Saint Cloud,FL,34772,305000,2,2,1464,452,single_family,S5153109,https://www.redfin.com/FL/Saint-Cloud/2447-Yellow-Brick-Rd-34772/for-sale/147928529,poinciana,34772
207 Ronaldale Ave,Haines City,FL,33844,305400,3,2,1874,15,single_family,O6426850,https://www.redfin.com/FL/Haines-City/207-Ronaldale-Ave-33844/for-sale/46051278,poinciana,33844
2219 Jennio Dr,Haines City,FL,33844,305890,4,2.5,1910,51,single_family,O6429859,https://www.redfin.com/FL/Haines-City/2219-Jennio-Dr-33844/for-sale/199453909,poinciana,33844
2358 Northumberland Ct,Haines City,FL,33844,305990,4,2,1666,50,single_family,C7528519,https://www.redfin.com/FL/Haines-City/2358-Northumberland-Ct-33844/for-sale/194086522,poinciana,33844
1218 Hickory Nut Dr,Lake Wales,FL,33898,306223,3,2,1540,83,single_family,L4957880,https://www.redfin.com/FL/Lake-Wales/1218-Hickory-Nut-Dr-33898/home/199459797,poinciana,33898
1246 Hickory Nut Dr,Lake Wales,FL,33898,306223,3,2,1540,83,single_family,L4959909,https://www.redfin.com/FL/Lake-Wales/1246-Hickory-Nut-Dr-33898/home/199459790,poinciana,33898
3501 Dahlia Dr,Haines City,FL,33851,306990,4,2,1811,58,single_family,C7528963,https://www.redfin.com/FL/Haines-City/3501-Dahlia-Dr-33844/for-sale/188719645,poinciana,33844
4926 Katrina Dr,Haines City,FL,33844,306990,3,2,1504,51,single_family,O6427027,https://www.redfin.com/FL/Haines-City/4926-Katrina-Dr-33844/for-sale/199453155,poinciana,33844
3213 Warwick Pl,Haines City,FL,33844,306990,4,2.5,1964,50,single_family,C7527254,https://www.redfin.com/FL/Haines-City/3213-Warwick-Pl-33844/home/194086632,poinciana,33844
284 Citrus Pointe Dr,Haines City,FL,33844,307500,4,2,1807,8,single_family,O6425707,https://www.redfin.com/FL/Haines-City/284-Citrus-Pointe-Dr-33844/for-sale/154119226,poinciana,33844
480 Buchannan Dr,Davenport,FL,33837,308000,4,2,1949,12,single_family,O6419253,https://www.redfin.com/FL/Davenport/480-Buchannan-Dr-33837/home/154041156,poinciana,33837
1113 Lexington Ln,Haines City,FL,33844,308985,4,2,1722,95,single_family,W7886189,https://www.redfin.com/FL/Haines-City/1113-Lexington-Ln-33844/home/194086106,poinciana,33844
1767 Grandiose Dr,Haines City,FL,33851,308990,3,2,1672,51,single_family,O6424961,https://www.redfin.com/FL/Haines-City/1767-Grandiose-Dr-33844/for-sale/199456072,poinciana,33844
2707 Ginger Ln,Haines City,FL,33844,308990,4,2.5,2304,177,single_family,O6429493,https://www.redfin.com/FL/Haines-City/2707-Ginger-Ln-33844/for-sale/194087226,poinciana,33844
3041 Tobago Dr,Haines City,FL,33844,308999,3,2,1669,53,single_family,O6429208,https://www.redfin.com/FL/Haines-City/3041-Tobago-Dr-33844/for-sale/188723606,poinciana,33844
135 Vervain Ave,Davenport,FL,33837,309000,4,2,2088,47,single_family,O6411371,https://www.redfin.com/FL/Davenport/135-Vervain-Ave-33837/home/46049664,poinciana,33837
3010 Chantilly Dr,Davenport,FL,33837,309900,3,2.5,1840,170,condo,O6427297,https://www.redfin.com/FL/Davenport/3010-Chantilly-Dr-33837/home/188715242,poinciana,33837
2120 Emma Ln,Lake Wales,FL,33859,309900,3,2,1730,62,single_family,R4910292,https://www.redfin.com/FL/Lake-Wales/2120-Emma-Ln-33898/home/194082608,poinciana,33898
608 Indiana Ave,Saint Cloud,FL,34769,309900,3,2,1604,,single_family,1074675,https://www.redfin.com/FL/Saint-Cloud/608-Indiana-Ave-34769/for-sale/46509156,poinciana,34769
,Saint Cloud,FL,34769,309900,2,1,1026,,single_family,S5147704,https://www.redfin.com/FL/Saint-Cloud/Undisclosed-address-34769/home/46512300,poinciana,34769
3827 Spirited Cir,Saint Cloud,FL,34772,309900,4,2,1988,74,single_family,K4903573,https://www.redfin.com/FL/Saint-Cloud/3827-Spirited-Cir-34772/home/46496326,poinciana,34772
1341 Shinnecock Hills Dr,Davenport,FL,33896,309990,4,4,2596,510,condo,V4948166,https://www.redfin.com/FL/Davenport/1341-Shinnecock-Hills-Dr-33896/home/102279267,poinciana,33896
404 Manitoba Dr,Poinciana,FL,34759,309990,4,2.5,2222,100,single_family,S5151018,https://www.redfin.com/FL/Poinciana/404-Manitoba-Dr-34759/home/46108233,poinciana,34759
1323 Congo Dr,Poinciana,FL,34759,309990,3,2,1328,81,single_family,O6421157,https://www.redfin.com/FL/Poinciana/1323-Congo-Dr-34759/home/46255721,poinciana,34759
886 Hudson Valley Dr,Poinciana,FL,34759,309990,3,2,1525,90,single_family,C7528008,https://www.redfin.com/FL/Poinciana/886-Hudson-Valley-Dr-34759/home/46170322,poinciana,34759
413 Flamingo Ct,Poinciana,FL,34759,309999,4,2,1776,100,single_family,S5150843,https://www.redfin.com/FL/Poinciana/413-Flamingo-Ct-34759/home/46220078,poinciana,34759
1233 Merrimack Dr,Davenport,FL,33837,310000,3,2,1846,29,single_family,O6425830,https://www.redfin.com/FL/Davenport/1233-Merrimack-Dr-33837/for-sale/46079047,poinciana,33837
452 Ocean Course Ave,Davenport,FL,33896,310000,4,3,1914,250,condo,O6408953,https://www.redfin.com/FL/Davenport/452-Ocean-Course-Ave-33896/home/168039659,poinciana,33896
452 Taylor Groves Dr,Lake Wales,FL,33898,310000,3,2,1635,76,single_family,TB8518238,https://www.redfin.com/FL/Lake-Wales/452-Taylor-Groves-Dr-33898/home/194082713,poinciana,33898
41 Willow Ln,Poinciana,FL,34759,310000,4,2,1861,100,single_family,B26059448,https://www.redfin.com/FL/Poinciana/41-Willow-Ln-34759/for-sale/46149100,poinciana,34759
333 Gardenia Ct,Poinciana,FL,34759,310000,3,2,1888,100,single_family,S5152933,https://www.redfin.com/FL/Poinciana/333-Gardenia-Ct-34759/home/46148901,poinciana,34759
1144 Monroe Ave,Saint Cloud,FL,34769,310000,3,2,1230,196,single_family,O6399059,https://www.redfin.com/FL/Saint-Cloud/1144-Monroe-Ave-34769/home/46517143,poinciana,34769
3071 Fieldwood Cir,Saint Cloud,FL,34772,310000,3,2.5,1713,200,condo,O6417616,https://www.redfin.com/FL/Saint-Cloud/3071-Fieldwood-Cir-34772/home/170047884,poinciana,34772
4559 Rangeland Way,Saint Cloud,FL,34772,310750,3,2.5,1566,175,condo,TB8512548,https://www.redfin.com/FL/Saint-Cloud/4559-Rangeland-Way-34772/home/193903212,poinciana,34772
4581 Rangeland Way,Saint Cloud,FL,34772,310750,3,2.5,1566,175,condo,TB8526950,https://www.redfin.com/FL/Saint-Cloud/4581-Rangeland-Way-34772/home/193903205,poinciana,34772
4557 Rangeland Way,Saint Cloud,FL,34772,310750,3,2.5,1566,175,condo,TB8512547,https://www.redfin.com/FL/Saint-Cloud/4557-Rangeland-Way-34772/home/193903213,poinciana,34772
2346 Northumberland Ct,Haines City,FL,33844,310990,4,2,1666,50,single_family,C7529287,https://www.redfin.com/FL/Haines-City/2346-Northumberland-Ct-33844/for-sale/194086525,poinciana,33844
2275 Jennio Dr,Haines City,FL,33844,311390,4,2,1985,17,single_family,O6416513,https://www.redfin.com/FL/Haines-City/2275-Jennio-Dr-33844/home/199453890,poinciana,33844
357 Bream,Poinciana,FL,34759,311900,3,2,1463,90,single_family,O6405635,https://www.redfin.com/FL/Poinciana/357-Bream-Cir-34759/home/46260295,poinciana,34759
369 Bass Ct,Poinciana,FL,34759,311990,3,2,1328,81,single_family,O6425023,https://www.redfin.com/FL/Poinciana/369-Bass-Ct-34759/for-sale/46260314,poinciana,34759
365 Bass Ct,Poinciana,FL,34759,311990,3,2,1328,81,single_family,O6425005,https://www.redfin.com/FL/Poinciana/365-Bass-Ct-34759/for-sale/46260313,poinciana,34759
333 Bass Ct,Poinciana,FL,34759,311990,3,2,1328,81,single_family,O6424992,https://www.redfin.com/FL/Poinciana/333-Bass-Ct-34759/for-sale/46260334,poinciana,34759
740 Richmond Estate Ave,Haines City,FL,33844,312000,3,2,1531,140,single_family,S5150659,https://www.redfin.com/FL/Haines-City/740-Richmond-Estate-Ave-33844/home/182914047,poinciana,33844
1427 Madison Cir,Haines City,FL,33844,312900,3,2,1450,83,single_family,G5115324,https://www.redfin.com/FL/Haines-City/1427-Madison-Cir-33844/for-sale/182913601,poinciana,33844
2582 Olympic Ct,Davenport,FL,33837,314490,3,2.5,1758,71,condo,O6430420,https://www.redfin.com/FL/Davenport/2582-Olympic-Ct-33837/home/199465191,poinciana,33837
2630 Olympic Ct,Davenport,FL,33837,314490,3,2.5,1758,173,condo,O6427190,https://www.redfin.com/FL/Davenport/2630-Olympic-Ct-33837/home/199465203,poinciana,33837
2610 Olympic Ct,Davenport,FL,33837,314490,3,2.5,1758,173,condo,O6427187,https://www.redfin.com/FL/Davenport/2610-Olympic-Ct-33837/home/199465198,poinciana,33837
5592 Coopers Hawk Ct,St Cloud,FL,34772,314575,3,2.5,1632,315,condo,TB8513546,https://www.redfin.com/FL/St-Cloud/5592-Coopers-Hawk-Ct-34772/home/202087857,poinciana,34772
420 Liberty Bnd,Haines City,FL,33844,314590,3,2,1624,125,single_family,O6418799,https://www.redfin.com/FL/Haines-City/420-Liberty-Bnd-33844/home/202363948,poinciana,33844
1569 Tamarind Rd,Davenport,FL,33896,314900,3,2,1763,157,single_family,O6428562,https://www.redfin.com/FL/Davenport/1569-Tamarind-Rd-33896/for-sale/46085684,poinciana,33896
1390 Harbor Ridge Dr,Poinciana,FL,34759,314900,2,2,1719,429,single_family,S5151913,https://www.redfin.com/FL/Poinciana/1390-Harbor-Ridge-Dr-34759/home/46072568,poinciana,34759
214 Spoonbill Dr,Poinciana,FL,34759,314990,3,2,1309,90,single_family,C7528014,https://www.redfin.com/FL/Poinciana/214-Spoonbill-Dr-34759/home/46262832,poinciana,34759
703 Robin Ct,Poinciana,FL,34759,314999,4,2.5,2113,100,single_family,O6422256,https://www.redfin.com/FL/Poinciana/703-Robin-Ct-34759/home/46218982,poinciana,34759
780 Daring Dr,Davenport,FL,33837,315000,3,2,1560,12,single_family,O6417847,https://www.redfin.com/FL/Davenport/780-Daring-Dr-33837/home/182909710,poinciana,33837
3362 Aruba Way,Haines City,FL,33844,315000,3,2,1669,53,single_family,O6431011,https://www.redfin.com/FL/Haines-City/3362-Aruba-Way-33844/for-sale/188723536,poinciana,33844
25 Huntley Ct,Haines City,FL,33844,315000,3,2,2204,87,single_family,P4938970,https://www.redfin.com/FL/Haines-City/25-Huntley-Ct-33844/home/46133757,poinciana,33844
609 Ambleside Dr,Haines City,FL,33844,315000,4,2,1597,50,single_family,S5151691,https://www.redfin.com/FL/Haines-City/609-Ambleside-Dr-33844/home/194086223,poinciana,33844
132 Robbins Rest Cir,Davenport,FL,33896,315000,4,2,1864,33,single_family,TB8535906,https://www.redfin.com/FL/Davenport/132-Robbins-Rest-Cir-33896/for-sale/46105441,poinciana,33896
116 Piano Ln,Davenport,FL,33896,315000,3,2,1582,45,single_family,O6426959,https://www.redfin.com/FL/Davenport/116-Piano-Ln-33896/for-sale/46131091,poinciana,33896
2570 Winsome Way,Davenport,FL,33896,315000,3,2.5,1699,270,condo,O6409908,https://www.redfin.com/FL/Davenport/2570-Winsome-Way-33896/home/188713271,poinciana,33896
1562 Tamarind Rd,Davenport,FL,33896,315000,3,2,1603,157,single_family,C7527281,https://www.redfin.com/FL/Davenport/1562-Tamarind-Rd-33896/home/46085585,poinciana,33896
697 Stoney Pointe Cir,Davenport,FL,33896,315000,3,2.5,1453,182,condo,S5152752,https://www.redfin.com/FL/Davenport/697-Stoney-Point-Cir-33896/home/182986263,poinciana,33896
763 Ocean Course Ave #763,Davenport,FL,33896,315000,2,2,1388,676,townhouse,S5148255,https://www.redfin.com/FL/DAVENPORT/763-Ocean-Course-AVE-33896/unit-763/home/179097244,poinciana,33896
6518 Old Tampa Hwy Unit A,Davenport,FL,33896,315000,,,,,8,O6398838,https://www.redfin.com/FL/Davenport/6518-Old-Tampa-Hwy-33896/unit-A/home/201372106,poinciana,33896
3842 Phillips Rd,Lake Wales,FL,33898,315000,3,2,1273,,single_family,S5137121,https://www.redfin.com/FL/Lake-Wales/3842-Phillips-Rd-33898/home/46114985,poinciana,33898
714 Divot Ln,Poinciana,FL,34759,315000,3,2,1696,100,single_family,S5155209,https://www.redfin.com/FL/Poinciana/714-Divot-Ln-34759/for-sale/46162510,poinciana,34759
123 Violet Ct,Poinciana,FL,34759,315000,5,3,1975,100,single_family,O6429572,https://www.redfin.com/FL/Poinciana/123-Violet-Ct-34759/for-sale/46149890,poinciana,34759
1816 Manitoba Ct,Poinciana,FL,34759,315000,4,2,1809,100,single_family,L4963219,https://www.redfin.com/FL/Poinciana/1816-Manitoba-Ct-34759/home/46108332,poinciana,34759
346 Puffer Ct,Poinciana,FL,34759,315000,3,2,1870,100,single_family,O6426065,https://www.redfin.com/FL/Poinciana/346-Puffer-Ct-34759/for-sale/46101421,poinciana,34759
4451 Arlington Ave,Saint Cloud,FL,34769,315000,3,2.5,1370,237,condo,S5138658,https://www.redfin.com/FL/Saint-Cloud/4451-Arlington-Ave-34769/home/184461178,poinciana,34769
6767 Winterberry Dr,Lake Hamilton,FL,33851,315190,4,2,1839,58,single_family,O6413967,https://www.redfin.com/FL/Lake-Hamilton/6767-Winterberry-DR-33851/home/202139236,poinciana,33844
2362 Northumberland Ct,Haines City,FL,33844,315990,4,2,1811,50,single_family,C7527107,https://www.redfin.com/FL/Haines-City/2362-Northumberland-Ct-33844/home/194086521,poinciana,33844
1369 Lombardi Ct,Poinciana,FL,34759,316000,2,2,1653,429,single_family,S5154811,https://www.redfin.com/FL/Poinciana/1369-Lombardi-Ct-34759/for-sale/188721020,poinciana,34759
6751 Winterberry Dr,Lake Hamilton,FL,33851,316190,4,2,1839,58,single_family,O6430410,https://www.redfin.com/FL/Lake-Hamilton/6751-Winterberry-DR-33851/home/202657784,poinciana,33896
975 Leatherwood Dr,Dundee,FL,33838,316990,4,2,1802,65,single_family,C7529397,https://www.redfin.com/FL/Dundee/975-Leatherwood-DR-33838/for-sale/204446293,poinciana,33898
531 Silver Palms Cir,Davenport,FL,33837,317000,4,3,1846,37,single_family,G5114742,https://www.redfin.com/FL/Davenport/531-Silver-Palms-Cir-33837/home/46305204,poinciana,33837
1811 Silverbell Loop,Haines City,FL,33844,318000,4,2,1867,8,single_family,O6413404,https://www.redfin.com/FL/Haines-City/1811-Silverbell-Loop-33844/home/182912943,poinciana,33844
2106 Parsley Dr,Haines City,FL,33844,318990,4,3,2231,177,single_family,O6429528,https://www.redfin.com/FL/Haines-City/2106-Parsley-Dr-33844/for-sale/194087315,poinciana,33844
5393 Willow Crk,Haines City,FL,33844,318990,4,2,1665,51,single_family,O6424777,https://www.redfin.com/FL/Haines-City/5393-Willow-Crk-33844/home/199453140,poinciana,33844
5421 Wilow Crk,Haines City,FL,33844,318990,4,2,1665,51,single_family,O6426206,https://www.redfin.com/FL/Haines-City/5421-Willow-Crk-33844/for-sale/199453147,poinciana,33844
750 Lafayette Ln,Haines City,FL,33844,318995,4,2,1867,54,single_family,L4963259,https://www.redfin.com/FL/Haines-City/750-Lafayette-Ln-33844/home/173892229,poinciana,33844
783 Longboat Dr,Davenport,FL,33896,319000,3,2.5,1622,469,condo,O6423542,https://www.redfin.com/FL/Davenport/783-Longboat-Dr-33896/home/182908773,poinciana,33896
4470 Calvary Way,Saint Cloud,FL,34769,319000,3,2.5,1370,237,condo,S5152778,https://www.redfin.com/FL/Saint-Cloud/4470-Calvary-Way-34769/home/184062230,poinciana,34769
5002 Rain Shadow Dr,Saint Cloud,FL,34772,319000,3,2.5,1556,320,condo,L4960694,https://www.redfin.com/FL/Saint-Cloud/5002-Rain-Shadow-Dr-34772/home/188683851,poinciana,34772
6759 Winterberry Dr,Lake Hamilton,FL,33851,319190,4,2,1839,58,single_family,O6430339,https://www.redfin.com/FL/Lake-Hamilton/6759-Winterberry-DR-33851/home/202657785,poinciana,33844
522 Oak Creek Ln,Davenport,FL,33837,319490,4,2,1811,30,single_family,O6431687,https://www.redfin.com/FL/Davenport/522-Oak-Chase-Pl-33896/for-sale/204428505,poinciana,33896
436 Hennepin Loop,Lake Wales,FL,33898,319500,3,2,1427,58,single_family,L4962903,https://www.redfin.com/FL/Lake-Wales/436-Hennepin-Loop-33898/home/188720364,poinciana,33898
5148 Helm St,Haines City,FL,33844,319900,4,2.5,1920,56,single_family,P4939403,https://www.redfin.com/FL/Haines-City/5148-Helm-St-33844/for-sale/188723378,poinciana,33844
3040 Sanderling St,Haines City,FL,33844,319900,4,2,1876,12,single_family,P4938745,https://www.redfin.com/FL/Haines-City/3040-Sanderling-St-33844/home/113028591,poinciana,33844
811 Richmond Estate Ave,Haines City,FL,33844,319900,3,2,1671,139,single_family,S5150828,https://www.redfin.com/FL/Haines-City/811-Richmond-Estate-Ave-33844/home/177181840,poinciana,33844
412 Legacy Loop,Davenport,FL,33896,319900,3,2.5,1525,174,condo,FC318867,https://www.redfin.com/FL/Davenport/412-Legacy-Loop-33896/home/182648507,poinciana,33896
0 Highway 630 E #320,Lake Wales,FL,33898,319900,1,1,350,350,10,R4910803,https://www.redfin.com/FL/Lake-Wales/0-Highway-630-E-33898/unit-320/home/200721897,poinciana,33898
0 Highway 630 E #74,Lake Wales,FL,33898,319900,1,1,433,350,10,R4910827,https://www.redfin.com/FL/Lake-Wales/0-Highway-630-E-33898/unit-74/home/200730774,poinciana,33898
1509 Wyoming Ave,Saint Cloud,FL,34769,319900,2,1,1038,,single_family,O6425537,https://www.redfin.com/FL/Saint-Cloud/1509-Wyoming-Ave-34769/for-sale/46510782,poinciana,34769
2918 Canoe Cir,Saint Cloud,FL,34769,319900,3,2,1062,33,single_family,O6427444,https://www.redfin.com/FL/Saint-Cloud/2918-Canoe-Cir-34772/for-sale/46553531,poinciana,34772
4858 Prairie Preserve Run,Saint Cloud,FL,34772,319990,3,2.5,1624,302,condo,O6419634,https://www.redfin.com/FL/Saint-Cloud/4858-Prairie-Preserve-Run-34772/home/193903449,poinciana,34772
112 Augusta Cir,Saint Cloud,FL,34769,319997,3,2,1699,9,single_family,O6409059,https://www.redfin.com/FL/Saint-Cloud/112-Augusta-Cir-34769/for-sale/46512799,poinciana,34769
2024 Noble Dr,Davenport,FL,33837,320000,3,2,1509,12,single_family,G5115987,https://www.redfin.com/FL/Davenport/2024-Noble-Dr-33837/for-sale/182912045,poinciana,33837
3620 Dartford Dr Dr,Davenport,FL,33837,320000,4,2,1396,30,single_family,2155481,https://www.redfin.com/FL/Davenport/3620-Dartford-Dr-33837/for-sale/46193688,poinciana,33837
497 Noble Ave,Davenport,FL,33837,320000,4,2,1828,8,single_family,O6422399,https://www.redfin.com/FL/Davenport/497-Noble-Ave-33837/home/173890421,poinciana,33837
215 Fitzgerald Ln,Davenport,FL,33837,320000,2,2,1760,300,single_family,S5151767,https://www.redfin.com/FL/Davenport/215-Fitzgerald-Ln-33837/home/46273728,poinciana,33837
4994 E Hinson Ave,Haines City,FL,33844,320000,3,1,1216,,single_family,O6432374,https://www.redfin.com/FL/Haines-City/4994-E-Hinson-Ave-33844/for-sale/46217831,poinciana,33844
236 Denali St,Haines City,FL,33844,320000,3,2,1720,13,single_family,O6428177,https://www.redfin.com/FL/Haines-City/236-Denali-St-33844/for-sale/173891235,poinciana,33844
2464 Saint Augustine Blvd,Haines City,FL,33844,320000,3,2,1142,163,single_family,S5151945,https://www.redfin.com/FL/Haines-City/2464-Saint-Augustine-Blvd-33844/for-sale/46286264,poinciana,33844
6 Robyn Ln,Haines City,FL,33844,320000,2,2,2005,62,condo,O6418151,https://www.redfin.com/FL/Haines-City/6-Robyn-Ln-33844/home/46133373,poinciana,33844
1105 Torrente Ln,Haines City,FL,33844,320000,3,2,1725,20,single_family,O6421628,https://www.redfin.com/FL/Haines-City/1105-Torrente-Ln-33844/home/177182209,poinciana,33844
505 Ocean Course Ave #505,Champions Gate,FL,33896,320000,3,2,1787,687,townhouse,S5149061,https://www.redfin.com/FL/CHAMPIONS-GATE/505-Ocean-Course-AVE-33896/unit-505/home/177931507,poinciana,33896
2526 Elm Ave,Lake Wales,FL,33898,320000,4,2,1736,,condo,S5150951,https://www.redfin.com/FL/Lake-Wales/2526-Elm-Ave-33898/home/46115143,poinciana,33898
3569 Mayfair St,Poinciana,FL,34758,320000,3,2.5,1599,223,condo,O6418764,https://www.redfin.com/FL/Poinciana/3569-Mayfair-St-34758/home/194088762,poinciana,34758
2238 Rio Grande Canyon Loop,Poinciana,FL,34759,320000,4,2.5,2094,100,single_family,O6425417,https://www.redfin.com/FL/Poinciana/2238-Rio-Grande-Canyon-Loop-34759/for-sale/46171415,poinciana,34759
157 Palazzo Ln,Poinciana,FL,34759,320000,2,2,1703,262,single_family,TB8515479,https://www.redfin.com/FL/Poinciana/157-Palazzo-Ln-34759/home/143342276,poinciana,34759
2486 Datura Loop,Saint Cloud,FL,34772,320000,2,2,1464,452,single_family,O6406989,https://www.redfin.com/FL/Saint-Cloud/2486-Datura-Loop-34772/home/162640240,poinciana,34772
2350 Northumberland Ct,Haines City,FL,33844,320990,4,2,1811,50,single_family,C7529286,https://www.redfin.com/FL/Haines-City/2350-Northumberland-Ct-33844/for-sale/194086524,poinciana,33844
5470 Crown Point Rd,Poinciana,FL,34758,321039,3,2,1453,124,single_family,O6424962,https://www.redfin.com/FL/Poinciana/5470-Crown-Point-RD-34758/for-sale/203128159,poinciana,34758
1737 Flag St,Haines City,FL,33844,321415,4,2,1839,110,single_family,O6432412,https://www.redfin.com/FL/Haines-City/1737-Flag-St-33844/for-sale/199455197,poinciana,33844
1710 Flag St,Haines City,FL,33844,322210,4,2,1839,110,single_family,O6428031,https://www.redfin.com/FL/Haines-City/1710-Flag-St-33844/for-sale/199455185,poinciana,33844
1254 Hickory Nut Dr,Lake Wales,FL,33898,322489,4,2,1820,83,single_family,L4959892,https://www.redfin.com/FL/Lake-Wales/1254-Hickory-Nut-Dr-33898/home/199459788,poinciana,33898
5588 Coopers Hawk Ct,St Cloud,FL,34772,323175,3,2.5,1802,315,condo,TB8513773,https://www.redfin.com/FL/St-Cloud/5588-Coopers-Hawk-Ct-34772/home/202087826,poinciana,34772
2695 Nottel Dr,Saint Cloud,FL,34772,323760,4,2,1704,111,single_family,O6418558,https://www.redfin.com/FL/Saint-Cloud/2695-Nottel-Dr-34772/home/184276823,poinciana,34772
5596 Coopers Hawk Ct,St Cloud,FL,34772,324085,3,2.5,1770,315,condo,TB8514711,https://www.redfin.com/FL/St-Cloud/5596-Coopers-Hawk-Ct-34772/home/202152115,poinciana,34772
1713 Flag St,Haines City,FL,33844,324415,4,2,1839,110,single_family,O6432333,https://www.redfin.com/FL/Haines-City/1713-Flag-St-33844/for-sale/199455191,poinciana,33844
1564 Eucalyptus Way,Davenport,FL,33837,324900,3,2.5,1910,12,single_family,TB8527533,https://www.redfin.com/FL/Davenport/1564-Eucalyptus-Way-33837/home/182910278,poinciana,33837
248 Towerview Dr W,Haines City,FL,33844,324900,4,2,2093,60,single_family,L4963763,https://www.redfin.com/FL/Haines-City/248-Towerview-Dr-W-33844/for-sale/46071214,poinciana,33844
707 Staffora St,Haines City,FL,33844,324900,3,2,1560,20,single_family,O6425234,https://www.redfin.com/FL/Haines-City/707-Staffora-St-33844/for-sale/177182056,poinciana,33844
5626 S Loma Vista Ct,Davenport,FL,33896,324900,3,2,1685,41,single_family,O6403191,https://www.redfin.com/FL/Davenport/5626-Loma-Vista-Ct-33896/home/46123522,poinciana,33896
608 Hennepin Loop,Lake Wales,FL,33898,324900,4,3,2075,58,single_family,O6422483,https://www.redfin.com/FL/Lake-Wales/608-Hennepin-Loop-33898/home/188720337,poinciana,33898
941 Shorehaven Dr,Poinciana,FL,34759,324900,3,3,2325,442,single_family,P4939104,https://www.redfin.com/FL/Poinciana/941-Shorehaven-Dr-34759/home/46306734,poinciana,34759
224 Gladiola Ct,Poinciana,FL,34759,324900,4,2,1747,80,single_family,S5152590,https://www.redfin.com/FL/Poinciana/224-Gladiola-Ct-34759/home/46149427,poinciana,34759
4095 Limeklin Falls Loop,Davenport,FL,33837,324990,3,2,1504,55,single_family,O6423567,https://www.redfin.com/FL/Davenport/4095-Limeklin-Falls-Loop-33837/home/199451763,poinciana,33837
1036 Kobuk St,Haines City,FL,33844,324990,3,2,1734,27,single_family,TB8527593,https://www.redfin.com/FL/Haines-City/1036-Kobuk-St-33844/for-sale/173891271,poinciana,33844
2615 Winsome Way,Davenport,FL,33896,324990,3,2.5,1736,270,condo,S5154557,https://www.redfin.com/FL/Davenport/2615-Winsome-Way-33896/for-sale/188713291,poinciana,33896
510 Peter Pan Blvd,Davenport,FL,33837,325000,3,2,1771,66,single_family,TB8533891,https://www.redfin.com/FL/Davenport/510-Peter-Pan-Blvd-33837/for-sale/46079140,poinciana,33837
1119 James Paul Rd,Davenport,FL,33837,325000,3,2,1580,13,single_family,B26052791,https://www.redfin.com/FL/Davenport/1119-James-Paul-Rd-33837/for-sale/180777208,poinciana,33837
1552 Fleur Dr,Davenport,FL,33837,325000,4,2,1698,13,single_family,O6422872,https://www.redfin.com/FL/Davenport/1552-Fleur-Dr-33837/for-sale/182912072,poinciana,33837
857 Scrub Oak Hammock Rd,Davenport,FL,33837,325000,4,2.5,,210,single_family,A12046540,https://www.redfin.com/FL/Davenport/857-Scrub-Oak-Hammock-Rd-33837/home/182909508,poinciana,33837
243 Milestone Dr,Haines City,FL,33844,325000,3,2,2024,50,single_family,TB8536434,https://www.redfin.com/FL/Haines-City/243-Milestone-Dr-33844/for-sale/46088991,poinciana,33844
1534 Wax Myrtle Way,Haines City,FL,33844,325000,4,2,1867,6,single_family,S5150986,https://www.redfin.com/FL/Haines-City/1534-Wax-Myrtle-Way-33844/home/189791067,poinciana,33844
1297 Tagliamento Ln,Haines City,FL,33844,325000,3,2,1725,20,single_family,O6421482,https://www.redfin.com/FL/Haines-City/1297-Tagliamento-Ln-33844/home/177182259,poinciana,33844
524 Boardwalk Ave,Haines City,FL,33844,325000,3,2,1725,54,single_family,O6413479,https://www.redfin.com/FL/Haines-City/524-Boardwalk-Ave-33844/home/177181543,poinciana,33844
210 Robbins Rest Cir,Davenport,FL,33896,325000,3,2,1251,35,single_family,O6419891,https://www.redfin.com/FL/Davenport/210-Robbins-Rest-Cir-33896/home/46105439,poinciana,33896
1584 Slice Way,Davenport,FL,33896,325000,4,3,1902,667,condo,O6413939,https://www.redfin.com/FL/Davenport/1584-Slice-Way-33896/home/144247787,poinciana,33896
540 Hollingshead Loop,Davenport,FL,33896,325000,4,3,1860,71,single_family,O6419245,https://www.redfin.com/FL/Davenport/540-Hollingshead-Loop-33896/for-sale/46276019,poinciana,33896
3564 Reagan Blvd,Lake Wales,FL,33898,325000,4,2,1836,,10,O6385906,https://www.redfin.com/FL/Lake-Wales/3564-Reagan-Blvd-33898/home/170191713,poinciana,33898
4542 Timberlane Rd,Lake Wales,FL,33898,325000,3,2,1460,,single_family,K4903159,https://www.redfin.com/FL/Lake-Wales/4542-Timberlane-Rd-33898/home/46181393,poinciana,33898
122 Flatfish Ct,Poinciana,FL,34759,325000,4,2.5,2860,90,single_family,L4963439,https://www.redfin.com/FL/Poinciana/122-Flatfish-Ct-34759/home/46101870,poinciana,34759
1945 Myakka Ct,Poinciana,FL,34759,325000,4,2.5,2797,90,single_family,S5151645,https://www.redfin.com/FL/Poinciana/1945-Myakka-Ct-34759/home/46107748,poinciana,34759
125 Inconnu Ct,Poinciana,FL,34759,325000,4,3,1870,100,single_family,S5152560,https://www.redfin.com/FL/Poinciana/125-Inconnu-Ct-34759/home/46101882,poinciana,34759
863 Hudson Valley Dr,Poinciana,FL,34759,325000,4,2,1895,,single_family,S5149174,https://www.redfin.com/FL/Poinciana/863-Hudson-Valley-Dr-34759/home/46170326,poinciana,34759
3401 Celena Cir,Saint Cloud,FL,34769,325000,2,2,1257,150,condo,S5153280,https://www.redfin.com/FL/Saint-Cloud/3401-Celena-Cir-34769/home/46475947,poinciana,34769
1779 Grandiose Dr,Haines City,FL,33844,325490,4,2,1828,52,single_family,O6429610,https://www.redfin.com/FL/Haines-City/1779-Grandiose-Dr-33844/for-sale/199456069,poinciana,33844
240 Sunrise Rd,Davenport,FL,33837,325999,3,2,1239,25,single_family,S5153103,https://www.redfin.com/FL/Davenport/240-Sunrise-Rd-33837/home/46146398,poinciana,33837
717 Ruth Ave,Haines City,FL,33844,326890,5,3,2238,91,single_family,O6428824,https://www.redfin.com/FL/Haines-City/717-Ruth-Ave-33844/for-sale/199459274,poinciana,33844
2005 Orange Ave,Saint Cloud,FL,34769,327000,3,2,1480,100,single_family,O6412496,https://www.redfin.com/FL/Saint-Cloud/2005-Orange-Ave-34769/home/112192148,poinciana,34769
4461 Elliots Astor Blvd,Saint Cloud,FL,34772,327000,3,2.5,1823,115,condo,O6429200,https://www.redfin.com/FL/Saint-Cloud/4461-Elliotts-Astor-Blvd-34772/home/199303119,poinciana,34772
4455 Elliots Astor Blvd,Saint Cloud,FL,34772,327000,3,2.5,1823,216,condo,O6429181,https://www.redfin.com/FL/Saint-Cloud/4455-Elliotts-Astor-Blvd-34772/home/199303116,poinciana,34772
357 Nova Dr,Davenport,FL,33837,327500,3,2,1593,16,single_family,C7526823,https://www.redfin.com/FL/Davenport/357-Nova-Dr-33837/home/113027161,poinciana,33837
5446 Crown Point Rd,Poinciana,FL,34758,327619,3,2,1603,124,single_family,O6415390,https://www.redfin.com/FL/Poinciana/5446-Crown-Point-RD-34758/home/202189870,poinciana,34758
490 Disa Dr,Davenport,FL,33837,327900,4,2,1600,10,single_family,S5154194,https://www.redfin.com/FL/Davenport/490-Disa-Dr-33837/for-sale/170190667,poinciana,33837
5539 Maddie Dr,Haines City,FL,33844,327900,3,2,,57,single_family,A12036530,https://www.redfin.com/FL/Haines-City/5539-Maddie-Dr-33844/home/188723290,poinciana,33844
1250 Hickory Nut Dr,Lake Wales,FL,33898,328755,3,2,1970,83,single_family,L4959899,https://www.redfin.com/FL/Lake-Wales/1250-Hickory-Nut-Dr-33898/home/199459789,poinciana,33898
310 Citrus Pointe Dr,Davenport,FL,33837,328900,4,2.5,1677,24,single_family,S5150713,https://www.redfin.com/FL/Davenport/310-Citrus-Pointe-Dr-33837/for-sale/170190247,poinciana,33837
3525 Roden Rd,Haines City,FL,33844,328990,3,2,1672,51,single_family,O6427068,https://www.redfin.com/FL/Haines-City/3525-Roden-Rd-33844/for-sale/199453251,poinciana,33844
4973 Katrina Dr,Haines City,FL,33844,328990,3,2,1672,51,single_family,O6426892,https://www.redfin.com/FL/Haines-City/4973-Katrina-Dr-33844/for-sale/199453183,poinciana,33844
112 Monaco Dr,Davenport,FL,33837,329000,3,2,1509,21,single_family,P4939401,https://www.redfin.com/FL/Davenport/112-Monaco-Dr-33837/for-sale/46046425,poinciana,33837
457 Bridgeford Crossing Blvd,Davenport,FL,33837,329000,4,2,1864,231,single_family,O6412875,https://www.redfin.com/FL/Davenport/457-Bridgeford-Crossing-Blvd-33837/home/46083779,poinciana,33837
4031 Ruby Run,Haines City,FL,33844,329000,3,2,1486,10,single_family,O6427562,https://www.redfin.com/FL/Haines-City/4031-Ruby-Run-33844/for-sale/173891834,poinciana,33844
5190 Green Belt Dr,Haines City,FL,33844,329000,4,2,1840,50,single_family,TB8515087,https://www.redfin.com/FL/Haines-City/5190-Green-Belt-Dr-33844/home/198751890,poinciana,33844
2581 Poinciana Dr,Lake Wales,FL,33855,329000,3,2,1640,33,single_family,TB8496751,https://www.redfin.com/FL/Lake-Wales/2581-Poinciana-Dr-33855/home/46117751,poinciana,33898
1107 James Way,Poinciana,FL,34759,329000,4,2.5,2806,100,single_family,O6407302,https://www.redfin.com/FL/Poinciana/1107-James-Way-34759/home/46170391,poinciana,34759
407 Tennessee Ave,Saint Cloud,FL,34769,329000,2,1.5,1516,,single_family,S5154832,https://www.redfin.com/FL/Saint-Cloud/407-Tennessee-Ave-34769/for-sale/46512068,poinciana,34769
3102 Garden Ct,Saint Cloud,FL,34769,329000,3,2,1260,,single_family,O6411880,https://www.redfin.com/FL/Saint-Cloud/3102-Garden-Ct-34769/home/46516228,poinciana,34769
4824 Poolside Dr,Saint Cloud,FL,34769,329000,3,2.5,1880,161,condo,O6419191,https://www.redfin.com/FL/Saint-Cloud/4824-Poolside-Dr-34769/home/114086259,poinciana,34769
2933 Fieldwood Cir,Saint Cloud,FL,34772,329000,3,2.5,1884,115,condo,S5154577,https://www.redfin.com/FL/Saint-Cloud/2933-Fieldwood-Cir-34772/home/170047932,poinciana,34772
4887 Cross Prairie Pkwy,Saint Cloud,FL,34772,329000,3,2.5,1824,332,condo,O6408349,https://www.redfin.com/FL/Saint-Cloud/4887-Cross-Prairie-Pkwy-34772/home/188683757,poinciana,34772
436 Liberty Bnd,Haines City,FL,33844,329090,4,2.5,1986,125,single_family,O6430044,https://www.redfin.com/FL/Haines-City/436-Liberty-Bnd-33844/for-sale/204346400,poinciana,33844
399 Pinecrest Loop,Davenport,FL,33837,329900,3,2,1930,47,single_family,O6429996,https://www.redfin.com/FL/Davenport/399-Pinecrest-Loop-33837/for-sale/170189793,poinciana,33837
7 Lago Vista Ct,Davenport,FL,33837,329900,3,2,1664,,single_family,P4938942,https://www.redfin.com/FL/Davenport/7-Lago-Vista-Ct-33837/home/46109673,poinciana,33837
688 Sand Pine Ln,Haines City,FL,33844,329900,3,2,1605,377,single_family,S5155114,https://www.redfin.com/FL/Haines-City/688-Sand-Pine-Ln-33844/for-sale/188718919,poinciana,33844
352 Briarbrook Ln,Haines City,FL,33844,329900,3,2,1980,53,single_family,O6430674,https://www.redfin.com/FL/Haines-City/352-Briarbrook-Ln-33844/for-sale/173892402,poinciana,33844
2505 Baker Ave E,Haines City,FL,33844,329900,3,2,1600,,single_family,G5113397,https://www.redfin.com/FL/Haines-City/2505-Baker-Dairy-Rd-33844/home/46061975,poinciana,33844
184 Ventana Dr,Poinciana,FL,34759,329900,2,2,1574,404,single_family,S5150079,https://www.redfin.com/FL/Poinciana/184-Ventana-Dr-34759/home/46306029,poinciana,34759
4019 Limeklin Falls Loop,Davenport,FL,33837,329990,3,2,1504,55,single_family,O6430440,https://www.redfin.com/FL/Davenport/4019-Limeklin-Falls-Loop-33837/for-sale/199451731,poinciana,33837
387 Pinecrest Loop,Davenport,FL,33837,329990,3,2,1512,7,single_family,S5154112,https://www.redfin.com/FL/Davenport/387-Pinecrest-Loop-33837/for-sale/160500841,poinciana,33837
3999 Limeklin Falls Loop,Davenport,FL,33837,329990,3,2,1504,55,single_family,O6428935,https://www.redfin.com/FL/Davenport/3999-Limeklin-Falls-Loop-33837/for-sale/199451737,poinciana,33837
4222 Bixby Bridge Pl,Davenport,FL,33837,329990,3,2,1504,55,single_family,O6425512,https://www.redfin.com/FL/Davenport/4222-Bixby-Bridge-Pl-33837/for-sale/199451753,poinciana,33837
476 Boardwalk Ave,Haines City,FL,33844,329990,4,2,1867,54,single_family,S5154652,https://www.redfin.com/FL/Haines-City/476-Boardwalk-Ave-33844/for-sale/177181532,poinciana,33844
2354 Northumberland Ct,Haines City,FL,33844,329990,4,3,1941,50,single_family,C7528521,https://www.redfin.com/FL/Haines-City/2354-Northumberland-Ct-33844/for-sale/194086523,poinciana,33844
1429 Teal Dr,Poinciana,FL,34759,329990,4,2,1806,90,single_family,C7528009,https://www.redfin.com/FL/Poinciana/1429-Teal-Dr-34759/home/46263441,poinciana,34759
8853 Cabot Cliffs Dr #104,Davenport,FL,33896,329997,3,2,1788,497,townhouse,O6431777,https://www.redfin.com/FL/Davenport/8853-Cabot-Cliffs-Dr-33896/unit-104/home/188677664,poinciana,33896
625 Disa Dr,Davenport,FL,33837,330000,4,2,1768,10,single_family,P4939376,https://www.redfin.com/FL/Davenport/625-Disa-Dr-33837/for-sale/170190646,poinciana,33837
860 Brooklet Dr,Davenport,FL,33837,330000,4,2,1867,12,single_family,O6426715,https://www.redfin.com/FL/Davenport/860-Brooklet-Dr-33837/for-sale/173890288,poinciana,33837
386 Preserve Pointe Blvd,Davenport,FL,33837,330000,3,2,1511,70,single_family,G5115300,https://www.redfin.com/FL/Davenport/386-Preserve-Pointe-Blvd-33837/for-sale/170189769,poinciana,33837
123 Preston Ave,Davenport,FL,33837,330000,3,2,1578,143,single_family,S5153201,https://www.redfin.com/FL/Davenport/123-Preston-Ave-33837/home/46077163,poinciana,33837
365 Jyoti Dr,Davenport,FL,33837,330000,4,2,1821,84,single_family,TB8513659,https://www.redfin.com/FL/Davenport/365-Jyoti-Dr-33837/home/144455785,poinciana,33837
2606 Angel Falls Dr,Davenport,FL,33837,330000,4,2,1655,55,single_family,O6420250,https://www.redfin.com/FL/Davenport/2606-Angel-Falls-Dr-33837/home/188715869,poinciana,33837
655 Ocean Crse,Davenport,FL,33896,330000,3,2,,390,townhouse,A12043219,https://www.redfin.com/FL/Davenport/655-Ocean-CRSE-33896/home/202375193,poinciana,33837
5182 Green Belt Dr,Haines City,FL,33844,330000,4,3,1988,50,single_family,TB8529772,https://www.redfin.com/FL/Haines-City/5182-Green-Belt-Dr-33844/for-sale/198751937,poinciana,33844
633 Linnet Ct,Poinciana,FL,34759,330000,3,2,1833,100,single_family,O6380588,https://www.redfin.com/FL/Poinciana/633-Linnet-Ct-34759/home/46218415,poinciana,34759
1425 Nelson Brook Way,Poinciana,FL,34759,330000,4,2.5,2210,93,single_family,V4949026,https://www.redfin.com/FL/Poinciana/1425-Nelson-Brook-Way-34759/home/46170857,poinciana,34759
4900 Poolside Dr,Saint Cloud,FL,34769,330000,3,2.5,1880,161,condo,S5152843,https://www.redfin.com/FL/Saint-Cloud/4900-Poolside-Dr-34769/home/54636218,poinciana,34769
4100 Natchez Trace Dr,Saint Cloud,FL,34769,330000,3,2,1256,18,single_family,S5147910,https://www.redfin.com/FL/Saint-Cloud/4100-Natchez-Trace-Dr-34769/home/46532117,poinciana,34769
1713 California Ave,Saint Cloud,FL,34769,330000,3,2,1140,,single_family,S5132483,https://www.redfin.com/FL/Saint-Cloud/1713-California-Ave-34769/home/46532876,poinciana,34769
2950 Elbib Dr,Saint Cloud,FL,34772,330000,3,2,1632,31,single_family,S5154025,https://www.redfin.com/FL/Saint-Cloud/2950-Elbib-Dr-34772/for-sale/46580999,poinciana,34772
2495 Datura Loop,Saint Cloud,FL,34772,330000,2,2,1464,454,single_family,S5153916,https://www.redfin.com/FL/Saint-Cloud/2495-Datura-Loop-34772/for-sale/147928537,poinciana,34772
2315 Datura Loop,Saint Cloud,FL,34772,330000,2,2,1351,467,single_family,O6428802,https://www.redfin.com/FL/Saint-Cloud/2315-Datura-Loop-34772/for-sale/170047581,poinciana,34772
466 Marion Loop,Haines City,FL,33844,330990,4,2,1900,80,single_family,O6418560,https://www.redfin.com/FL/Haines-City/466-Marion-Loop-33844/home/188719413,poinciana,33844
4573 Rangeland Way,Saint Cloud,FL,34772,330999,3,2.5,1808,175,condo,TB8510551,https://www.redfin.com/FL/Saint-Cloud/4573-Rangeland-Way-34772/home/193903207,poinciana,34772
4364 Chester Springs Blvd,Davenport,FL,33837,331590,3,2.5,1782,219,condo,O6432226,https://www.redfin.com/FL/Davenport/4364-Chester-Springs-Blvd-33837/home/199452076,poinciana,33837
1227 Hickory Nut Dr,Lake Wales,FL,33898,331755,3,2,1970,83,single_family,L4959911,https://www.redfin.com/FL/Lake-Wales/1227-Hickory-Nut-Dr-33898/home/199459804,poinciana,33898
4226 Bixby Bridge Pl,Davenport,FL,33837,331990,3,2,1504,55,single_family,O6425500,https://www.redfin.com/FL/Davenport/4226-Bixby-Bridge-Pl-33837/home/199451752,poinciana,33837
6629 Verbena Pl,Lake Hamilton,FL,33851,332490,4,3,2001,58,single_family,O6414002,https://www.redfin.com/FL/Lake-Hamilton/6629-Verbena-PL-33851/home/202139525,poinciana,33844
307 California Ave,Saint Cloud,FL,34769,332500,3,2,1117,,single_family,O6407365,https://www.redfin.com/FL/Saint-Cloud/307-California-Ave-34769/home/46511931,poinciana,34769
4788 Rolling Lake Ln,Davenport,FL,33837,332990,3,2,1504,54,single_family,O6428024,https://www.redfin.com/FL/Davenport/4788-Rolling-Lake-Ln-33837/for-sale/203273666,poinciana,33837
4808 Rolling Lake Ln,Davenport,FL,33837,332990,3,2,1504,54,single_family,O6427943,https://www.redfin.com/FL/Davenport/4808-Rolling-Lake-Ln-33837/for-sale/203271352,poinciana,33837
864 Longboat Dr,Davenport,FL,33896,332990,3,2.5,1622,355,condo,O6427074,https://www.redfin.com/FL/Davenport/864-Longboat-Dr-33896/home/182908793,poinciana,33896
270 Tarpon Bay Blvd,Haines City,FL,33844,333190,5,2.5,2276,105,single_family,O6415196,https://www.redfin.com/FL/Haines-City/270-Tarpon-Bay-Blvd-33844/home/173892451,poinciana,33844
5600 Coopers Hawk Ct,St Cloud,FL,34772,333918,3,2.5,1802,315,condo,TB8521584,https://www.redfin.com/FL/St-Cloud/5600-Coopers-Hawk-Ct-34772/home/202335658,poinciana,34772
1731 Vanilla St,Lake Hamilton,FL,33851,333999,4,2.5,2039,59,single_family,TB8520156,https://www.redfin.com/FL/Lake-Hamilton/1731-Vanilla-ST-33851/home/202282665,poinciana,33844
4621 Glencrest Loop,Saint Cloud,FL,34772,334870,3,2,1552,7,single_family,O6421047,https://www.redfin.com/FL/Saint-Cloud/4621-Glencrest-Loop-34772/home/170047710,poinciana,34772
8351 Wakeford Rd,Lake Wales,FL,33898,334900,3,2,1764,,single_family,B4902247,https://www.redfin.com/FL/Lake-Wales/8351-Wakeford-Rd-33898/home/46248218,poinciana,33898
247 Big Sioux Dr,Poinciana,FL,34759,334900,4,2,1851,100,single_family,O6403150,https://www.redfin.com/FL/Poinciana/247-Big-Sioux-Dr-34759/home/46169735,poinciana,34759
4803 Rolling Lake Ln,Davenport,FL,33837,334990,3,2,1504,54,single_family,O6431542,https://www.redfin.com/FL/Davenport/4803-Rolling-Lake-Ln-33837/for-sale/204417863,poinciana,33837
4816 Rolling Lake Ln,Davenport,FL,33837,334990,3,2,1504,54,single_family,O6427922,https://www.redfin.com/FL/Davenport/4816-Rolling-Lake-Ln-33837/for-sale/203268956,poinciana,33837
1573 Sage Ave,Haines City,FL,33844,334999,4,2.5,2039,59,single_family,TB8520131,https://www.redfin.com/FL/Haines-City/1573-Sage-Ave-33844/home/194087468,poinciana,33844
4434 Riverbend Blvd,Haines City,FL,33844,334999,4,2.5,2039,51,single_family,TB8525683,https://www.redfin.com/FL/Haines-City/4434-Riverbend-Blvd-33844/home/199454787,poinciana,33844
412 Adams Ale Pl,Davenport,FL,33837,335000,3,2,1560,50,single_family,S5155117,https://www.redfin.com/FL/Davenport/412-Adams-Ale-Pl-33837/for-sale/188585418,poinciana,33837
2295 Sunset Way,Davenport,FL,33837,335000,3,2,1698,8,single_family,O6431036,https://www.redfin.com/FL/Davenport/2295-Sunset-Way-33837/for-sale/182912018,poinciana,33837
237 Nova Dr,Davenport,FL,33837,335000,3,2,1770,16,single_family,S5155020,https://www.redfin.com/FL/Davenport/237-Nova-Dr-33837/for-sale/113027353,poinciana,33837
1621 Sanibel Dr,Davenport,FL,33896,335000,3,2,2174,469,condo,S5152705,https://www.redfin.com/FL/Davenport/1621-Sanibel-Dr-33896/home/177179053,poinciana,33896
173 Villavista Ct,Davenport,FL,33896,335000,3,2,1320,84,single_family,O6409065,https://www.redfin.com/FL/Davenport/173-Villavista-Ct-33896/for-sale/173892860,poinciana,33896
828 Longboat Dr,Davenport,FL,33896,335000,3,2,1622,450,condo,S5150354,https://www.redfin.com/FL/Davenport/828-Longboat-Dr-33896/home/182908802,poinciana,33896
832 Longboat Dr,Davenport,FL,33896,335000,3,2,1653,471,condo,S5152067,https://www.redfin.com/FL/Davenport/832-Longboat-Dr-33896/home/182908801,poinciana,33896
334 Begonia Ct,Poinciana,FL,34759,335000,3,2,1898,100,single_family,O6432240,https://www.redfin.com/FL/Poinciana/334-Begonia-Ct-34759/for-sale/46148632,poinciana,34759
1600 Minnesota Ave,Saint Cloud,FL,34769,335000,3,2,1384,,single_family,S5154120,https://www.redfin.com/FL/Saint-Cloud/1600-Minnesota-Ave-34769/for-sale/46511306,poinciana,34769
118 Georgia Ave,Saint Cloud,FL,34769,335000,3,2,1246,,single_family,S5146938,https://www.redfin.com/FL/Saint-Cloud/118-Georgia-Ave-34769/home/46512203,poinciana,34769
2782 Andes Way,Saint Cloud,FL,34769,335000,3,2,1652,38,single_family,O6396454,https://www.redfin.com/FL/Saint-Cloud/2782-Andes-Way-34769/home/46477263,poinciana,34769
2916 Canoe Cir,Saint Cloud,FL,34772,335900,3,2,1266,29,single_family,S5152627,https://www.redfin.com/FL/Saint-Cloud/2916-Canoe-Cir-34772/home/46485696,poinciana,34772
1564 Cloudy Ct,Saint Cloud,FL,34769,335990,4,2.5,2032,,condo,67C5A8C053F5,https://www.redfin.com/FL/Saint-Cloud/1564-Cloudy-Ct-34769/home/184273943,poinciana,34769
2706 Fetching Trl,Davenport,FL,33896,336900,3,2,1736,270,condo,S5148521,https://www.redfin.com/FL/Davenport/2706-Fetching-Trl-33896/home/182909119,poinciana,33896
2752 Gentle Rain Dr,Davenport,FL,33837,336990,4,2,1867,47,single_family,O6427436,https://www.redfin.com/FL/Davenport/2752-Gentle-Rain-Dr-33837/for-sale/187076137,poinciana,33837
1743 Vanilla St,Haines City,FL,33844,336999,4,2.5,2039,59,single_family,TB8535245,https://www.redfin.com/FL/Haines-City/1743-Vanilla-St-33844/for-sale/194087525,poinciana,33844
2479 Aveeno Ave,Haines City,FL,33844,337390,4,2,1985,51,single_family,O6413520,https://www.redfin.com/FL/Haines-City/2479-Aveeno-Ave-33844/for-sale/199453559,poinciana,33844
1873 Noble Dr,Davenport,FL,33837,337920,3,2,1479,12,single_family,L4963283,https://www.redfin.com/FL/Davenport/1873-Noble-Dr-33837/home/194085559,poinciana,33837
5397 Willow Crk,Haines City,FL,33844,337990,4,2.5,1866,51,single_family,O6424761,https://www.redfin.com/FL/Haines-City/5397-Willow-Crk-33844/home/199453141,poinciana,33844
4991 Alita Ter,Saint Cloud,FL,34769,337995,4,2.5,2122,161,condo,S5145337,https://www.redfin.com/FL/Saint-Cloud/4991-Alita-Ter-34769/home/46495216,poinciana,34769
5491 Meadow Walk Dr,Davenport,FL,33837,338710,3,2,1604,54,single_family,O6415299,https://www.redfin.com/FL/Davenport/5491-Meadow-Walk-Dr-33837/home/197745764,poinciana,33837
410 Metz Ln,Poinciana,FL,34759,338900,4,2,1820,100,single_family,O6431989,https://www.redfin.com/FL/Poinciana/410-Metz-Ln-34759/for-sale/144233957,poinciana,34759
1546 Discovery St,Davenport,FL,33896,338990,3,2.5,1624,468,condo,S5153869,https://www.redfin.com/FL/Davenport/1546-Discovery-St-33896/for-sale/177179158,poinciana,33896
2552 Starry Pt,Saint Cloud,FL,34769,338990,4,2.5,2032,250,condo,O6422104,https://www.redfin.com/FL/Saint-Cloud/2552-Starry-Pt-34769/home/184273931,poinciana,34769
248 Ludisia Loop,Davenport,FL,33837,339000,4,2,1867,17,single_family,S5154343,https://www.redfin.com/FL/Davenport/248-Ludisia-Loop-33837/for-sale/170190738,poinciana,33837
4022 Alissa Ln,Haines City,FL,33844,339000,4,2,1938,18,single_family,S5151103,https://www.redfin.com/FL/Haines-City/4022-Alissa-Ln-33844/home/177151815,poinciana,33844
298 Hammock Ct,Davenport,FL,33896,339000,3,3,1589,111,single_family,O6410333,https://www.redfin.com/FL/Davenport/298-Hammock-Ct-33896/home/46053669,poinciana,33896
967 Splash Shot Pl #2503,Davenport,FL,33896,339000,3,2,1787,838,townhouse,O6410663,https://www.redfin.com/FL/Davenport/967-Splash-Shot-Pl-33896/unit-2503/home/202018266,poinciana,33896
12627 Blackberry Ln,Lake Wales,FL,33898,339000,2,2,840,,10,P4939193,https://www.redfin.com/FL/Lake-Wales/12627-Blackberry-Ln-33898/home/46105385,poinciana,33898
426 Bar Ct,Poinciana,FL,34759,339000,3,2,1828,100,single_family,TB8535483,https://www.redfin.com/FL/Poinciana/426-Bar-Ct-34759/for-sale/46161637,poinciana,34759
1501 Virginia Ave,Saint Cloud,FL,34769,339000,3,2,1472,,single_family,S5152853,https://www.redfin.com/FL/Saint-Cloud/1501-Virginia-Ave-34769/home/46510785,poinciana,34769
3734 Moon Dancer Pl,Saint Cloud,FL,34772,339000,4,2.5,2847,85,single_family,S5145938,https://www.redfin.com/FL/Saint-Cloud/3734-Moon-Dancer-Pl-34772/home/46495788,poinciana,34772
2943 Cialella Pass,Saint Cloud,FL,34772,339000,4,2,1602,31,single_family,G5111328,https://www.redfin.com/FL/Saint-Cloud/2943-Cialella-Pass-34772/home/46553447,poinciana,34772
416 Liberty Bnd,Haines City,FL,33844,339790,3,2.5,1986,125,single_family,O6418804,https://www.redfin.com/FL/Haines-City/416-Liberty-Bnd-33844/home/202338570,poinciana,33844
2459 Matterhorn Trl,Davenport,FL,33837,339900,4,2,1855,8,single_family,O6414666,https://www.redfin.com/FL/Davenport/2459-Matterhorn-Trl-33837/home/182911952,poinciana,33837
1213 Red Hill Rd,Davenport,FL,33837,339900,4,2,1867,12,single_family,O6414870,https://www.redfin.com/FL/Davenport/1213-Red-Hill-Rd-33837/home/182911084,poinciana,33837
2924 Kokomo Loop,Haines City,FL,33844,339900,3,2,1130,77,single_family,O6419541,https://www.redfin.com/FL/Haines-City/2924-Kokomo-Loop-33844/home/46048044,poinciana,33844
2301 Sequoia Way,Davenport,FL,33896,339900,4,2,1851,157,single_family,O6424431,https://www.redfin.com/FL/Davenport/2301-Sequoia-Way-33896/home/46085439,poinciana,33896
2697 Clubhouse Dr,Lake Wales,FL,33898,339900,3,2,2263,245,single_family,P4936899,https://www.redfin.com/FL/Lake-Wales/2697-Clubhouse-Dr-33898/home/46115557,poinciana,33898
4011 Limeklin Falls Loop,Davenport,FL,33837,339990,4,2,1665,55,single_family,O6428790,https://www.redfin.com/FL/Davenport/4011-Limeklin-Falls-Loop-33837/for-sale/199451734,poinciana,33837
4213 Bixby Bridge Pl,Davenport,FL,33837,339990,4,2,1665,55,single_family,O6425351,https://www.redfin.com/FL/Davenport/4213-Bixby-Bridge-Pl-33837/for-sale/199451744,poinciana,33837
3995 Limeklin Falls Loop,Davenport,FL,33837,339990,4,2,1665,55,single_family,O6425337,https://www.redfin.com/FL/Davenport/3995-Limeklin-Falls-Loop-33837/for-sale/199451738,poinciana,33837
123 Bottle Brush Dr,Haines City,FL,33844,339990,4,2,1625,6,single_family,O6430218,https://www.redfin.com/FL/Haines-City/123-Bottle-Brush-Dr-33844/home/194086029,poinciana,33844
850 Bocavista Ct,Davenport,FL,33896,339990,4,2.5,1977,78,single_family,V4950560,https://www.redfin.com/FL/Davenport/850-Bocavista-Ct-33896/for-sale/175598671,poinciana,33896
1502 Fort Meade Pl,Poinciana,FL,34759,339997,4,3,2200,100,single_family,O6427155,https://www.redfin.com/FL/Poinciana/1502-Fort-Meade-Pl-34759/for-sale/46254271,poinciana,34759
6051 Prairie Run,Haines City,FL,33844,339999,4,2.5,2039,51,single_family,TB8535263,https://www.redfin.com/FL/Haines-City/6051-Prairie-Run-33844/for-sale/199454767,poinciana,33844
1739 Vanilla St,Lake Hamilton,FL,33851,339999,4,2.5,2226,59,single_family,TB8525621,https://www.redfin.com/FL/Lake-Hamilton/1739-Vanilla-ST-33851/home/202605312,poinciana,33844
5832 Heaven Rd,Haines City,FL,33844,339999,4,2,1850,51,single_family,TB8520394,https://www.redfin.com/FL/Haines-City/5832-Heaven-Rd-33844/home/199454670,poinciana,33844
1362 Palmeroy Rd,Haines City,FL,33844,339999,4,2,1850,59,single_family,TB8525669,https://www.redfin.com/FL/Haines-City/1362-Palmeroy-Rd-33844/home/194087513,poinciana,33844
2239 Pecos Ct,Poinciana,FL,34759,339999,4,2.5,1886,91,single_family,S5152438,https://www.redfin.com/FL/Poinciana/2239-Pecos-Ct-34759/home/46170913,poinciana,34759
367 Camellia Ct,Poinciana,FL,34759,339999,4,3,1892,91,single_family,S5149761,https://www.redfin.com/FL/Poinciana/367-Camellia-Ct-34759/home/46148571,poinciana,34759
3974 Mekong Ct,Saint Cloud,FL,34772,339999,3,2,1676,61,single_family,O6400095,https://www.redfin.com/FL/Saint-Cloud/3974-Mekong-Ct-34772/home/184196074,poinciana,34772
3473 Yarian Dr,Haines City,FL,33844,340000,4,2,1767,18,single_family,S5152794,https://www.redfin.com/FL/Haines-City/3473-Yarian-Dr-33844/home/177181128,poinciana,33844
1409 Milledge Ln #1409,Davenport,FL,33896,340000,3,2.5,2402,901,townhouse,O6400093,https://www.redfin.com/FL/Davenport/1409-Milledge-Ln-33896/home/46508560,poinciana,33896
2571 Winsome Way,Davenport,FL,33896,340000,3,2.5,1699,151,condo,O6417768,https://www.redfin.com/FL/Davenport/2571-Winsome-Way-33896/home/188713303,poinciana,33896
113 Bogey Dr,Davenport,FL,33896,340000,4,3.5,1944,322,condo,O6408721,https://www.redfin.com/FL/Davenport/113-Bogey-Dr-33896/home/184279465,poinciana,33896
1457 Discovery St,Davenport,FL,33896,340000,3,2.5,1624,493,condo,S5152943,https://www.redfin.com/FL/Davenport/1457-Discovery-St-33896/home/177179127,poinciana,33896
2211 Portrait St,Poinciana,FL,34758,340000,3,2.5,1407,210,condo,O6377939,https://www.redfin.com/FL/Poinciana/2211-Portrait-St-34758/home/194088687,poinciana,34758
1381 Del Mar Dr,Poinciana,FL,34759,340000,3,3,2002,441,single_family,S5144708,https://www.redfin.com/FL/Poinciana/1381-Del-Mar-Dr-34759/home/52800421,poinciana,34759
1817 American Way,Haines City,FL,33844,340990,4,3,2210,110,single_family,O6432426,https://www.redfin.com/FL/Haines-City/1817-American-Way-33844/for-sale/199455201,poinciana,33844
6763 Winterberry Dr,Lake Hamilton,FL,33851,341690,4,3,2210,58,single_family,O6413977,https://www.redfin.com/FL/Lake-Hamilton/6763-Winterberry-DR-33851/home/202139291,poinciana,33844
5027 Oaks River St,Davenport,FL,33837,341990,4,2.5,1874,54,single_family,O6413759,https://www.redfin.com/FL/Davenport/5027-Oaks-River-St-33837/home/199465685,poinciana,33837
706 Ginger Dr,Haines City,FL,33844,341990,4,3,2105,80,single_family,O6410788,https://www.redfin.com/FL/Haines-City/706-Ginger-Dr-33844/home/188719410,poinciana,33844
5413 Willow Crk,Haines City,FL,33844,341990,4,2.5,1866,51,single_family,O6426877,https://www.redfin.com/FL/Haines-City/5413-Willow-Crk-33844/for-sale/199453145,poinciana,33844
2243 Aveeno Dr,Haines City,FL,33844,342890,5,3,2238,51,single_family,O6431668,https://www.redfin.com/FL/Haines-City/2243-Jennio-Dr-33844/for-sale/199453900,poinciana,33844
120 Jasmine Cir,Poinciana,FL,34759,342990,4,2,1806,90,single_family,C7529378,https://www.redfin.com/FL/Poinciana/120-Jasmine-Cir-34759/for-sale/46149472,poinciana,34759
104 Verdi St,Davenport,FL,33896,343000,3,2,1444,78,single_family,O6420296,https://www.redfin.com/FL/Davenport/104-Verdi-St-33896/home/46070350,poinciana,33896
3313 Pekin St,Saint Cloud,FL,34772,343000,3,2,1601,66,single_family,S5155231,https://www.redfin.com/FL/Saint-Cloud/3313-Pekin-St-34772/for-sale/46495758,poinciana,34772
4305 River Beacon Blvd,Davenport,FL,33837,343200,4,2,1607,50,single_family,TB8529401,https://www.redfin.com/FL/Davenport/4305-River-Beacon-Blvd-33837/for-sale/199465736,poinciana,33837
316 Andalusia Loop,Davenport,FL,33837,343500,4,2,1972,216,single_family,P4938961,https://www.redfin.com/FL/Davenport/316-Andalusia-Loop-33837/home/46084160,poinciana,33837
2326 Burney Falls Ln,Davenport,FL,33837,344000,3,2,1560,55,single_family,O6421708,https://www.redfin.com/FL/Davenport/2326-Burney-Falls-Ln-33837/home/186319371,poinciana,33837
833 Avenal Ln,Davenport,FL,33837,344000,4,2,1897,71,single_family,TB8520433,https://www.redfin.com/FL/Davenport/833-Avenal-Ln-33837/home/173890594,poinciana,33837
1588 Cypress Woods Cir,Saint Cloud,FL,34772,344500,3,2.5,1674,,single_family,S5154522,https://www.redfin.com/FL/Saint-Cloud/1588-Cypress-Woods-Cir-34772/for-sale/46554501,poinciana,34772
491 Silver Palm Dr,Haines City,FL,33844,344710,4,3,1771,4,single_family,O6423381,https://www.redfin.com/FL/Haines-City/491-Silver-Palm-Dr-33844/home/194086077,poinciana,33844
3693 Ricky Ln,Saint Cloud,FL,34772,344900,3,2,1438,47,single_family,O6402324,https://www.redfin.com/FL/Saint-Cloud/3693-Ricky-Ln-34772/home/46499805,poinciana,34772
Piper Plan,Cloud,FL,34769,344990,4,2.5,2032,,condo,D50BE9FC7B13,https://www.redfin.com/FL/Cloud/Saint-Cloud/Piper/home/196151881,poinciana,34769
1581 Sage Ave,Haines City,FL,33844,344999,4,2.5,2226,59,single_family,TB8525587,https://www.redfin.com/FL/Haines-City/1581-Sage-Ave-33844/home/194087466,poinciana,33844
5816 Heaven Rd,Haines City,FL,33844,344999,4,2,1850,51,single_family,TB8520415,https://www.redfin.com/FL/Haines-City/5816-Heaven-Rd-33844/home/199454673,poinciana,33844
5828 Heaven Rd,Haines City,FL,33844,344999,4,2,1850,51,single_family,TB8520405,https://www.redfin.com/FL/Haines-City/5828-Heaven-Rd-33844/home/199386399,poinciana,33844
4800 Poolside Dr,Saint Cloud,FL,34769,344999,3,2.5,2122,161,condo,S5148979,https://www.redfin.com/FL/Saint-Cloud/4800-Poolside-Dr-34769/home/120687237,poinciana,34769
402 Sunset View Dr,Davenport,FL,33837,345000,5,3,1825,60,single_family,O6417315,https://www.redfin.com/FL/Davenport/402-Sunset-View-Dr-33837/for-sale/46061322,poinciana,33837
117 W Murphy St,Davenport,FL,33837,345000,4,2.5,1827,,single_family,S5153257,https://www.redfin.com/FL/Davenport/117-W-Murphy-St-33837/home/46106703,poinciana,33837
1452 Cumberland Ave,Davenport,FL,33837,345000,3,2,1516,52,single_family,O6424524,https://www.redfin.com/FL/Davenport/1452-Cumberland-Ave-33837/home/188715973,poinciana,33837
1141 Lexington Ln,Haines City,FL,33844,345000,4,2.5,2280,96,single_family,P4939447,https://www.redfin.com/FL/Haines-City/1141-Lexington-Ln-33844/for-sale/194086112,poinciana,33844
433 Sandbar Ln,Haines City,FL,33844,345000,4,2.5,1879,54,single_family,O6429617,https://www.redfin.com/FL/Haines-City/433-Sandbar-Ln-33844/for-sale/188108082,poinciana,33844
4904 Mainsail St,Haines City,FL,33844,345000,3,2,1615,73,single_family,O6431232,https://www.redfin.com/FL/Haines-City/4904-Mainsail-St-33844/for-sale/187046733,poinciana,33844
1571 Plunker Dr,Davenport,FL,33896,345000,4,3,1902,679,condo,O6414406,https://www.redfin.com/FL/Davenport/1571-Plunker-Dr-33896/home/143846585,poinciana,33896
721 Benoi Dr,Davenport,FL,33896,345000,3,2.5,1609,470,condo,O6409446,https://www.redfin.com/FL/Davenport/721-Benoi-Dr-33896/home/173889106,poinciana,33896
935 Conch Rd,Davenport,FL,33896,345000,3,2.5,1653,373,condo,A4697568,https://www.redfin.com/FL/Davenport/935-Conch-Rd-33896/home/182908712,poinciana,33896
2074 Rio Grande Canyon Loop,Poinciana,FL,34759,345000,4,2.5,2154,100,single_family,S5149644,https://www.redfin.com/FL/Poinciana/2074-Rio-Grande-Canyon-Loop-34759/home/46171404,poinciana,34759
1369 Wood Lake Cir,Saint Cloud,FL,34772,345000,2,2,1620,58,single_family,S5152508,https://www.redfin.com/FL/Saint-Cloud/1369-Wood-Lake-Cir-34772/home/46553909,poinciana,34772
4551 Rangeland Way,Saint Cloud,FL,34772,345030,3,2.5,1808,175,condo,TB8522205,https://www.redfin.com/FL/Saint-Cloud/4551-Rangeland-Way-34772/home/193903215,poinciana,34772
4555 Rangeland Way,Saint Cloud,FL,34772,345680,3,2.5,1808,175,condo,TB8526951,https://www.redfin.com/FL/Saint-Cloud/4555-Rangeland-Way-34772/home/193903214,poinciana,34772
4565 Rangeland Way,Saint Cloud,FL,34772,345680,3,2.5,1808,175,condo,TB8497861,https://www.redfin.com/FL/Saint-Cloud/4565-Rangeland-Way-34772/home/193903210,poinciana,34772
6755 Winterberry Dr,Lake Hamilton,FL,33851,345690,4,3,2210,59,single_family,O6430827,https://www.redfin.com/FL/Lake-Hamilton/6755-Winterberry-DR-33851/home/202657610,poinciana,33844
1602 Pickerel Ct,Poinciana,FL,34759,345900,4,2,1684,,single_family,FC319449,https://www.redfin.com/FL/Poinciana/1602-Pickerel-Ct-34759/home/46101160,poinciana,34759
203 Flounder Pl,Poinciana,FL,34759,345900,4,2,2108,99,single_family,P4938669,https://www.redfin.com/FL/Poinciana/203-Flounder-Pl-34759/home/46102622,poinciana,34759
5172 Native Mile Loop,Davenport,FL,33837,345990,3,2,1504,54,single_family,O6417531,https://www.redfin.com/FL/Davenport/5172-Native-Mile-Loop-33837/for-sale/199465635,poinciana,33837
5304 Fairmont Rd,Lake Wales,FL,33898,346000,4,2,1620,,10,P4938050,https://www.redfin.com/FL/Lake-Wales/5304-Fairmont-Rd-33898/home/46135849,poinciana,33898
518 Davinci Pass,Poinciana,FL,34759,346000,2,2,1491,441,single_family,S5151673,https://www.redfin.com/FL/Poinciana/518-Davinci-Pass-34759/home/46054573,poinciana,34759
1564 Cypress Woods Cir,Saint Cloud,FL,34772,346000,3,2,1408,,single_family,S5151637,https://www.redfin.com/FL/Saint-Cloud/1564-Cypress-Woods-Cir-34772/home/46553792,poinciana,34772
6166 Daphne St,Haines City,FL,33851,346282,4,3,2170,49,single_family,S5151842,https://www.redfin.com/FL/Haines-City/6166-Daphne-St-33844/home/194087070,poinciana,33844
418 Del Sol Ave,Davenport,FL,33837,346500,3,2,1713,403,single_family,S5150943,https://www.redfin.com/FL/Davenport/418-Del-Sol-Ave-33837/home/46083702,poinciana,33837
1709 Flag St,Haines City,FL,33844,346915,4,3,2210,109,single_family,O6425122,https://www.redfin.com/FL/Haines-City/1709-Flag-St-33844/home/199455190,poinciana,33844
4561 Rangeland Way,Saint Cloud,FL,34772,346950,3,2.5,1808,175,condo,TB8505626,https://www.redfin.com/FL/Saint-Cloud/4561-Rangeland-Way-34772/home/193903211,poinciana,34772
312 Bass Ct,Poinciana,FL,34759,346990,4,2,2134,90,single_family,C7529379,https://www.redfin.com/FL/Poinciana/312-Bass-Ct-34759/for-sale/46260322,poinciana,34759
922 Delaware Ave,Saint Cloud,FL,34769,347500,3,2,1420,,single_family,O6409604,https://www.redfin.com/FL/Saint-Cloud/922-Delaware-Ave-34769/home/46510627,poinciana,34769
438 California Ave,Saint Cloud,FL,34769,347900,4,2,1354,,single_family,O6421163,https://www.redfin.com/FL/Saint-Cloud/438-California-Ave-34769/home/46511726,poinciana,34769
835 Longboat Dr,Davenport,FL,33896,348000,3,2.5,1622,469,condo,O6419685,https://www.redfin.com/FL/Davenport/835-Longboat-Dr-33896/home/182908787,poinciana,33896
2865 Mosshire Cir,Saint Cloud,FL,34772,348000,4,2,1696,8,single_family,O6404834,https://www.redfin.com/FL/Saint-Cloud/2865-Mosshire-Cir-34772/home/168033321,poinciana,34772
1528 Eucalyptus Way,Davenport,FL,33837,349000,3,2,1500,12,single_family,S5154176,https://www.redfin.com/FL/Davenport/1528-Eucalyptus-Way-33837/for-sale/182910085,poinciana,33837
2847 Big Sur Rd,Davenport,FL,33837,349000,4,2.5,1870,52,single_family,TB8523787,https://www.redfin.com/FL/Davenport/2847-Big-Sur-Rd-33837/home/188715552,poinciana,33837
313 Fiddlewood Ct,Davenport,FL,33837,349000,4,2.5,2232,49,single_family,O6402615,https://www.redfin.com/FL/Davenport/313-Fiddlewood-Ct-33837/for-sale/173891715,poinciana,33837
2976 Kokomo Loop,Haines City,FL,33844,349000,4,3,1677,70,single_family,O6429948,https://www.redfin.com/FL/Haines-City/2976-Kokomo-Loop-33844/for-sale/46304272,poinciana,33844
437 Via Del Sol Dr,Davenport,FL,33896,349000,3,2,1462,25,single_family,S5151329,https://www.redfin.com/FL/Davenport/437-Via-del-Sol-Dr-33896/home/46123400,poinciana,33896
126 Sundown Ct,Davenport,FL,33896,349000,4,3,1665,108,single_family,TB8518857,https://www.redfin.com/FL/Davenport/126-Sundown-Ct-33896/home/46049757,poinciana,33896
661 Longboat Dr,Davenport,FL,33896,349000,3,2.5,1622,654,condo,O6409632,https://www.redfin.com/FL/Davenport/661-Longboat-Dr-33896/home/182908736,poinciana,33896
20 Macon Way,Saint Cloud,FL,34769,349000,3,2,1433,10,single_family,S5149768,https://www.redfin.com/FL/Saint-Cloud/20-Macon-Way-34769/home/46512772,poinciana,34769
3201 Sweet Acres Pl,Saint Cloud,FL,34772,349000,4,2,1696,7,single_family,O6388108,https://www.redfin.com/FL/Saint-Cloud/3201-Sweet-Acres-Pl-34772/home/177671576,poinciana,34772
4531 Rangeland Way,Saint Cloud,FL,34772,349020,3,2.5,1808,175,condo,TB8526953,https://www.redfin.com/FL/Saint-Cloud/4531-Rangeland-Way-34772/home/193903220,poinciana,34772
8137 Roseville Rd,Davenport,FL,33896,349500,4,3.5,2060,700,condo,O6415114,https://www.redfin.com/FL/Davenport/8137-Roseville-Blvd-33896/home/56754105,poinciana,33896
196 Towns Cir,Haines City,FL,33844,349700,4,3,1988,60,single_family,O6428208,https://www.redfin.com/FL/Haines-City/196-Towns-Cir-33844/for-sale/177181402,poinciana,33844
1539 Aspen Ave,Davenport,FL,33837,349900,4,2,1850,25,single_family,O6416238,https://www.redfin.com/FL/Davenport/1539-Aspen-Ave-33837/home/177180821,poinciana,33837
411 Country Pine Rd,Haines City,FL,33844,349900,3,2,1644,,single_family,P4939481,https://www.redfin.com/FL/Haines-City/411-Country-Pine-Rd-33844/for-sale/46260508,poinciana,33844
196 Minniehaha Cir,Haines City,FL,33844,349900,3,2,1770,230,single_family,O6411213,https://www.redfin.com/FL/Haines-City/196-Minniehaha-Cir-33844/home/46071606,poinciana,33844
5730 Loma Vista Dr W,Davenport,FL,33896,349900,3,2,1426,41,single_family,O6430980,https://www.redfin.com/FL/Davenport/5730-Loma-Vista-Dr-W-33896/for-sale/46122913,poinciana,33896
246 Aberdeen St,Davenport,FL,33896,349900,3,2.5,1915,195,single_family,S5151089,https://www.redfin.com/FL/Davenport/246-Aberdeen-St-33896/home/144455468,poinciana,33896
1115 Challenge Dr #1115,Davenport,FL,33896,349900,3,2,1787,676,townhouse,O6398678,https://www.redfin.com/FL/Davenport/1115-Challenge-Dr-33896/unit-1115/home/195973990,poinciana,33896
3832 Blackberry Cir,Saint Cloud,FL,34769,349900,4,2,1674,28,single_family,S5154932,https://www.redfin.com/FL/Saint-Cloud/3832-Blackberry-Cir-34769/for-sale/46569773,poinciana,34769
305 E 5th St,Saint Cloud,FL,34769,349900,3,2,1236,,single_family,S5150966,https://www.redfin.com/FL/Saint-Cloud/305-E-5th-St-34769/home/46513083,poinciana,34769
2809 Shelburne Way,Saint Cloud,FL,34772,349900,3,2,1894,10,single_family,S5151282,https://www.redfin.com/FL/Saint-Cloud/2809-Shelburne-Way-34772/home/109812087,poinciana,34772
3221 Warwick Pl,Haines City,FL,33844,349990,5,3,2277,50,single_family,C7527257,https://www.redfin.com/FL/Haines-City/3221-Warwick-Pl-33844/home/194086634,poinciana,33844
324 Huron Dr,Poinciana,FL,34759,349990,4,3,2087,90,single_family,C7529376,https://www.redfin.com/FL/Poinciana/324-Huron-Dr-34759/for-sale/46107415,poinciana,34759
302 Shad Way,Poinciana,FL,34759,349990,4,3,2087,90,single_family,C7529375,https://www.redfin.com/FL/Poinciana/302-Shad-Way-34759/for-sale/46101539,poinciana,34759
246 Spoonbill Ln,Poinciana,FL,34759,349990,4,3,2087,90,single_family,C7529374,https://www.redfin.com/FL/Poinciana/246-Spoonbill-Dr-34759/for-sale/46262849,poinciana,34759
183 Tiger Lily Ct,Davenport,FL,33837,349999,4,3,1689,531,single_family,O6422086,https://www.redfin.com/FL/Davenport/183-Tigerlily-Ct-33837/for-sale/46071080,poinciana,33837
4429 Riverbend Blvd,Haines City,FL,33844,349999,4,2,1850,51,single_family,TB8520359,https://www.redfin.com/FL/Haines-City/4429-Riverbend-Blvd-33844/home/199454624,poinciana,33844
416 Bridgeford Crossing Blvd,Davenport,FL,33837,350000,6,5,3260,163,single_family,O6421852,https://www.redfin.com/FL/Davenport/416-Bridgeford-Crossing-Blvd-33837/for-sale/46084330,poinciana,33837
922 Anna Pl,Davenport,FL,33837,350000,4,2.5,2120,92,single_family,O6426667,https://www.redfin.com/FL/Davenport/922-Anna-Pl-33837/for-sale/173889703,poinciana,33837
2156 Desert Rose Dr,Davenport,FL,33837,350000,4,2,1768,12,single_family,TB8529853,https://www.redfin.com/FL/Davenport/2156-Desert-Rose-Dr-33837/for-sale/182910163,poinciana,33837
826 Andalusia Loop,Davenport,FL,33837,350000,4,3,1962,217,single_family,O6418117,https://www.redfin.com/FL/Davenport/826-Andalusia-Loop-33837/home/46078957,poinciana,33837
3830 County Road 547 N,Davenport,FL,33837,350000,2,1,864,,single_family,S5152647,https://www.redfin.com/FL/Davenport/3830-County-Road-547-N-33837/home/46168445,poinciana,33837
US Highway 547 Hwy,Davenport,FL,33837,350000,,,,,8,O6427149,https://www.redfin.com/FL/Davenport/US-Highway-547-33837/home/162472001,poinciana,33837
1691 Waterview Loop,Haines City,FL,33844,350000,4,2,1912,70,single_family,S5152808,https://www.redfin.com/FL/Haines-City/1691-Waterview-Loop-33844/home/46271957,poinciana,33844
3704 Dusty Miller Pl,Haines City,FL,33844,350000,4,2,2020,58,single_family,L4963145,https://www.redfin.com/FL/Haines-City/3704-Dusty-Miller-Pl-33844/home/188719789,poinciana,33844
802 Scenic Hwy N,Lake Hamilton,FL,33851,350000,3,1,1000,,single_family,O6422028,https://www.redfin.com/FL/Lake-Hamilton/802-Scenic-HWY-N-33851/home/202656990,poinciana,33844
4123 Ruby Run,Haines City,FL,33844,350000,4,2,1990,8,single_family,O6419317,https://www.redfin.com/FL/Haines-City/4123-Ruby-Run-33844/home/173891894,poinciana,33844
111 Pinewood Dr,Davenport,FL,33896,350000,3,2,1474,46,single_family,L4964129,https://www.redfin.com/FL/Davenport/111-Pinewood-Dr-33896/for-sale/46099647,poinciana,33896
1407 Marsh Meadow Ln,Davenport,FL,33896,350000,3,2,1690,70,single_family,O6425866,https://www.redfin.com/FL/Davenport/1407-Marsh-Meadow-Ln-33896/for-sale/53422440,poinciana,33896
8127 Roseville Blvd,Davenport,FL,33896,350000,4,3.5,2060,702,condo,O6423209,https://www.redfin.com/FL/Davenport/8127-Roseville-Blvd-33896/home/56740603,poinciana,33896
388 Ocean Course Ave,Davenport,FL,33896,350000,4,3,1914,680,condo,O6409895,https://www.redfin.com/FL/Davenport/388-Ocean-Course-Ave-33896/home/168039643,poinciana,33896
344 Famagusta DR Dr,Davenport,FL,33896,350000,4,4,1671,381,condo,O6405942,https://www.redfin.com/FL/Davenport/344-Famagusta-Dr-33896/home/177178995,poinciana,33896
485 Famagusta Dr,Davenport,FL,33896,350000,4,4,2020,381,condo,O6398079,https://www.redfin.com/FL/Davenport/485-Famagusta-Dr-33896/home/177178952,poinciana,33896
1149 Drop Ln #704,Davenport,FL,33896,350000,3,2,1787,814,townhouse,O6404817,https://www.redfin.com/FL/DAVENPORT/1149-Drop-LN-33896/unit-704/home/187837076,poinciana,33896
9383 Westside Hills Dr,Davenport,FL,33896,350000,3,2.5,1453,170,condo,A12020198,https://www.redfin.com/FL/Davenport/9383-Westside-Hills-Dr-33896/home/184279951,poinciana,33896
8812 Oakwood Dr,Lake Wales,FL,33898,350000,3,2,1791,,single_family,O6376340,https://www.redfin.com/FL/Lake-Wales/8812-Oakwood-Dr-33898/home/46198377,poinciana,33898
422 Lakeview Rd,Poinciana,FL,34759,350000,4,2.5,2790,90,single_family,O6414057,https://www.redfin.com/FL/Poinciana/422-Lakeview-Rd-34759/home/46108038,poinciana,34759
1601 Wyoming Ave,Saint Cloud,FL,34769,350000,3,2,1312,,single_family,O6431441,https://www.redfin.com/FL/Saint-Cloud/1601-Wyoming-Ave-34769/for-sale/46511198,poinciana,34769
4880 Poolside Dr,Saint Cloud,FL,34769,350000,4,2.5,1727,155,condo,O6409667,https://www.redfin.com/FL/Saint-Cloud/4880-Poolside-Dr-34769/home/89196048,poinciana,34769
3923 Wind Dancer Cir,Saint Cloud,FL,34772,350000,4,2,1859,85,single_family,O6420944,https://www.redfin.com/FL/Saint-Cloud/3923-Wind-Dancer-Cir-34772/home/144249308,poinciana,34772
4563 Orchard Grove Rd,Saint Cloud,FL,34772,350000,4,2,1894,8,single_family,S5149983,https://www.redfin.com/FL/Saint-Cloud/4563-Orchard-Grove-Rd-34772/home/162585033,poinciana,34772
437 Oregon Ave,Saint Cloud,FL,34769,351950,3,2,1720,,single_family,O6405244,https://www.redfin.com/FL/Saint-Cloud/437-Oregon-Ave-34769/home/46511166,poinciana,34769
545 Ocean Course Ave #545,Champions Gate,FL,33896,352000,3,2,1787,523,townhouse,O6407057,https://www.redfin.com/FL/CHAMPIONS-GATE/545-Ocean-Course-AVE-33896/unit-545/home/179110339,poinciana,33896
2965 Cool Breeze Cir,Saint Cloud,FL,34769,352000,3,2,1480,66,single_family,O6422525,https://www.redfin.com/FL/Saint-Cloud/2965-Cool-Breeze-Cir-34769/home/46571561,poinciana,34769
1222 Hickory Nut Dr,Lake Wales,FL,33898,352581,4,2,2330,83,single_family,L4957879,https://www.redfin.com/FL/Lake-Wales/1222-Hickory-Nut-Dr-33898/home/199459796,poinciana,33898
817 Sheen Cir,Haines City,FL,33844,352900,5,3,2696,216,single_family,O6413118,https://www.redfin.com/FL/Haines-City/817-Sheen-Cir-33844/home/46088018,poinciana,33844
4430 Rummell Rd,Saint Cloud,FL,34769,353000,2,1.5,900,,single_family,S5145075,https://www.redfin.com/FL/Saint-Cloud/4430-Rummell-Rd-34769/home/46512989,poinciana,34769
5151 Four Strand Ct,Saint Cloud,FL,34772,353500,3,2,1555,60,single_family,O6417767,https://www.redfin.com/FL/Saint-Cloud/5151-Four-Strand-Ct-34772/home/177668691,poinciana,34772
233 Cimarron Dr,Poinciana,FL,34759,353990,4,3,2087,90,single_family,C7529372,https://www.redfin.com/FL/Poinciana/233-Cimarron-Dr-34759/for-sale/46169834,poinciana,34759
446 Reserve Dr,Davenport,FL,33896,354000,3,3,1512,245,single_family,S5150380,https://www.redfin.com/FL/Davenport/446-Reserve-Dr-33896/home/46302640,poinciana,33896
2962 Harlow Ave,Saint Cloud,FL,34772,354500,3,2,1527,8,single_family,O6392777,https://www.redfin.com/FL/Saint-Cloud/2962-Harlow-Ave-34772/home/147602618,poinciana,34772
1755 Grandiose Dr,Haines City,FL,33844,354890,5,3,2077,51,single_family,O6423765,https://www.redfin.com/FL/Haines-City/1755-Grandiose-Dr-33844/home/199456075,poinciana,33844
5389 Willow Crk,Haines City,FL,33844,354900,4,2.5,2305,68,single_family,O6421616,https://www.redfin.com/FL/Haines-City/5389-Willow-Crk-33844/home/199453139,poinciana,33844
5373 Willow Crk,Haines City,FL,33844,354900,4,2.5,2305,52,single_family,O6424575,https://www.redfin.com/FL/Haines-City/5373-Willow-Crk-33844/home/199453134,poinciana,33844
4890 Nathan Hale Blvd,Saint Cloud,FL,34769,354999,4,2.5,2070,333,condo,O6420525,https://www.redfin.com/FL/Saint-Cloud/4890-Nathan-Hale-Blvd-34769/home/104306004,poinciana,34769
1229 Red Hill Rd,Davenport,FL,33837,355000,4,2,1867,8,single_family,O6417751,https://www.redfin.com/FL/Davenport/1229-Red-Hill-Rd-33837/home/182911080,poinciana,33837
3122 Montserrat Way,Haines City,FL,33844,355000,4,3,1940,74,single_family,S5154828,https://www.redfin.com/FL/Haines-City/3122-Montserrat-Way-33844/for-sale/46304314,poinciana,33844
2263 Mallory Cir,Haines City,FL,33844,355000,3,2,1685,74,single_family,S5150735,https://www.redfin.com/FL/Haines-City/2263-Mallory-Cir-33844/home/46195309,poinciana,33844
8736 Pacific Dunes Dr,Davenport,FL,33896,355000,3,2.5,1950,876,single_family,S5150648,https://www.redfin.com/FL/Davenport/8736-Pacific-Dunes-Dr-33896/home/170049908,poinciana,33896
429 Virginia Ave,Saint Cloud,FL,34769,355000,3,2,1586,,single_family,O6392325,https://www.redfin.com/FL/Saint-Cloud/429-Virginia-Ave-34769/home/46511408,poinciana,34769
2581 Wadeview Loop,Saint Cloud,FL,34769,355000,4,2,1684,46,single_family,O6411452,https://www.redfin.com/FL/Saint-Cloud/2581-Wadeview-Loop-34769/home/160613211,poinciana,34769
4637 Glencrest Loop,Saint Cloud,FL,34772,355000,3,2,1552,7,single_family,O6393039,https://www.redfin.com/FL/Saint-Cloud/4637-Glencrest-Loop-34772/home/170047714,poinciana,34772
1211 Hickory Nut Dr,Lake Wales,FL,33898,355589,4,2,2330,83,single_family,L4957882,https://www.redfin.com/FL/Lake-Wales/1211-Hickory-Nut-Dr-33898/home/199459800,poinciana,33898
1572 Cloudy Ct,Saint Cloud,FL,34769,355990,4,2.5,2027,250,condo,O6429989,https://www.redfin.com/FL/Saint-Cloud/1572-Cloudy-Ct-34769/home/184273946,poinciana,34769
6390 Clover St,Haines City,FL,33851,356434,4,3,2030,49,single_family,S5150992,https://www.redfin.com/FL/Haines-City/6390-Clover-St-33844/for-sale/194087034,poinciana,33844
5602 Brook Ln,Haines City,FL,33844,356900,4,2.5,2305,206,single_family,O6414680,https://www.redfin.com/FL/Haines-City/5602-Brook-Ln-33844/home/199453173,poinciana,33844
5463 Meadow Walk Dr,Davenport,FL,33837,356990,4,2.5,1876,54,single_family,O6415295,https://www.redfin.com/FL/Davenport/5463-Meadow-Walk-Dr-33837/home/199451344,poinciana,33837
3393 Linger Ln,Haines City,FL,33851,357130,4,3,2387,47,single_family,TB8526957,https://www.redfin.com/FL/Haines-City/3393-Linger-Ln-33844/home/198752244,poinciana,33844
3248 Sawgrass Creek Cir,Saint Cloud,FL,34772,357500,3,2,1815,41,single_family,S5153597,https://www.redfin.com/FL/Saint-Cloud/3248-Sawgrass-Creek-Cir-34772/home/46565960,poinciana,34772
1900 Noble Dr,Davenport,FL,33837,357770,4,2,1715,12,single_family,L4963042,https://www.redfin.com/FL/Davenport/1900-Noble-Dr-33837/home/194085526,poinciana,33837
5614 Brook Ln,Haines City,FL,33844,357900,4,2.5,2305,206,single_family,O6414684,https://www.redfin.com/FL/Haines-City/5614-Brook-Ln-33844/home/199453176,poinciana,33844
507 Magpie Ln,Poinciana,FL,34759,357990,4,3,2087,90,single_family,C7529373,https://www.redfin.com/FL/Poinciana/507-Magpie-Ln-34759/for-sale/46219249,poinciana,34759
210 Bogey Dr,Davenport,FL,33896,358000,3,2.5,1988,322,condo,O6431935,https://www.redfin.com/FL/Davenport/210-Bogey-Dr-33896/home/184279500,poinciana,33896
1729 Flag St,Haines City,FL,33844,358065,5,3,2434,110,single_family,O6431537,https://www.redfin.com/FL/Haines-City/1729-Flag-St-33844/for-sale/199455195,poinciana,33844
1226 Hickory Nut Dr,Lake Wales,FL,33898,358161,4,3,2265,83,single_family,L4959618,https://www.redfin.com/FL/Lake-Wales/1226-Hickory-Nut-Dr-33898/home/199459795,poinciana,33898
1214 Hickory Nut Dr,Lake Wales,FL,33898,358161,4,3,2265,83,single_family,L4957881,https://www.redfin.com/FL/Lake-Wales/1214-Hickory-Nut-Dr-33898/home/199459798,poinciana,33898
1775 Grandiose Dr,Haines City,FL,33851,358490,4,3,2077,51,single_family,O6430629,https://www.redfin.com/FL/Haines-City/1775-Grandiose-Dr-33844/for-sale/199456070,poinciana,33844
47 Orchid Ct,Poinciana,FL,34759,358500,4,3,1710,90,single_family,O6425798,https://www.redfin.com/FL/Poinciana/47-Orchid-Ct-34759/for-sale/46149654,poinciana,34759
1825 American Way,Haines City,FL,33844,358990,5,3,2434,109,single_family,O6413421,https://www.redfin.com/FL/Haines-City/1825-American-Way-33844/home/199455203,poinciana,33844
1906 Niagra Dr,Davenport,FL,33837,359000,4,2.5,1907,55,single_family,L4962872,https://www.redfin.com/FL/Davenport/1906-Niagra-Dr-33837/home/188716053,poinciana,33837
840 Benoi DR Dr,Davenport,FL,33896,359000,3,2.5,2039,331,condo,O6423931,https://www.redfin.com/FL/Davenport/840-Benoi-Dr-33896/home/173889074,poinciana,33896
540 Sandy Ridge Dr,Davenport,FL,33896,359000,4,3.5,1768,118,single_family,O6394005,https://www.redfin.com/FL/Davenport/540-Sandy-Ridge-Dr-33896/home/46049481,poinciana,33896
1069 Splash Shot Pl #1804,Davenport,FL,33896,359000,3,2,1787,681,townhouse,O6420495,https://www.redfin.com/FL/Davenport/1069-Splash-Shot-Pl-33896/unit-1804/home/202394391,poinciana,33896
1725 California Ave,Saint Cloud,FL,34769,359000,3,2,1229,,single_family,S5150113,https://www.redfin.com/FL/Saint-Cloud/1725-California-Ave-34769/home/46532866,poinciana,34769
5479 Meadow Walk Dr,Davenport,FL,33837,359210,4,2.5,1876,54,single_family,O6415243,https://www.redfin.com/FL/Davenport/5479-Meadow-Walk-Dr-33837/home/199451350,poinciana,33837
5186 Green Belt Dr,Haines City,FL,33844,359540,4,3,1988,50,single_family,TB8529771,https://www.redfin.com/FL/Haines-City/5186-Green-Belt-Dr-33844/for-sale/198751947,poinciana,33844
1672 Astrid Rd,Davenport,FL,33837,359670,4,2,1715,12,single_family,L4960621,https://www.redfin.com/FL/Davenport/1672-Astrid-Rd-33837/for-sale/194085492,poinciana,33837
1763 Grandiose Dr,Haines City,FL,33844,359890,4,3,2077,51,single_family,O6413086,https://www.redfin.com/FL/Haines-City/1763-Grandiose-Dr-33844/home/199456073,poinciana,33844
1055 Sugarwood St,Davenport,FL,33837,359900,4,3,2248,10,single_family,L4963833,https://www.redfin.com/FL/Davenport/1055-Sugarwood-St-33837/for-sale/177180736,poinciana,33837
239 China Berry Cir,Davenport,FL,33837,359900,3,2,1600,43,single_family,L4962959,https://www.redfin.com/FL/Davenport/239-China-Berry-Cir-33837/home/46303207,poinciana,33837
3417 Yarian Dr,Haines City,FL,33844,359900,4,2,1959,18,single_family,TB8514421,https://www.redfin.com/FL/Haines-City/3417-Yarian-Dr-33844/home/177045457,poinciana,33844
1003 Old Cutler Rd,Lake Wales,FL,33898,359900,3,2,1997,70,single_family,P4939046,https://www.redfin.com/FL/Lake-Wales/1003-Old-Cutler-Rd-33898/home/46115470,poinciana,33898
1139 Drop Ln #1139,Davenport,FL,33896,359990,3,2,1787,658,townhouse,S5150367,https://www.redfin.com/FL/Davenport/1139-Drop-Ln-33896/unit-1139/home/188576729,poinciana,33896
413 Sapphire Dr,Davenport,FL,33837,360000,3,2,1983,80,single_family,O6409066,https://www.redfin.com/FL/Davenport/413-Sapphire-Dr-33837/for-sale/154043653,poinciana,33837
1113 Citrus Landings Blvd,Davenport,FL,33837,360000,3,2,1970,23,single_family,O6412607,https://www.redfin.com/FL/Davenport/1113-Citrus-Landings-Blvd-33837/home/177180556,poinciana,33837
5442 Catmint Dr,Haines City,FL,33844,360000,4,3,2075,59,single_family,O6423819,https://www.redfin.com/FL/Haines-City/5442-Catmint-Dr-33844/home/188719996,poinciana,33844
1889 Snapper Dr,Poinciana,FL,34759,360000,4,2.5,2114,8,single_family,TB8535155,https://www.redfin.com/FL/Poinciana/1889-Snapper-Dr-34759/for-sale/46102434,poinciana,34759
421 Treviso Dr,Poinciana,FL,34759,360000,2,2,1705,442,single_family,S5154608,https://www.redfin.com/FL/Poinciana/421-Treviso-Dr-34759/for-sale/113028788,poinciana,34759
3676 Scarlet Oak Dr,Saint Cloud,FL,34772,360000,3,2,1412,76,single_family,O6404707,https://www.redfin.com/FL/Saint-Cloud/3676-Scarlet-Oak-Dr-34772/home/173733912,poinciana,34772
6398 Clover St,Haines City,FL,33851,360265,4,2,1920,49,single_family,S5153959,https://www.redfin.com/FL/Haines-City/6398-Clover-St-33844/for-sale/194087036,poinciana,33844
4041 Kindling Wood Way,Saint Cloud,FL,34772,361295,3,2.5,1946,8,single_family,L4962428,https://www.redfin.com/FL/Saint-Cloud/4041-Kindling-Wood-Way-34772/home/199308420,poinciana,34772
1723 Vanilla St,Lake Hamilton,FL,33851,362999,5,3,2470,59,single_family,TB8520157,https://www.redfin.com/FL/Lake-Hamilton/1723-Vanilla-ST-33851/home/202282671,poinciana,33844
5422 Crown Point Rd,Poinciana,FL,34758,363874,4,2.5,2271,124,single_family,O6424989,https://www.redfin.com/FL/Poinciana/5422-Crown-Point-RD-34758/for-sale/203128793,poinciana,34758
1735 Vanilla St,Lake Hamilton,FL,33851,363999,5,3,2470,59,single_family,TB8525639,https://www.redfin.com/FL/Lake-Hamilton/1735-Vanilla-ST-33851/home/202605318,poinciana,33844
4566 Orchard Grove Rd,Saint Cloud,FL,34772,364000,3,2,1894,8,single_family,S5147168,https://www.redfin.com/FL/Saint-Cloud/4566-Orchard-Grove-Rd-34772/home/162460317,poinciana,34772
5611 Ranger Rd,Davenport,FL,33837,364260,4,2.5,1876,54,single_family,O6415290,https://www.redfin.com/FL/Davenport/5611-Ranger-Rd-33837/home/198629019,poinciana,33837
1747 Vanilla St,Haines City,FL,33844,364490,5,3,2470,59,single_family,TB8535243,https://www.redfin.com/FL/Haines-City/1747-Vanilla-St-33844/for-sale/194087524,poinciana,33844
1132 Via Galuppi St,Poinciana,FL,34759,364500,3,2,1725,438,single_family,O6418633,https://www.redfin.com/FL/Poinciana/1132-Via-Galuppi-St-34759/home/186922666,poinciana,34759
1205 Wahneta Ct,Poinciana,FL,34759,364900,5,3,2244,100,single_family,TB8517392,https://www.redfin.com/FL/Poinciana/1205-Wahneta-Ct-34759/home/46255814,poinciana,34759
3653 Scarlet Oak Dr,Saint Cloud,FL,34772,364900,3,2,1676,75,single_family,S5153741,https://www.redfin.com/FL/Saint-Cloud/3653-Scarlet-Oak-Dr-34772/for-sale/170168627,poinciana,34772
4531 Wynnstone Dr,Davenport,FL,33837,364999,3,2,1615,54,single_family,TB8535251,https://www.redfin.com/FL/Davenport/4531-Wynnstone-Dr-33837/for-sale/199465679,poinciana,33837
1577 Sage Ave,Haines City,FL,33844,364999,5,3,2470,59,single_family,TB8525609,https://www.redfin.com/FL/Haines-City/1577-Sage-Ave-33844/home/194087467,poinciana,33844
110 Knollwood Dr,Davenport,FL,33837,365000,5,4,1825,60,single_family,O6429954,https://www.redfin.com/FL/Davenport/110-Knollwood-Dr-33837/for-sale/46304463,poinciana,33837
1264 Cascades Ave,Davenport,FL,33837,365000,3,2,2048,55,single_family,S5153939,https://www.redfin.com/FL/Davenport/1264-Cascades-Ave-33837/for-sale/183780280,poinciana,33837
4746 Terrasonesta Dr,Davenport,FL,33837,365000,4,3.5,2184,520,condo,A4697815,https://www.redfin.com/FL/Davenport/4746-Terrasonesta-Dr-33837/home/52800010,poinciana,33837
5924 Catamaran Ave,Haines City,FL,33844,365000,4,2,2100,58,single_family,P4939458,https://www.redfin.com/FL/Haines-City/5924-Catamaran-Ave-33844/for-sale/184477468,poinciana,33844
4908 Bluebell Ct,Haines City,FL,33844,365000,4,2,2532,175,single_family,O6424314,https://www.redfin.com/FL/Haines-City/4908-Bluebell-Ct-33844/for-sale/188719874,poinciana,33844
1446 Sea Glass Rd,Haines City,FL,33844,365000,4,2,2226,55,single_family,TB8531917,https://www.redfin.com/FL/Haines-City/1446-Sea-Glass-Rd-33844/for-sale/187591397,poinciana,33844
299 Nine Iron Dr,Davenport,FL,33896,365000,4,3.5,1954,322,condo,117869,https://www.redfin.com/FL/Davenport/299-Nine-Iron-Dr-33896/for-sale/183358600,poinciana,33896
1591 Moon Valley Dr,Davenport,FL,33896,365000,4,3,1902,679,condo,O6426051,https://www.redfin.com/FL/Davenport/1591-Moon-Valley-Dr-33896/home/104179198,poinciana,33896
1159 Drop Ln,Davenport,FL,33896,365000,3,2.5,1388,516,condo,O6427395,https://www.redfin.com/FL/Davenport/1159-Drop-Ln-33896/home/177669338,poinciana,33896
9424 Westside Hills Dr,Davenport,FL,33896,365000,3,2.5,1556,170,condo,S5152755,https://www.redfin.com/FL/Davenport/9424-Westside-Hills-Dr-33896/home/184279931,poinciana,33896
1038 Plantation Ln,Davenport,FL,33896,365000,3,2,1622,320,single_family,S5150798,https://www.redfin.com/FL/Davenport/1038-Plantation-Ln-33896/home/182908813,poinciana,33896
1082 Tequesta Trl,Lake Wales,FL,33898,365000,3,2,1488,73,single_family,K4903448,https://www.redfin.com/FL/Lake-Wales/1082-Tequesta-Trl-33898/home/46115503,poinciana,33898
723 Robin Ct,Poinciana,FL,34759,365000,4,2,1758,100,single_family,S5150949,https://www.redfin.com/FL/Poinciana/723-Robin-Ct-34759/home/46218938,poinciana,34759
2472 Pine Chase Cir,Saint Cloud,FL,34769,365000,4,2,1415,20,single_family,S5155222,https://www.redfin.com/FL/Saint-Cloud/2472-Pine-Chase-Cir-34769/for-sale/46532450,poinciana,34769
1414 Sea Glass Rd,Haines City,FL,33844,365900,5,3,2443,153,single_family,TB8531714,https://www.redfin.com/FL/Haines-City/1414-Sea-Glass-Rd-33844/for-sale/188719193,poinciana,33844
5140 Natalia Dr,Saint Cloud,FL,34772,366490,4,2.5,2071,115,single_family,O6429210,https://www.redfin.com/FL/Saint-Cloud/5140-Natalia-Dr-34772/for-sale/199302961,poinciana,34772
Friedlander Rd,Babson Park,FL,33827,366700,,,,,8,L4959987,https://www.redfin.com/FL/Babson-Park/Friedlander-Rd-33827/home/163320806,poinciana,33898
1589 Sage Ave,Haines City,FL,33844,366999,5,3,2470,59,single_family,TB8535238,https://www.redfin.com/FL/Haines-City/1589-Sage-Ave-33844/for-sale/194087464,poinciana,33844
1221 Lexington Ln,Haines City,FL,33844,367000,4,2.5,2280,95,single_family,S5150432,https://www.redfin.com/FL/Haines-City/1221-Lexington-Ln-33844/home/194086124,poinciana,33844
354 Captiva Dr,Davenport,FL,33896,367000,4,3,1960,498,condo,O6409312,https://www.redfin.com/FL/Davenport/354-Captiva-Dr-33896/home/103853359,poinciana,33896
4804 Rolling Lake Ln,Davenport,FL,33837,367990,4,2.5,1866,54,single_family,O6427953,https://www.redfin.com/FL/Davenport/4804-Rolling-Lake-Ln-33837/for-sale/203271612,poinciana,33837
212 Ocean Course Ave,Davenport,FL,33896,368000,4,3,1914,633,condo,S5151020,https://www.redfin.com/FL/Davenport/212-Ocean-Course-Ave-33896/home/168039613,poinciana,33896
2826 Waterlily Way,Poinciana,FL,34759,368000,5,3,2447,120,single_family,S5149241,https://www.redfin.com/FL/Poinciana/2826-Waterlily-Way-34759/home/188721395,poinciana,34759
307 Fox Loop,Davenport,FL,33837,369000,4,3,1534,100,single_family,A12057736,https://www.redfin.com/FL/Davenport/307-Fox-Loop-33837/for-sale/46299420,poinciana,33837
1923 Elkridge St,Davenport,FL,33837,369000,5,3,2522,8,single_family,S5153707,https://www.redfin.com/FL/Davenport/1923-Elkridge-St-33837/for-sale/182911026,poinciana,33837
1731 Sanibel Dr,Davenport,FL,33896,369000,3,2,2174,331,condo,O6420614,https://www.redfin.com/FL/Davenport/1731-Sanibel-Dr-33896/home/177179067,poinciana,33896
2725 Clubhouse Dr,Lake Wales,FL,33898,369000,4,3,2574,245,single_family,P4938219,https://www.redfin.com/FL/Lake-Wales/2725-Clubhouse-Dr-33898/home/46115555,poinciana,33898
3741 Haddon Ave,Davenport,FL,33837,369190,4,3,2203,99,single_family,O6429311,https://www.redfin.com/FL/Davenport/3741-Haddon-Ave-33837/for-sale/194085168,poinciana,33837
1029 Plantation Ln,Davenport,FL,33896,369400,3,2.5,1622,474,condo,O6412688,https://www.redfin.com/FL/Davenport/1029-Plantation-Ln-33896/home/182908842,poinciana,33896
2586 Absoulte Ave,Haines City,FL,33851,369490,3,2.5,2267,52,single_family,O6431174,https://www.redfin.com/FL/Haines-City/2586-Absolute-Ave-33844/for-sale/199456116,poinciana,33844
518 Cadiz Loop,Davenport,FL,33837,369900,4,4,2060,216,single_family,O6431343,https://www.redfin.com/FL/Davenport/518-Cadiz-Loop-33837/for-sale/46078907,poinciana,33837
765 Ambleside Dr,Haines City,FL,33844,369900,5,3,2447,50,single_family,O6420752,https://www.redfin.com/FL/Haines-City/765-Ambleside-Dr-33844/home/194086234,poinciana,33844
1572 Ellesmere Ave,Haines City,FL,33844,369900,5,3,2640,51,single_family,O6411415,https://www.redfin.com/FL/Haines-City/1572-Ellesmere-Ave-33844/home/191159856,poinciana,33844
8928 Azalea Sands Ln #8928,Davenport,FL,33896,369900,3,2,1854,679,townhouse,S5153327,https://www.redfin.com/FL/Davenport/8928-Azalea-Sands-Ln-33896/home/59937132,poinciana,33896
188 Ridgemont Ct,Davenport,FL,33896,369900,3,3,1589,111,single_family,O6396836,https://www.redfin.com/FL/Davenport/188-Ridgemont-Ct-33896/home/46053653,poinciana,33896
318 Captiva Dr,Davenport,FL,33896,369900,4,3,1960,498,condo,O6396814,https://www.redfin.com/FL/Davenport/318-Captiva-Dr-33896/home/103853367,poinciana,33896
16950 Highway 630e Unit 140,Lake Wales,FL,33867,369900,1,1,460,350,10,G5111992,https://www.redfin.com/FL/Lake-Wales/16950-Highway-630-E-33898/home/194580146,poinciana,33898
632 Bittern Ct,Poinciana,FL,34759,369900,5,3,2530,85,single_family,S5153815,https://www.redfin.com/FL/Poinciana/632-Bittern-Ct-34759/for-sale/46218804,poinciana,34759
5121 Four Strand Ct,Saint Cloud,FL,34772,369900,4,2,1950,60,single_family,O6427146,https://www.redfin.com/FL/Saint-Cloud/5121-Four-Strand-Ct-34772/for-sale/177668689,poinciana,34772
3773 Moon Dancer Pl,Saint Cloud,FL,34772,369900,4,2,1859,83,single_family,S5153031,https://www.redfin.com/FL/Saint-Cloud/3773-Moon-Dancer-Pl-34772/home/46495681,poinciana,34772
3488 Harlequin Dr,Saint Cloud,FL,34772,369900,3,2,1972,66,single_family,O6397252,https://www.redfin.com/FL/Saint-Cloud/3488-Harlequin-Dr-34772/home/46505587,poinciana,34772
194 Glenfield Dr,Davenport,FL,33837,369990,4,3,2175,30,single_family,O6428855,https://www.redfin.com/FL/Davenport/194-Glenfield-DR-33837/for-sale/203485872,poinciana,33837
1189 Cumberland Trail Dr,Lake Hamilton,FL,33851,369990,5,3,2447,51,single_family,O6424947,https://www.redfin.com/FL/Lake-Hamilton/1189-Cumberland-Trl-33851/for-sale/203219547,poinciana,33844
1569 Plunker Dr,Davenport,FL,33896,369990,4,3,1902,465,condo,S5149378,https://www.redfin.com/FL/Davenport/1569-Plunker-Dr-33896/home/143846587,poinciana,33896
3514 Pintail Ln,Saint Cloud,FL,34772,369998,4,2,2746,66,single_family,S5149779,https://www.redfin.com/FL/Saint-Cloud/3514-Pintail-Ln-34772/home/46495649,poinciana,34772
4438 Riverbend Blvd,Haines City,FL,33844,369999,5,3,2470,51,single_family,TB8525697,https://www.redfin.com/FL/Haines-City/4438-Riverbend-Blvd-33844/home/199454788,poinciana,33844
6039 Prairie Run,Haines City,FL,33844,369999,5,3,2470,51,single_family,TB8520318,https://www.redfin.com/FL/Haines-City/6039-Prairie-Run-33844/home/199454770,poinciana,33844
6047 Prairie Run,Haines City,FL,33844,369999,5,3,2470,51,single_family,TB8520160,https://www.redfin.com/FL/Haines-City/6047-Prairie-Run-33844/home/199454768,poinciana,33844
366 Preserve Pointe Blvd,Davenport,FL,33837,370000,3,2.5,2217,,single_family,O6425490,https://www.redfin.com/FL/Davenport/366-Preserve-Pointe-Blvd-33837/for-sale/170189774,poinciana,33837
7513 Oak Spring Ln,Davenport,FL,33837,370000,5,4.5,2281,520,condo,O6427855,https://www.redfin.com/FL/Davenport/7513-Oak-Spring-Ln-33837/home/177179234,poinciana,33837
2959 Camden Way,Davenport,FL,33837,370000,4,3,2006,143,single_family,L4963563,https://www.redfin.com/FL/Davenport/2959-Camden-Way-33837/for-sale/179804221,poinciana,33837
3310 Weitzel Dr,Haines City,FL,33844,370000,4,2.5,2364,18,single_family,S5153277,https://www.redfin.com/FL/Haines-City/3310-Weitzel-Dr-33844/home/177155181,poinciana,33844
849 Silverado Trail Dr,Haines City,FL,33851,370000,4,3,2631,47,single_family,TB8526955,https://www.redfin.com/FL/Haines-City/849-Silverado-Trail-Dr-33844/home/198762001,poinciana,33844
1562 Moon Valley Dr,Davenport,FL,33896,370000,4,3,1902,679,condo,O6420669,https://www.redfin.com/FL/Davenport/1562-Moon-Valley-Dr-33896/home/101742878,poinciana,33896
508 Vista Villages Blvd,Davenport,FL,33896,370000,4,2,1823,68,single_family,S5151924,https://www.redfin.com/FL/Davenport/508-Vista-Villages-Blvd-33896/home/173892950,poinciana,33896
2941 Rawls Rd,Lake Wales,FL,33898,370000,4,2,1493,,10,L4962691,https://www.redfin.com/FL/Lake-Wales/2941-Rawls-Rd-33898/home/162498346,poinciana,33898
3198 Viceroy Ct,Poinciana,FL,34759,370000,4,2.5,2631,100,single_family,O6428675,https://www.redfin.com/FL/Poinciana/3198-Viceroy-Ct-34759/for-sale/188721278,poinciana,34759
3969 Eternity Cir,Saint Cloud,FL,34772,370000,4,2,1859,85,single_family,S5154335,https://www.redfin.com/FL/Saint-Cloud/3969-Eternity-Cir-34772/for-sale/52771232,poinciana,34772
3505 Sprite Ln,Saint Cloud,FL,34772,370000,4,2,1859,85,single_family,O6416767,https://www.redfin.com/FL/Saint-Cloud/3505-Sprite-Ln-34772/home/53410464,poinciana,34772
4720 Homestead Trl,Saint Cloud,FL,34772,370000,3,2.5,1788,90,single_family,O6427722,https://www.redfin.com/FL/Saint-Cloud/4720-Homestead-Trl-34772/for-sale/186104039,poinciana,34772
3589 Yellow Bird Ct,Saint Cloud,FL,34772,370000,3,2,1826,19,single_family,O6411686,https://www.redfin.com/FL/Saint-Cloud/3589-Yellow-Bird-Ct-34772/home/46573913,poinciana,34772
4716 Homestead Trl,Saint Cloud,FL,34772,370000,3,2.5,1675,90,single_family,O6427388,https://www.redfin.com/FL/Saint-Cloud/4716-Homestead-Trl-34772/for-sale/185954645,poinciana,34772
1033 Waterfall Blvd,Davenport,FL,33837,370990,4,2.5,1907,55,single_family,O6411612,https://www.redfin.com/FL/Davenport/1033-Waterfall-Blvd-33837/home/188715852,poinciana,33837
5369 Willow Crk,Haines City,FL,33844,371990,5,3,2447,51,single_family,O6424708,https://www.redfin.com/FL/Haines-City/5369-Willow-Crk-33844/home/199453133,poinciana,33844
1185 Cumberland Trail Dr,Haines City,FL,33844,371990,5,3,2447,52,single_family,O6429561,https://www.redfin.com/FL/Haines-City/1185-Cumberland-Trail-Dr-33844/for-sale/199456026,poinciana,33844
4930 Katrina Dr,Haines City,FL,33844,373490,5,3,2447,51,single_family,O6426868,https://www.redfin.com/FL/Haines-City/4930-Katrina-Dr-33844/for-sale/199453156,poinciana,33844
2261 Crown Rock Bluff Dr,Lake Hamilton,FL,33851,373890,4,2,2061,52,single_family,O6431180,https://www.redfin.com/FL/Lake-Hamilton/2261-Crown-Rock-Bluff-Dr-33851/for-sale/204456532,poinciana,33844
2811 Parkfield Rd,Saint Cloud,FL,34772,374490,5,3,2289,100,single_family,S5151431,https://www.redfin.com/FL/Saint-Cloud/2811-Parkfield-Rd-34772/home/170047963,poinciana,34772
280 Indian Wells Ave,Poinciana,FL,34759,374900,2,2,2101,442,single_family,S5154823,https://www.redfin.com/FL/Poinciana/280-Indian-Wells-Ave-34759/for-sale/46072419,poinciana,34759
301 Salmon Way,Poinciana,FL,34759,374900,5,2,2768,100,single_family,O6418256,https://www.redfin.com/FL/Poinciana/301-Salmon-Way-34759/home/46101200,poinciana,34759
3809 Enchantment Ln,Saint Cloud,FL,34772,374900,4,2,1859,85,single_family,O6418542,https://www.redfin.com/FL/Saint-Cloud/3809-Enchantment-Ln-34772/home/53423395,poinciana,34772
257 Vervain Ave,Davenport,FL,33837,374999,4,2.5,2792,29,single_family,S5153027,https://www.redfin.com/FL/Davenport/257-Vervain-Ave-33837/home/46049159,poinciana,33837
6055 Prairie Run,Haines City,FL,33844,374999,5,3,2470,51,single_family,TB8535262,https://www.redfin.com/FL/Haines-City/6055-Prairie-Run-33844/for-sale/199454766,poinciana,33844
6059 Prairie Run,Haines City,FL,33844,374999,5,3,2470,51,single_family,TB8535260,https://www.redfin.com/FL/Haines-City/6059-Prairie-Run-33844/for-sale/199454765,poinciana,33844
621 Reserve Dr,Davenport,FL,33896,374999,4,3,1731,249,single_family,S5154468,https://www.redfin.com/FL/Davenport/621-Reserve-Dr-33896/for-sale/46302678,poinciana,33896
215 Aqua Ave,Davenport,FL,33837,375000,4,2.5,1870,55,single_family,O6429595,https://www.redfin.com/FL/Davenport/215-Aqua-Ave-33837/for-sale/184821994,poinciana,33837
136 Sunset View Dr,Davenport,FL,33837,375000,5,3,1825,166,single_family,O6430096,https://www.redfin.com/FL/Davenport/136-Sunset-View-Dr-33837/for-sale/46057464,poinciana,33837
243 Wildflower Rd,Davenport,FL,33837,375000,4,3,2218,71,single_family,O6425697,https://www.redfin.com/FL/Davenport/243-Wildflower-Rd-33837/for-sale/46063942,poinciana,33837
121 Vine Dr,Davenport,FL,33837,375000,4,3,1844,81,single_family,S5153667,https://www.redfin.com/FL/Davenport/121-Vine-Dr-33837/for-sale/46061334,poinciana,33837
2158 Aquifer Ln,Davenport,FL,33837,375000,4,2.5,1907,52,single_family,O6414165,https://www.redfin.com/FL/Davenport/2158-Aquifer-Ln-33837/home/188716119,poinciana,33837
,Davenport,FL,33837,375000,3,2,1392,,single_family,S5151437,https://www.redfin.com/FL/Davenport/Undisclosed-address-33837/home/46106301,poinciana,33837
449 Tortugas St,Haines City,FL,33844,375000,5,3,3309,12,single_family,O6428493,https://www.redfin.com/FL/Haines-City/449-Tortugas-St-33844/for-sale/173891347,poinciana,33844
4055 Ruby Run,Haines City,FL,33844,375000,4,2,1547,8,single_family,S5149757,https://www.redfin.com/FL/Haines-City/4055-Ruby-Run-33844/home/173891840,poinciana,33844
192 Villa Domani Cir,Davenport,FL,33896,375000,4,3,1871,,single_family,S5150933,https://www.redfin.com/FL/Davenport/192-Villa-Domani-Cir-33896/home/170189368,poinciana,33896
8995 Fluffy Lie Ct,Davenport,FL,33896,375000,3,2.5,2076,876,single_family,S5148212,https://www.redfin.com/FL/Davenport/8995-Fluffy-Lie-Ct-33896/home/173831293,poinciana,33896
313 Captiva Dr,Davenport,FL,33896,375000,4,3.5,1960,498,condo,S5148564,https://www.redfin.com/FL/Davenport/313-Captiva-Dr-33896/home/103853315,poinciana,33896
634 Longboat Dr,Davenport,FL,33896,375000,3,2.5,1622,469,condo,S5152080,https://www.redfin.com/FL/Davenport/634-Longboat-Dr-33896/home/182908876,poinciana,33896
9282 Westside Hills Dr,Davenport,FL,33896,375000,3,2.5,1556,9,condo,S5145450,https://www.redfin.com/FL/Davenport/9282-Westside-Hills-Dr-33896/home/184279908,poinciana,33896
5574 S Orange Blossom Trl,Intercession City,FL,33848,375000,,,,,8,S5144281,https://www.redfin.com/FL/Intercession-City/5574-S-Orange-Blossom-Trl-33848/home/46570004,poinciana,34758
417 Rio Grande Ct,Poinciana,FL,34759,375000,4,2,2612,100,single_family,O6422376,https://www.redfin.com/FL/Poinciana/417-Rio-Grande-Ct-34759/home/46255100,poinciana,34759
1831 Centennial Ave,Saint Cloud,FL,34769,375000,3,2,1770,9,single_family,S5154212,https://www.redfin.com/FL/Saint-Cloud/1831-Centennial-Ave-34769/for-sale/46502320,poinciana,34769
4680 Homestead Trl,Saint Cloud,FL,34772,375000,3,2.5,1788,89,single_family,TB8534551,https://www.redfin.com/FL/Saint-Cloud/4680-Homestead-Trl-34772/for-sale/188683358,poinciana,34772
1393 Wood Lake Cir,Saint Cloud,FL,34772,375000,3,2,1933,29,single_family,O6412064,https://www.redfin.com/FL/Saint-Cloud/1393-Wood-Lake-Cir-34772/home/46553903,poinciana,34772
4131 Tree Swallow Trl,Saint Cloud,FL,34772,375000,3,2,1746,114,single_family,S5145589,https://www.redfin.com/FL/Saint-Cloud/4131-Tree-Swallow-Trl-34772/home/184274763,poinciana,34772
5538 Buckeye Bend Dr,Saint Cloud,FL,34772,375675,4,2,1819,8,single_family,L4963900,https://www.redfin.com/FL/Saint-Cloud/5538-Buckeye-Bend-Dr-34772/for-sale/199308455,poinciana,34772
5076 Rain Shadow Dr,Saint Cloud,FL,34772,375990,4,3,1769,332,condo,O6398911,https://www.redfin.com/FL/Saint-Cloud/5076-Rain-Shadow-Dr-34772/home/192217889,poinciana,34772
4018 Waving Hickory Blvd,Saint Cloud,FL,34772,376220,4,2.5,2066,8,single_family,L4962464,https://www.redfin.com/FL/Saint-Cloud/4018-Waving-Hickory-Blvd-34772/home/199308424,poinciana,34772
49 Orchid Ct,Poinciana,FL,34759,377500,4,3,1896,90,single_family,O6425860,https://www.redfin.com/FL/Poinciana/49-Orchid-Ct-34759/for-sale/46149667,poinciana,34759
3565 Roden Rd,Haines City,FL,33844,377990,4,3,2215,51,single_family,O6426947,https://www.redfin.com/FL/Haines-City/3565-Roden-Rd-33844/for-sale/199453261,poinciana,33844
4337 Riverbend Blvd,Haines City,FL,33844,377999,5,3,2420,51,single_family,TB8535264,https://www.redfin.com/FL/Haines-City/4337-Riverbend-Blvd-33844/for-sale/199454607,poinciana,33844
1721 White Water Ct,Davenport,FL,33837,378000,6,3,2575,55,single_family,O6420169,https://www.redfin.com/FL/Davenport/1721-White-Water-Ct-33837/home/188716014,poinciana,33837
4629 Cross Prairie Pkwy,Saint Cloud,FL,34772,378000,3,2.5,1784,89,single_family,S5153780,https://www.redfin.com/FL/Saint-Cloud/4629-Cross-Prairie-Pkwy-34772/for-sale/188683380,poinciana,34772
1114 Hudson Harbor Ln,Poinciana,FL,34759,378990,5,3,2601,81,single_family,O6405811,https://www.redfin.com/FL/Poinciana/1114-Hudson-Harbor-Ln-34759/home/46170283,poinciana,34759
1116 Fox Path Rd,Davenport,FL,33837,379000,5,3,2696,10,single_family,C7528162,https://www.redfin.com/FL/Davenport/1116-Fox-Path-33837/home/173890273,poinciana,33837
1383 Shinnecock Hills Dr,Davenport,FL,33896,379000,5,3,2522,578,condo,O6420639,https://www.redfin.com/FL/Davenport/1383-Shinnecock-Hills-Dr-33896/home/162393969,poinciana,33896
512 Ponderosa Dr,Saint Cloud,FL,34769,379000,3,2,1912,,single_family,O6430377,https://www.redfin.com/FL/Saint-Cloud/512-Ponderosa-Dr-34769/for-sale/46517654,poinciana,34769
3680 Cabo Ln,Saint Cloud,FL,34772,379000,4,3,1972,99,single_family,S5154744,https://www.redfin.com/FL/Saint-Cloud/3680-Cabo-Ln-34772/for-sale/144249327,poinciana,34772
3821 Pinewood Gardens Blvd,Saint Cloud,FL,34769,379700,3,2.5,2087,49,single_family,TB8537436,https://www.redfin.com/FL/Saint-Cloud/3821-Pinewood-Gardens-Blvd-34769/for-sale/168026809,poinciana,34769
1932 Chickasaw Blvd,Davenport,FL,33837,379900,4,2,1928,10,single_family,S5153198,https://www.redfin.com/FL/Davenport/1932-Chickasaw-Blvd-33837/home/177180846,poinciana,33837
402 Rio Grande Ct,Poinciana,FL,34759,379900,3,2,2012,100,single_family,S5149003,https://www.redfin.com/FL/Poinciana/402-Rio-Grande-Ct-34759/home/46255155,poinciana,34759
1796 Cayman Cove Cir,Saint Cloud,FL,34772,379900,3,2,1675,75,single_family,S5154460,https://www.redfin.com/FL/Saint-Cloud/1796-Cayman-Cove-Cir-34772/for-sale/168038716,poinciana,34772
285 White Heron Way,Saint Cloud,FL,34772,379900,3,2,1500,105,single_family,O6407739,https://www.redfin.com/FL/Saint-Cloud/285-White-Heron-Way-34772/home/177668807,poinciana,34772
3447 Harlequin Dr,Saint Cloud,FL,34772,379900,4,2,1972,66,single_family,O6395075,https://www.redfin.com/FL/Saint-Cloud/3447-Harlequin-Dr-34772/home/64039262,poinciana,34772
1019 Chamberlin Trl,Saint Cloud,FL,34772,379999,4,2,1650,77,single_family,O6411019,https://www.redfin.com/FL/Saint-Cloud/1019-Chamberlin-Trl-34772/home/46580397,poinciana,34772
1437 Sawgrass Hammock Ln,Davenport,FL,33837,380000,4,2.5,2536,70,single_family,O6430834,https://www.redfin.com/FL/Davenport/1437-Sawgrass-Hammock-Ln-33837/for-sale/182909603,poinciana,33837
1154 Oak Bluff Dr,Davenport,FL,33837,380000,4,2,1876,159,single_family,O6422032,https://www.redfin.com/FL/Davenport/1154-Oak-Bluff-Dr-33837/home/173889433,poinciana,33837
1162 Oak Bluff Dr,Davenport,FL,33837,380000,4,2,1876,159,single_family,O6422046,https://www.redfin.com/FL/Davenport/1162-Oak-Bluff-Dr-33837/home/173889435,poinciana,33837
4799 Terrasonesta Dr,Davenport,FL,33837,380000,4,3.5,2184,520,condo,O6410043,https://www.redfin.com/FL/Davenport/4799-Terrasonesta-Dr-33837/home/52800002,poinciana,33837
468 Silver Palm Dr,Haines City,FL,33844,380000,4,2,2164,8,single_family,S5155228,https://www.redfin.com/FL/Haines-City/468-Silver-Palm-Dr-33844/for-sale/187994618,poinciana,33844
1592 Moon Valley Dr,Davenport,FL,33896,380000,4,3,1902,679,condo,P4939476,https://www.redfin.com/FL/Davenport/1592-Moon-Valley-Dr-33896/home/99861817,poinciana,33896
605 Trikomo Dr,Davenport,FL,33896,380000,4,4,1671,381,condo,O6409292,https://www.redfin.com/FL/Davenport/605-Trikomo-Dr-33896/home/177178908,poinciana,33896
9418 Westside Hills Dr,Davenport,FL,33896,380000,3,2.5,1687,170,condo,S5150620,https://www.redfin.com/FL/Davenport/9418-Westside-Hills-Dr-33896/home/184279930,poinciana,33896
3922 Cedar Hammock Trl,Saint Cloud,FL,34772,380000,3,2,1895,71,single_family,O6417320,https://www.redfin.com/FL/Saint-Cloud/3922-Cedar-Hammock-Trl-34772/home/46483085,poinciana,34772
1257 Hickory Nut Dr,Lake Wales,FL,33898,380161,4,3,2265,83,single_family,L4959924,https://www.redfin.com/FL/Lake-Wales/1257-Hickory-Nut-Dr-33898/home/199459811,poinciana,33898
1865 Noble Dr,Davenport,FL,33837,380735,4,2,2005,12,single_family,L4963043,https://www.redfin.com/FL/Davenport/1865-Noble-Dr-33837/home/194085561,poinciana,33837
3545 Roden Rd,Haines City,FL,33844,381190,4,3,2215,51,single_family,O6426937,https://www.redfin.com/FL/Haines-City/3545-Roden-Rd-33844/for-sale/199453256,poinciana,33844
334 Bogey Dr,Davenport,FL,33896,382000,4,3.5,1944,268,condo,O6425439,https://www.redfin.com/FL/Davenport/334-Bogey-Dr-33896/home/184279662,poinciana,33896
698 Park Place Blvd,Davenport,FL,33837,382900,4,2,1882,57,single_family,S5152878,https://www.redfin.com/FL/Davenport/698-Park-Place-Blvd-33837/home/188715725,poinciana,33837
4048 Waving Hickory Blvd,Saint Cloud,FL,34772,383165,3,2.5,2100,8,single_family,L4963692,https://www.redfin.com/FL/Saint-Cloud/4048-Waving-Hickory-Blvd-34772/home/199308429,poinciana,34772
3535 Sanctuary Dr,Saint Cloud,FL,34769,383900,3,2.5,2122,199,condo,TB8532396,https://www.redfin.com/FL/Saint-Cloud/3535-Sanctuary-Dr-34769/home/46495869,poinciana,34769
357 Siesta Vista Ct,Davenport,FL,33896,384000,3,2.5,2404,84,single_family,S5148568,https://www.redfin.com/FL/Davenport/357-Siesta-Vista-Ct-33896/home/177158635,poinciana,33896
3479 Malawi Trl,Saint Cloud,FL,34772,384990,4,2,1828,66,single_family,O6421943,https://www.redfin.com/FL/Saint-Cloud/3479-Malawi-Trl-34772/home/199309685,poinciana,34772
1760 Vanilla St,Lake Hamilton,FL,33851,384999,5,3,2422,59,single_family,TB8525663,https://www.redfin.com/FL/Lake-Hamilton/1760-Vanilla-ST-33851/home/202605311,poinciana,33844
4530 Forge Rd,St Cloud,FL,34772,384999,4,3,1901,150,single_family,O6403341,https://www.redfin.com/FL/St-Cloud/4530-Forge-RD-34772/home/201583737,poinciana,34772
554 Paloma Dr,Davenport,FL,33837,385000,4,3,1940,379,single_family,O6422929,https://www.redfin.com/FL/Davenport/554-Paloma-Dr-33837/home/46063858,poinciana,33837
128 Citrus Isle St S,Davenport,FL,33837,385000,4,2,1850,15,single_family,S5152265,https://www.redfin.com/FL/Davenport/128-Citrus-Isle-St-33837/home/154094846,poinciana,33837
3061 Cassidy Ln,Haines City,FL,33844,385000,4,3,2712,19,single_family,B26039127,https://www.redfin.com/FL/Haines-City/3061-Cassidy-Ln-33844/home/176541556,poinciana,33844
215 Paradise Woods Pl,Davenport,FL,33896,385000,4,3,1603,83,single_family,S5151529,https://www.redfin.com/FL/Davenport/215-Paradise-Woods-Pl-33896/home/46298124,poinciana,33896
756 Scrub Jay Way,Davenport,FL,33896,385000,5,3,1680,111,single_family,S5150527,https://www.redfin.com/FL/Davenport/756-Scrub-Jay-Way-33896/home/46070118,poinciana,33896
662 Rosselli Blvd,Davenport,FL,33896,385000,4,2,1950,75,single_family,S5151410,https://www.redfin.com/FL/Davenport/662-Rosselli-Blvd-33896/home/46064022,poinciana,33896
374 Ocean Course Ave,Davenport,FL,33896,385000,4,3,1914,680,condo,S5147801,https://www.redfin.com/FL/Davenport/374-Ocean-Course-Ave-33896/home/168039640,poinciana,33896
1045 Blackwolf Run Rd,Davenport,FL,33896,385000,3,2.5,1950,876,single_family,S5150290,https://www.redfin.com/FL/Davenport/1045-Blackwolf-Run-Rd-33896/home/170049851,poinciana,33896
9231 Westside Hills Dr,Davenport,FL,33896,385000,3,2,1588,9,single_family,O6403792,https://www.redfin.com/FL/Davenport/9231-Westside-Hills-Dr-33896/home/188677434,poinciana,33896
State Road 60 E,Lake Wales,FL,33898,385000,,,,,8,TB8459688,https://www.redfin.com/FL/Lake-Wales/State-Road-60-E-33898/home/46145664,poinciana,33898
3338 Gator Bay Creek Blvd,Saint Cloud,FL,34772,385000,4,2,1728,41,single_family,S5151572,https://www.redfin.com/FL/Saint-Cloud/3338-Gator-Bay-Creek-Blvd-34772/home/46574992,poinciana,34772
4805 Sparrow Dr,Saint Cloud,FL,34772,385000,3,2,1280,,single_family,S5148716,https://www.redfin.com/FL/Saint-Cloud/4805-Sparrow-Dr-34772/home/46568110,poinciana,34772
4230 Holstein St,Saint Cloud,FL,34772,385000,4,2,1950,59,single_family,S5150466,https://www.redfin.com/FL/Saint-Cloud/4230-Holstein-St-34772/home/173818755,poinciana,34772
3534 Roden Rd,Haines City,FL,33844,385190,4,3,22145,51,single_family,O6426905,https://www.redfin.com/FL/Haines-City/3534-Roden-Rd-33844/for-sale/199453239,poinciana,33844
641 Reserve Dr,Davenport,FL,33896,385999,4,3,1731,249,single_family,TB8530381,https://www.redfin.com/FL/Davenport/Undisclosed-address-33896/for-sale/46302680,poinciana,33896
4442 River Beacon Blvd,Davenport,FL,33837,386915,4,2.5,2160,54,single_family,O6415304,https://www.redfin.com/FL/Davenport/4442-River-Beacon-Blvd-33837/home/199451360,poinciana,33837
1319 Congo Dr,Poinciana,FL,34759,386990,5,3,2601,81,single_family,O6421153,https://www.redfin.com/FL/Poinciana/1319-Congo-Dr-34759/home/46255723,poinciana,34759
4572 Forge Rd,Saint Cloud,FL,34772,386999,4,3,1901,150,single_family,O6411277,https://www.redfin.com/FL/Saint-Cloud/4572-Forge-Rd-34772/home/201927984,poinciana,34772
2457 Bulrush Dr,Saint Cloud,FL,34769,387000,3,2,1537,90,single_family,S5151776,https://www.redfin.com/FL/Saint-Cloud/2457-Bulrush-Dr-34769/home/170044664,poinciana,34769
5625 White Ibis Pt,St Cloud,FL,34772,387713,3,2,1412,95,single_family,TB8509424,https://www.redfin.com/FL/St-Cloud/5625-White-Ibis-Pt-34772/home/201865700,poinciana,34772
4007 Limeklin Loop,Davenport,FL,33896,387990,4,2.5,2305,55,single_family,O6429414,https://www.redfin.com/FL/Davenport/4007-Limeklin-Falls-Loop-33837/for-sale/199451735,poinciana,33837
2246 Jennio Dr,Haines City,FL,33844,387990,4,3,2366,17,single_family,O6419205,https://www.redfin.com/FL/Haines-City/2246-Jennio-Dr-33844/for-sale/199453923,poinciana,33844
2019 Honeybell Ave,Haines City,FL,33844,388000,4,2.5,2215,50,single_family,O6411676,https://www.redfin.com/FL/Haines-City/2019-Honeybell-Ave-33844/home/46077719,poinciana,33844
4849 Meadow Dr,Saint Cloud,FL,34772,388500,4,2.5,1864,,single_family,S5154862,https://www.redfin.com/FL/Saint-Cloud/4849-Meadow-Dr-34772/for-sale/46568327,poinciana,34772
779 Scrub Oak Hammock Rd,Davenport,FL,33837,389000,4,2.5,2440,70,single_family,O6418995,https://www.redfin.com/FL/Davenport/779-Scrub-Oak-Hammock-Rd-33837/home/177169160,poinciana,33837
915 Overpool Ave,Davenport,FL,33896,389000,3,2,1666,9,single_family,S5151132,https://www.redfin.com/FL/Davenport/915-Overpool-Ave-33896/home/181295974,poinciana,33896
1171 Challenge Dr #1171,Davenport,FL,33896,389000,3,2,,814,condo,A12022618,https://www.redfin.com/FL/Davenport/1171-Challenge-Dr-33896/unit-1171/home/201905906,poinciana,33896
1896 Noble Dr,Davenport,FL,33837,389395,4,2.5,2029,12,single_family,L4963710,https://www.redfin.com/FL/Davenport/1896-Noble-Dr-33837/home/194085527,poinciana,33837
105 Aberdeen St,Davenport,FL,33896,389500,4,3.5,2231,195,single_family,S5151094,https://www.redfin.com/FL/Davenport/105-Aberdeen-St-33896/home/144455504,poinciana,33896
416 Sapphire Dr,Davenport,FL,33837,389900,5,3.5,3275,81,single_family,S5154883,https://www.redfin.com/FL/Davenport/416-Sapphire-Dr-33837/for-sale/154099114,poinciana,33837
2486 Matterhorn Trl,Davenport,FL,33837,389900,3,2.5,2092,8,single_family,S5153549,https://www.redfin.com/FL/Davenport/2486-Matterhorn-Trl-33837/home/182911915,poinciana,33837
216 Boxwood Dr,Davenport,FL,33837,389900,4,2,2500,114,single_family,S5152299,https://www.redfin.com/FL/Davenport/216-Boxwood-Dr-33837/home/46229865,poinciana,33837
857 Sheen Cir,Haines City,FL,33844,389900,5,3,2616,216,single_family,O6426705,https://www.redfin.com/FL/Haines-City/857-Sheen-Cir-33844/for-sale/46087998,poinciana,33844
630 Thousand Oaks Blvd,Davenport,FL,33896,389900,4,2,1357,30,single_family,O6422276,https://www.redfin.com/FL/Davenport/630-Thousand-Oaks-Blvd-33896/home/46099566,poinciana,33896
3806 Opal Cir,Saint Cloud,FL,34772,389900,4,3,2069,41,single_family,G5113979,https://www.redfin.com/FL/Saint-Cloud/3806-Opal-Cir-34772/home/46565835,poinciana,34772
3966 Baja Dr,Saint Cloud,FL,34772,389900,3,2,2144,99,single_family,S5153512,https://www.redfin.com/FL/Saint-Cloud/3966-Baja-Dr-34772/home/147929201,poinciana,34772
2154 Derwent Dr,Davenport,FL,33896,389950,4,2,1890,117,single_family,O6424002,https://www.redfin.com/FL/Davenport/2154-Derwent-Dr-33896/home/182908617,poinciana,33896
906 Sofia Ln,Davenport,FL,33837,389990,4,2.5,2183,29,single_family,O6422152,https://www.redfin.com/FL/Davenport/906-Sofia-Ln-33837/home/177180165,poinciana,33837
3306 Withers Way,Davenport,FL,33837,389990,4,2,1820,122,single_family,O6429548,https://www.redfin.com/FL/Davenport/3306-Withers-Way-33837/home/202187701,poinciana,33837
4221 Bixby Bridge Pl,Davenport,FL,33837,389990,4,2.5,2305,55,single_family,O6425458,https://www.redfin.com/FL/Davenport/4221-Bixby-Bridge-Pl-33837/for-sale/199451746,poinciana,33837
5194 Green Belt Dr,Haines City,FL,33844,389990,4,3,2623,50,single_family,TB8515091,https://www.redfin.com/FL/Haines-City/5194-Green-Belt-Dr-33844/home/199453122,poinciana,33844
4523 Wynnstone Dr,Davenport,FL,33837,389999,4,2.5,2039,54,single_family,TB8535246,https://www.redfin.com/FL/Davenport/4523-Wynnstone-Dr-33837/for-sale/199465677,poinciana,33837
543 Ocean Course Ave,Davenport,FL,33896,389999,3,2,1787,598,condo,O6427230,https://www.redfin.com/FL/Davenport/543-Ocean-Course-Ave-33896/home/173831484,poinciana,33896
2927 Elbib Dr,Saint Cloud,FL,34772,389999,4,2,1874,29,single_family,S5154580,https://www.redfin.com/FL/Saint-Cloud/2927-Elbib-Dr-34772/for-sale/46479843,poinciana,34772
3409 Brant St,Saint Cloud,FL,34772,389999,4,2,2518,67,single_family,O6410814,https://www.redfin.com/FL/Saint-Cloud/3409-Brant-St-34772/home/64039339,poinciana,34772
840 Sydney St,Davenport,FL,33837,390000,4,2.5,2029,180,single_family,O6429979,https://www.redfin.com/FL/Davenport/840-Sydney-St-33837/home/177179699,poinciana,33837
189 Minniehaha Cir,Haines City,FL,33844,390000,4,3,1833,233,single_family,W7887829,https://www.redfin.com/FL/Haines-City/189-Minniehaha-Cir-33844/for-sale/46071535,poinciana,33844
2235 Lovely Ln,Davenport,FL,33896,390000,4,2,1580,151,single_family,O6422751,https://www.redfin.com/FL/Davenport/2235-Lovely-Ln-33896/home/182908956,poinciana,33896
,Davenport,FL,33896,390000,3,2.5,1622,469,condo,O6415042,https://www.redfin.com/FL/Davenport/Undisclosed-address-33896/home/182908840,poinciana,33896
628 Reindeer Dr,Poinciana,FL,34759,390000,4,2,1925,100,single_family,O6423952,https://www.redfin.com/FL/Poinciana/628-Reindeer-Dr-34759/for-sale/46212164,poinciana,34759
5170 Preserve Blvd,Saint Cloud,FL,34772,390000,4,2.5,2199,45,single_family,O6415757,https://www.redfin.com/FL/Saint-Cloud/5170-Preserve-Blvd-34772/for-sale/64037083,poinciana,34772
1940 Fawn Meadow Cir,Saint Cloud,FL,34772,390000,4,2,2026,47,single_family,S5150635,https://www.redfin.com/FL/Saint-Cloud/1940-Fawn-Meadow-Cir-34772/home/46489262,poinciana,34772
4704 Homestead Trl,Saint Cloud,FL,34772,390000,4,2.5,2011,94,single_family,O6418510,https://www.redfin.com/FL/Saint-Cloud/4704-Homestead-Trl-34772/home/186426159,poinciana,34772
167 Bottle Brush Dr,Haines City,FL,33844,390520,4,3,2380,4,single_family,O6423360,https://www.redfin.com/FL/Haines-City/167-Bottle-Brush-Dr-33844/home/194086018,poinciana,33844
1821 Noble Dr,Davenport,FL,33837,391000,4,2,1819,12,single_family,S5153702,https://www.redfin.com/FL/Davenport/1821-Noble-Dr-33837/for-sale/194085572,poinciana,33837
5605 Buckeye Bend Dr,Saint Cloud,FL,34772,392255,4,2,1819,8,single_family,L4963046,https://www.redfin.com/FL/Saint-Cloud/5605-Buckeye-Bend-Dr-34772/home/199308286,poinciana,34772
4676 Homestead Trl,Saint Cloud,FL,34772,392350,4,2.5,2114,89,single_family,TB8534552,https://www.redfin.com/FL/Saint-Cloud/4676-Homestead-Trl-34772/for-sale/188683357,poinciana,34772
3484 Malawi Trl,Saint Cloud,FL,34772,392990,4,2,1828,66,single_family,O6430595,https://www.redfin.com/FL/Saint-Cloud/3484-Malawi-Trl-34772/for-sale/199309695,poinciana,34772
3836 Rising Trl,Davenport,FL,33837,393990,4,2,2210,54,single_family,O6415227,https://www.redfin.com/FL/Davenport/3836-Rising-Trl-33837/home/199465845,poinciana,33837
5027 E Fountainwood Dr,Saint Cloud,FL,34772,394000,3,2,1456,335,single_family,O6415240,https://www.redfin.com/FL/Saint-Cloud/5027-E-Fountainwood-Dr-34772/home/162361248,poinciana,34772
4035 Kindling Wood Way,Saint Cloud,FL,34772,394405,5,3.5,2335,8,single_family,L4961172,https://www.redfin.com/FL/Saint-Cloud/4035-Kindling-Wood-Way-34772/home/199308419,poinciana,34772
490 Brunswick Dr,Davenport,FL,33837,394900,4,2.5,2640,147,single_family,O6411844,https://www.redfin.com/FL/Davenport/490-Brunswick-Dr-33837/home/144456217,poinciana,33837
162 Kenny Blvd,Haines City,FL,33844,394900,4,4.5,2537,739,single_family,S5151124,https://www.redfin.com/FL/Haines-City/162-Kenny-Blvd-33844/home/144454029,poinciana,33844
1727 Cypress Ct,Saint Cloud,FL,34769,394900,4,2,1921,,single_family,GC534229,https://www.redfin.com/FL/Saint-Cloud/1727-Cypress-Ct-34769/home/46517377,poinciana,34769
4578 Forge Rd,St Cloud,FL,34772,394999,4,3,2089,150,single_family,O6403364,https://www.redfin.com/FL/St-Cloud/4578-Forge-RD-34772/home/201583752,poinciana,34772
1708 Clubhouse Cv,Haines City,FL,33844,395000,5,3,2236,234,single_family,O6415090,https://www.redfin.com/FL/Haines-City/1708-Clubhouse-Cv-33844/home/46195738,poinciana,33844
143 Whitehall St,Davenport,FL,33896,395000,4,2,1588,21,single_family,O6422766,https://www.redfin.com/FL/Davenport/143-Whitehall-St-33896/home/46276958,poinciana,33896
952 Leader St,Davenport,FL,33896,395000,4,3,1914,679,condo,S5153868,https://www.redfin.com/FL/Davenport/952-Leader-St-33896/for-sale/177669106,poinciana,33896
458 Hollinghead Loop,Davenport,FL,33896,395000,4,2,1635,71,single_family,O6416303,https://www.redfin.com/FL/Davenport/458-Hollingshead-Loop-33896/home/46275994,poinciana,33896
3510 Walk IN Water Rd,Lake Wales,FL,33898,395000,,,,,8,O6403007,https://www.redfin.com/FL/Lake-Wales/3510-Walk-in-Water-Rd-33898/home/162614696,poinciana,33898
4689 Cross Prairie Pkwy,Saint Cloud,FL,34772,395000,4,2.5,2011,89,single_family,TB8534174,https://www.redfin.com/FL/Saint-Cloud/4689-Cross-Prairie-Pkwy-34772/for-sale/188683365,poinciana,34772
4609 Edgel Pass,St Cloud,FL,34772,395390,4,2,1875,150,single_family,O6403407,https://www.redfin.com/FL/St-Cloud/4609-Edgel-PASS-34772/home/201583753,poinciana,34772
204 Greenwich St,Davenport,FL,33896,397000,3,2,1504,21,single_family,A4691872,https://www.redfin.com/FL/Davenport/204-Greenwich-St-33896/home/46276881,poinciana,33896
4688 Homestead Trl,Saint Cloud,FL,34772,397050,4,2.5,2114,89,single_family,TB8534550,https://www.redfin.com/FL/Saint-Cloud/4688-Homestead-Trl-34772/for-sale/188683360,poinciana,34772
938 Anna Pl,Davenport,FL,33837,397900,4,2.5,2430,87,single_family,O6411426,https://www.redfin.com/FL/Davenport/938-Anna-Pl-33837/home/173889699,poinciana,33837
1755 Vanilla St,Haines City,FL,33844,397904,5,3,3011,59,single_family,TB8535240,https://www.redfin.com/FL/Haines-City/1755-Vanilla-St-33844/for-sale/194087522,poinciana,33844
4083 Limeklin Falls Loop,Davenport,FL,33837,397990,5,3,2447,55,single_family,O6425320,https://www.redfin.com/FL/Davenport/4083-Limeklin-Falls-Loop-33837/home/199451766,poinciana,33837
757 Citrus Reserve Blvd,Davenport,FL,33837,398000,4,2,1848,21,single_family,S5154035,https://www.redfin.com/FL/Davenport/757-Citrus-Reserve-Blvd-33837/for-sale/177180501,poinciana,33837
2239 Mallory Cir,Haines City,FL,33844,399000,4,2.5,2048,74,single_family,L4962249,https://www.redfin.com/FL/Haines-City/2239-Mallory-Cir-33844/home/46195320,poinciana,33844
8728 Pacific Dunes Dr,Davenport,FL,33896,399000,3,2.5,1950,876,single_family,O6422531,https://www.redfin.com/FL/Davenport/8728-Pacific-Dunes-Dr-33896/home/170049906,poinciana,33896
732 Henley Cir,Davenport,FL,33896,399000,4,3,1846,303,single_family,R4911497,https://www.redfin.com/FL/Davenport/732-Henley-Cir-33896/home/46049938,poinciana,33896
1379 Palmetto Dunes St,Davenport,FL,33896,399000,3,3,2014,937,single_family,S5148575,https://www.redfin.com/FL/Davenport/1379-Palmetto-Dunes-St-33896/home/53393913,poinciana,33896
2366 Sequoia Way,Davenport,FL,33896,399000,4,2.5,2809,163,single_family,O6417095,https://www.redfin.com/FL/Davenport/2366-Sequoia-Way-33896/home/46085574,poinciana,33896
218 Nine Iron Dr,Davenport,FL,33896,399000,3,2.5,1900,322,condo,O6401807,https://www.redfin.com/FL/Davenport/218-Nine-Iron-Dr-33896/home/184279462,poinciana,33896
9239 Westside Hills Dr,Davenport,FL,33896,399000,3,2,1666,9,single_family,S5147767,https://www.redfin.com/FL/Davenport/9239-Westside-Hills-Dr-33896/home/188677435,poinciana,33896
916 Vermont Ave,Saint Cloud,FL,34769,399000,3,2,1247,,single_family,S5154594,https://www.redfin.com/FL/Saint-Cloud/916-Vermont-Ave-34769/for-sale/46510384,poinciana,34769
1801 Lakeshore Blvd,Saint Cloud,FL,34769,399000,2,1,1128,,single_family,S5139038,https://www.redfin.com/FL/Saint-Cloud/1801-Lakeshore-Blvd-34769/home/46512835,poinciana,34769
5059 Tibet Ct,Saint Cloud,FL,34772,399000,4,2,2080,110,single_family,O6428404,https://www.redfin.com/FL/Saint-Cloud/5059-Tibet-Ct-34772/for-sale/177672072,poinciana,34772
1273 Red Hill Rd,Davenport,FL,33837,399900,5,3,2696,8,single_family,A4696834,https://www.redfin.com/FL/Davenport/1273-Red-Hill-Rd-33837/home/182911069,poinciana,33837
8700 Pacific Dunes Dr,Davenport,FL,33896,399900,4,2.5,2346,879,single_family,O6412801,https://www.redfin.com/FL/Davenport/8700-Pacific-Dunes-Dr-33896/home/170049899,poinciana,33896
1853 Superior Ct,Poinciana,FL,34759,399900,4,3.5,3474,90,single_family,O6412910,https://www.redfin.com/FL/Poinciana/1853-Superior-Ct-34759/home/46108602,poinciana,34759
3109 Lakes Crest Ave,Saint Cloud,FL,34772,399900,4,2,2025,8,single_family,S5150030,https://www.redfin.com/FL/Saint-Cloud/3109-Lakes-Crest-Ave-34772/home/170047792,poinciana,34772
5154 Tana Ter,Saint Cloud,FL,34772,399900,4,2,1828,61,single_family,O6404984,https://www.redfin.com/FL/Saint-Cloud/5154-Tana-Ter-34772/home/184280928,poinciana,34772
4015 Limeklin Falls Loop,Davenport,FL,33837,399990,5,3,2447,55,single_family,O6430578,https://www.redfin.com/FL/Davenport/4015-Limeklin-Falls-Loop-33837/for-sale/199451732,poinciana,33837
4209 Bixby Bridge Pl,Davenport,FL,33837,399990,5,3,2447,55,single_family,O6425168,https://www.redfin.com/FL/Davenport/4209-Bixby-Bridge-Pl-33837/for-sale/199451742,poinciana,33837
4003 Limeklin Falls Loop,Davenport,FL,33837,399990,5,3,2447,55,single_family,O6425145,https://www.redfin.com/FL/Davenport/4003-Limeklin-Falls-Loop-33837/for-sale/199451736,poinciana,33837
4099 Limeklin Falls Loop,Davenport,FL,33837,399990,5,3,2447,55,single_family,O6425300,https://www.redfin.com/FL/Davenport/4099-Limeklin-Falls-Loop-33837/for-sale/199451762,poinciana,33837
4078 Limeklin Falls Loop,Davenport,FL,33837,399990,5,3,2447,55,single_family,O6415396,https://www.redfin.com/FL/Davenport/4078-Limeklin-Falls-Loop-33837/home/199451795,poinciana,33837
3510 Hook Bill Dr,Saint Cloud,FL,34772,399990,4,2.5,2544,66,single_family,S5149263,https://www.redfin.com/FL/Saint-Cloud/3510-Hook-Bill-Dr-34772/home/96412541,poinciana,34772
3610 Malawi Trl,Saint Cloud,FL,34772,399990,4,2,1828,66,single_family,O6412883,https://www.redfin.com/FL/Saint-Cloud/3610-Malawi-Trl-34772/home/199309715,poinciana,34772
1228 Sandy Ridge Dr,Davenport,FL,33896,399995,5,4,2410,133,single_family,O6417009,https://www.redfin.com/FL/Davenport/1228-Sandy-Ridge-Dr-33896/home/46049735,poinciana,33896
3600 Yellow Bird Ct,Saint Cloud,FL,34772,399998,3,2,1697,27,single_family,S5152658,https://www.redfin.com/FL/Saint-Cloud/3600-Yellow-Bird-Ct-34772/home/46571118,poinciana,34772
4156 River Beacon Blvd,Davenport,FL,33837,399999,4,2,1850,54,single_family,TB8525720,https://www.redfin.com/FL/Davenport/4156-River-Beacon-Blvd-33837/home/199465808,poinciana,33837
5808 Heaven Rd,Haines City,FL,33844,399999,5,3,2892,51,single_family,TB8525713,https://www.redfin.com/FL/Haines-City/5808-Heaven-Rd-33844/home/199454675,poinciana,33844
1901 Nations Way,Saint Cloud,FL,34769,399999,4,2.5,2872,9,single_family,S5146631,https://www.redfin.com/FL/Saint-Cloud/1901-Nations-Way-34769/home/103844111,poinciana,34769
4865 Meadow Dr,Saint Cloud,FL,34772,399999,3,2,1652,,single_family,S5154301,https://www.redfin.com/FL/Saint-Cloud/4865-Meadow-Dr-34772/for-sale/46578666,poinciana,34772
2220 Barrington Loop,Davenport,FL,33837,400000,4,3,2006,146,single_family,O6417724,https://www.redfin.com/FL/Davenport/2220-Barrington-Loop-33837/home/46082976,poinciana,33837
,Davenport,FL,33837,400000,5,3.5,3106,131,single_family,S5150776,https://www.redfin.com/FL/Davenport/Undisclosed-address-33837/home/177180716,poinciana,33837
179 Mitchells Mnr,Haines City,FL,33844,400000,4,4,2404,734,single_family,S5151158,https://www.redfin.com/FL/Haines-City/179-Mitchells-Mnr-33844/home/153977431,poinciana,33844
435 Scrub Jay Way,Davenport,FL,33896,400000,5,4,2410,111,single_family,P4939296,https://www.redfin.com/FL/Davenport/435-Scrub-Jay-Way-33896/for-sale/46050373,poinciana,33896
218 Ocean Course Ave,Davenport,FL,33896,400000,4,3,1914,778,condo,O6424775,https://www.redfin.com/FL/Davenport/218-Ocean-Course-Ave-33896/home/168039614,poinciana,33896
9055 Dogleg Dr,Davenport,FL,33896,400000,4,3,1902,633,condo,S5149751,https://www.redfin.com/FL/Davenport/9055-Dogleg-Dr-33896/home/143006338,poinciana,33896
1100 Golden Bough Rd,Lake Wales,FL,33898,400000,3,2,1440,,single_family,L4963296,https://www.redfin.com/FL/Lake-Wales/1100-Golden-Bough-Rd-33898/home/46164895,poinciana,33898
2085 Raymond Dr,Saint Cloud,FL,34769,400000,3,2,1791,,single_family,S5145290,https://www.redfin.com/FL/Saint-Cloud/2085-Raymond-Dr-34769/home/46540920,poinciana,34769
0 Delaware Ave,St Cloud,FL,34769,400000,,,,,8,O6209200,https://www.redfin.com/FL/St-Cloud/0-Delaware-Ave-34769/home/190939500,poinciana,34769
4202 Cracker Ct,Saint Cloud,FL,34772,400000,3,2,1881,27,single_family,S5153969,https://www.redfin.com/FL/Saint-Cloud/4202-Cracker-Ct-34772/for-sale/46483410,poinciana,34772
5087 Tana Ter,Saint Cloud,FL,34772,400000,4,2,1828,61,single_family,O6419605,https://www.redfin.com/FL/Saint-Cloud/5087-Tana-Ter-34772/home/193910650,poinciana,34772
3265 Barber Rd,Saint Cloud,FL,34772,400000,,,,,8,O6412784,https://www.redfin.com/FL/Saint-Cloud/3265-Barber-Rd-34772/home/54769523,poinciana,34772
3319 Rocks River Rd,Davenport,FL,33837,401110,4,3,1988,50,single_family,TB8514686,https://www.redfin.com/FL/Davenport/3319-Rocks-River-Rd-33837/home/198755764,poinciana,33837
4225 Bixby Bridge Pl,Davenport,FL,33837,401990,5,3,2447,55,single_family,O6425285,https://www.redfin.com/FL/Davenport/4225-Bixby-Bridge-Pl-33837/for-sale/199451747,poinciana,33837
4214 Bixby Bridge Pl,Davenport,FL,33837,401990,5,3,2447,55,single_family,O6423759,https://www.redfin.com/FL/Davenport/4214-Bixby-Bridge-Pl-33837/home/199451755,poinciana,33837
4205 Bixby Bridge Pl,Davenport,FL,33837,401990,5,3,2447,55,single_family,O6425158,https://www.redfin.com/FL/Davenport/4205-Bixby-Bridge-Pl-33837/for-sale/199451741,poinciana,33837
4685 Cross Prairie Pkwy,Saint Cloud,FL,34772,403000,4,2.5,2114,89,single_family,TB8534176,https://www.redfin.com/FL/Saint-Cloud/4685-Cross-Prairie-Pkwy-34772/for-sale/188683366,poinciana,34772
4806 Prairie Preserve Run,Saint Cloud,FL,34772,403000,4,2.5,2160,332,condo,O6392592,https://www.redfin.com/FL/Saint-Cloud/4806-Prairie-Preserve-Run-34772/home/193437475,poinciana,34772
2017 Stone Wall Ct,Haines City,FL,33844,403790,4,3,2061,52,single_family,O6427535,https://www.redfin.com/FL/Haines-City/2017-Stone-Wall-Ct-33844/for-sale/199455837,poinciana,33844
212 Granada Ln,Davenport,FL,33837,403900,3,2,1568,352,single_family,O6413709,https://www.redfin.com/FL/Davenport/212-Granada-Ln-33837/home/67386183,poinciana,33837
4446 River Beacon Blvd,Davenport,FL,33837,404415,4,2.5,2313,54,single_family,O6415300,https://www.redfin.com/FL/Davenport/4446-River-Beacon-Blvd-33837/home/199451359,poinciana,33837
4184 River Beacon Blvd,Davenport,FL,33837,404999,4,2,1850,54,single_family,TB8535254,https://www.redfin.com/FL/Davenport/4184-River-Beacon-Blvd-33837/for-sale/199465710,poinciana,33837
4273 River Beacon Blvd,Davenport,FL,33837,404999,4,2.5,2039,54,single_family,TB8525718,https://www.redfin.com/FL/Davenport/4273-River-Beacon-Blvd-33837/home/199465731,poinciana,33837
3517 Vega Creek Dr,Saint Cloud,FL,34772,405000,4,2,1859,99,single_family,S5154255,https://www.redfin.com/FL/Saint-Cloud/3517-Vega-Creek-Dr-34772/for-sale/162395783,poinciana,34772
269 Hamlet Loop,Davenport,FL,33837,405300,5,2.5,2700,87,single_family,O6430955,https://www.redfin.com/FL/Davenport/269-Hamlet-Loop-33837/for-sale/182909308,poinciana,33837
3711 Briarwood Estates Cir,Saint Cloud,FL,34771,405900,4,2,1820,47,single_family,S5152606,https://www.redfin.com/FL/Saint-Cloud/3711-Briarwood-Estates-Cir-34772/home/103848958,poinciana,34772
4942 Prairie Preserve Run,Saint Cloud,FL,34772,405990,3,2.5,1904,70,single_family,O6418800,https://www.redfin.com/FL/Saint-Cloud/4942-Prairie-Preserve-Run-34772/home/188683618,poinciana,34772
1441 Sawgrass Hammock Ln,Davenport,FL,33837,406990,4,2.5,2257,70,single_family,O6431953,https://www.redfin.com/FL/Davenport/1441-Sawgrass-Hammock-Ln-33837/for-sale/182909604,poinciana,33837
3521 Roden Rd,Haines City,FL,33844,406990,4,3.5,2725,51,single_family,O6427044,https://www.redfin.com/FL/Haines-City/3521-Roden-Rd-33844/for-sale/199453250,poinciana,33844
1157 Cascades Ave,Davenport,FL,33837,407000,5,3,2522,52,single_family,S5155043,https://www.redfin.com/FL/Davenport/1157-Cascades-Ave-33837/for-sale/188715954,poinciana,33837
4341 Riverbend Blvd,Haines City,FL,33844,407545,4,3,2292,51,single_family,TB8535265,https://www.redfin.com/FL/Haines-City/4341-Riverbend-Blvd-33844/for-sale/199454608,poinciana,33844
3495 Mud Canyon Dr,Davenport,FL,33837,408990,5,3,2451,54,single_family,O6431804,https://www.redfin.com/FL/Davenport/3495-Mud-Canyon-Dr-33837/for-sale/199465719,poinciana,33837
8813 Beth Page Ln,Davenport,FL,33896,409000,4,2.5,2333,876,single_family,O6424385,https://www.redfin.com/FL/Davenport/8813-Beth-Page-Ln-33896/for-sale/168039567,poinciana,33896
415 Villa Domani Way,Davenport,FL,33896,409000,4,3.5,2205,350,single_family,G5114304,https://www.redfin.com/FL/Davenport/415-Villa-Domani-Way-33896/home/170189414,poinciana,33896
1414 Clubman Dr,Davenport,FL,33896,409000,4,2,2269,889,single_family,S5152444,https://www.redfin.com/FL/Davenport/1414-Clubman-Dr-33896/home/104227493,poinciana,33896
4531 Calumet Dr,Saint Cloud,FL,34772,409000,4,2,1987,9,single_family,S5149592,https://www.redfin.com/FL/Saint-Cloud/4531-Calumet-Dr-34772/home/168033255,poinciana,34772
3920 Cabo Rojo Dr,Saint Cloud,FL,34772,409000,4,2,1979,99,single_family,S5150854,https://www.redfin.com/FL/Saint-Cloud/3920-Cabo-Rojo-Dr-34772/home/146650202,poinciana,34772
3948 Marbury Ct,Davenport,FL,33837,409190,5,3,2615,99,single_family,O6429352,https://www.redfin.com/FL/Davenport/3948-Marbury-Ct-33837/for-sale/194079306,poinciana,33837
4702 Terrasonesta Dr,Davenport,FL,33837,409900,5,5.5,2460,520,condo,O6427866,https://www.redfin.com/FL/Davenport/4702-Terrasonesta-Dr-33837/home/52800083,poinciana,33837
105 North Blvd E,Davenport,FL,33837,409950,3,2,1613,,single_family,O6422294,https://www.redfin.com/FL/Davenport/105-North-Blvd-E-33837/for-sale/46269891,poinciana,33837
232 Lake Shore Pkwy,Davenport,FL,33896,409980,4,3,1762,74,single_family,S5150091,https://www.redfin.com/FL/Davenport/232-Lake-Shore-Pkwy-33896/home/46276115,poinciana,33896
3115 Rein Ave,Davenport,FL,33837,409990,5,3,2171,122,single_family,O6429564,https://www.redfin.com/FL/Davenport/3115-Rein-Ave-33837/home/201886447,poinciana,33837
159 Glenfield Dr,Davenport,FL,33837,409990,4,3,2366,30,single_family,O6421428,https://www.redfin.com/FL/Davenport/159-Glenfield-DR-33837/home/202534785,poinciana,33837
3837 Elk Bluff Rd,Saint Cloud,FL,34772,409999,4,2,1696,90,single_family,S5152566,https://www.redfin.com/FL/Saint-Cloud/3837-Elk-Bluff-Rd-34772/home/188678217,poinciana,34772
1172 Cascades Ave,Davenport,FL,33837,410000,5,3,2522,55,single_family,O6418576,https://www.redfin.com/FL/Davenport/1172-Cascades-Ave-33837/home/188715929,poinciana,33837
508 Alta Vista Dr,Haines City,FL,33844,410000,4,3,2664,,single_family,OM727627,https://www.redfin.com/FL/Haines-City/508-Alta-Vista-Dr-33844/home/46250107,poinciana,33844
4555 Edgel Pass,Saint Cloud,FL,34772,411390,4,2,2175,150,single_family,O6428747,https://www.redfin.com/FL/Saint-Cloud/4555-Edgel-Pass-34772/for-sale/203272013,poinciana,34772
3834 Hixon Ave,Saint Cloud,FL,34772,412000,2,2,784,,10,S5147202,https://www.redfin.com/FL/Saint-Cloud/3834-Hixon-Ave-34772/home/46570491,poinciana,34772
5087 Twin Lakes Blvd,Saint Cloud,FL,34772,412500,3,2,1863,310,single_family,O6426759,https://www.redfin.com/FL/Saint-Cloud/5087-Twin-Lakes-Blvd-34772/for-sale/170046732,poinciana,34772
3990 Limeklin Falls Loop,Davenport,FL,33837,413490,4,3,2077,55,single_family,O6431470,https://www.redfin.com/FL/Davenport/3990-Limeklin-Falls-Loop-33837/for-sale/199451719,poinciana,33837
3954 Limeklin Falls Loop,Davenport,FL,33896,413490,5,3,2077,55,single_family,O6429534,https://www.redfin.com/FL/Davenport/3954-Limeklin-Falls-Loop-33837/for-sale/199451785,poinciana,33837
3974 Limeklin Falls Loop,Davenport,FL,33837,413990,4,3,20077,55,single_family,O6429813,https://www.redfin.com/FL/Davenport/3974-Limeklin-Falls-Loop-33837/for-sale/199451790,poinciana,33837
4542 Forge Rd,Saint Cloud,FL,34772,413990,5,3,2546,150,single_family,O6422994,https://www.redfin.com/FL/Saint-Cloud/4542-Forge-Rd-34772/home/202634202,poinciana,34772
1311 Gleneagles Ln,Davenport,FL,33896,414000,4,3,2287,889,single_family,S5147775,https://www.redfin.com/FL/Davenport/1311-Gleneagles-Ln-33896/home/56791344,poinciana,33896
5017 E Fountainwood Dr,Saint Cloud,FL,34772,414900,3,2,1863,338,single_family,O6395461,https://www.redfin.com/FL/Saint-Cloud/5017-E-Fountainwood-Dr-34772/home/162637021,poinciana,34772
1839 Brentwood Ct,Davenport,FL,33837,415000,4,3.5,2224,278,condo,TB8528055,https://www.redfin.com/FL/Davenport/1839-Brentwood-Ct-33837/home/144456285,poinciana,33837
1815 Brentwood Ct,Davenport,FL,33837,415000,4,3.5,2224,278,condo,TB8515408,https://www.redfin.com/FL/Davenport/1815-Brentwood-Ct-33837/home/144456290,poinciana,33837
109 Arrowhead Ln,Haines City,FL,33844,415000,3,2,2444,,single_family,TB8531730,https://www.redfin.com/FL/Haines-City/109-Arrowhead-Ln-33844/for-sale/46133241,poinciana,33844
3034 Barbados Ln,Haines City,FL,33844,415000,4,3,1546,74,single_family,P4939377,https://www.redfin.com/FL/Haines-City/3034-Barbados-Ln-33844/for-sale/46302362,poinciana,33844
249 E Acorn Rd,Haines City,FL,33844,415000,5,3.5,2516,84,single_family,S5154554,https://www.redfin.com/FL/Haines-City/249-Acorn-Rd-33844/for-sale/190218186,poinciana,33844
335 Regency St,Davenport,FL,33896,415000,3,2,1708,248,single_family,O6431261,https://www.redfin.com/FL/Davenport/335-Regency-St-33896/for-sale/46297944,poinciana,33896
233 Rosselli Blvd,Davenport,FL,33896,415000,4,2.5,2231,78,single_family,O6418993,https://www.redfin.com/FL/Davenport/233-Rosselli-Blvd-33896/home/46070341,poinciana,33896
205 Aberdeen St,Davenport,FL,33896,415000,4,2.5,2420,193,single_family,G5113772,https://www.redfin.com/FL/Davenport/205-Aberdeen-St-33896/home/144455484,poinciana,33896
3432 Perching Rd,Saint Cloud,FL,34772,415000,3,2.5,2251,66,single_family,S5150716,https://www.redfin.com/FL/Saint-Cloud/3432-Perching-Rd-34772/home/46492041,poinciana,34772
4902 W Fountainwood Dr,Saint Cloud,FL,34772,415000,2,2,1624,310,single_family,O6396943,https://www.redfin.com/FL/Saint-Cloud/4902-W-Fountainwood-Dr-34772/home/147929028,poinciana,34772
5569 Buckeye Bend Dr,Saint Cloud,FL,34772,416960,4,2.5,2029,8,single_family,L4960572,https://www.redfin.com/FL/Saint-Cloud/5569-Buckeye-Bend-Dr-34772/for-sale/199308280,poinciana,34772
3122 Rein Ave,Davenport,FL,33837,416990,4,3,2083,122,single_family,O6416141,https://www.redfin.com/FL/Davenport/3122-Rein-Ave-33837/for-sale/202058907,poinciana,33837
975 Serchio St,Haines City,FL,33844,416990,5,3,2696,20,single_family,S5154351,https://www.redfin.com/FL/Haines-City/975-Serchio-St-33844/for-sale/177182254,poinciana,33844
2950 Sunstar Dr,Saint Cloud,FL,34772,417500,3,2,1680,91,single_family,S5150310,https://www.redfin.com/FL/Saint-Cloud/2950-Sunstar-Dr-34772/home/188683068,poinciana,34772
244 Windsor Pl,Davenport,FL,33896,419000,4,3.5,1856,358,single_family,O6431786,https://www.redfin.com/FL/Davenport/244-Windsor-Pl-33896/for-sale/46297541,poinciana,33896
1112 Challenge Dr,Davenport,FL,33896,419000,4,3,1914,794,condo,O6428864,https://www.redfin.com/FL/Davenport/1112-Challenge-Dr-33896/for-sale/173831117,poinciana,33896
1222 Yorkshire Ct,Davenport,FL,33896,419000,4,2,2058,289,single_family,S5153003,https://www.redfin.com/FL/Davenport/1222-Yorkshire-Ct-33896/home/46090087,poinciana,33896
1321 Wood Lake Cir,Saint Cloud,FL,34772,419000,3,3,2273,23,single_family,O6408261,https://www.redfin.com/FL/Saint-Cloud/1321-Wood-Lake-Cir-34772/home/46553922,poinciana,34772
3830 Spirited Cir,Saint Cloud,FL,34772,419000,4,3.5,2004,170,single_family,O6411075,https://www.redfin.com/FL/Saint-Cloud/3830-Spirited-Cir-34772/home/46496358,poinciana,34772
120 Whirlaway Dr,Davenport,FL,33837,419500,3,2,2022,121,single_family,O6425563,https://www.redfin.com/FL/Davenport/120-Whirlaway-Dr-33837/for-sale/113028064,poinciana,33837
4505 Eagle Perch Ct,Saint Cloud,FL,34772,419735,4,2,1840,89,single_family,O6366105,https://www.redfin.com/FL/Saint-Cloud/4505-Eagle-Perch-Ct-34772/for-sale/188683399,poinciana,34772
2135 Mallory Cir,Haines City,FL,33844,419900,4,2.5,2284,74,single_family,O6428147,https://www.redfin.com/FL/Haines-City/2135-Mallory-Cir-33844/for-sale/46195281,poinciana,33844
1132 Challenge Dr,Champions Gt,FL,33896,419900,5,4,2167,679,condo,O6427913,https://www.redfin.com/FL/CHAMPIONS-GT/1132-Challenge-Dr-33896/home/175714264,poinciana,33896
420 Jacks Memorial Rd,Saint Cloud,FL,34769,419900,4,3,1990,,single_family,S5150387,https://www.redfin.com/FL/Saint-Cloud/420-Jacks-Memorial-Rd-34769/home/46516211,poinciana,34769
4303 Shoshone Ct,Saint Cloud,FL,34772,419900,4,2,1949,77,single_family,O6412648,https://www.redfin.com/FL/Saint-Cloud/4303-Shoshone-Ct-34772/home/46482735,poinciana,34772
3995 Mekong Ct,Saint Cloud,FL,34772,419900,5,3,2634,61,single_family,S5153338,https://www.redfin.com/FL/Saint-Cloud/3995-Mekong-Ct-34772/home/182884405,poinciana,34772
2680 Dolfino Ct,Saint Cloud,FL,34772,419900,4,2.5,2563,102,single_family,O6413525,https://www.redfin.com/FL/Saint-Cloud/2680-Dolfino-Ct-34772/home/46506095,poinciana,34772
3425 Perching Rd,Saint Cloud,FL,34772,419900,5,3.5,3031,61,single_family,S5146367,https://www.redfin.com/FL/Saint-Cloud/3425-Perching-Rd-34772/home/46492023,poinciana,34772
5188 Native Mile Loop,Davenport,FL,33837,419990,5,3,2447,54,single_family,O6428004,https://www.redfin.com/FL/Davenport/5188-Native-Mile-Loop-33837/for-sale/199465640,poinciana,33837
2975 Parkfield Rd,Saint Cloud,FL,34772,419990,4,3,2098,100,single_family,O6420514,https://www.redfin.com/FL/Saint-Cloud/2975-Parkfield-Rd-34772/home/170048002,poinciana,34772
4527 Wynnstone Dr,Davenport,FL,33837,419999,5,3,2470,54,single_family,TB8535248,https://www.redfin.com/FL/Davenport/4527-Wynnstone-Dr-33837/for-sale/199465678,poinciana,33837
1704 Vanilla St,Haines City,FL,33844,419999,5,3,3011,59,single_family,TB8525573,https://www.redfin.com/FL/Haines-City/1704-Vanilla-St-33844/home/194087481,poinciana,33844
925 Fieldstone Way,Haines City,FL,33844,420000,4,3,2684,57,single_family,S5152468,https://www.redfin.com/FL/Haines-City/925-Fieldstone-Way-33844/home/177181776,poinciana,33844
1555 Sandbagger Dr,Davenport,FL,33896,420000,4,3,1902,406,condo,A12049628,https://www.redfin.com/FL/Davenport/1555-Sandbagger-Dr-33896/home/144320555,poinciana,33896
1132 NE Kingsbarn,Davenport,FL,33896,420000,4,3,1914,650,condo,A11998857,https://www.redfin.com/FL/Davenport/1132-Kingsbarn-St-33896/home/177669236,poinciana,33896
0 State Road 60 E,Lake Wales,FL,33898,420000,,,,,8,P4937405,https://www.redfin.com/FL/Lake-Wales/Unknown-Unknown/home/146236505,poinciana,33898
2291 Rio Grande Canyon Loop,Poinciana,FL,34759,420000,4,2.5,2790,80,single_family,O6408909,https://www.redfin.com/FL/Poinciana/2291-Rio-Grande-Canyon-Loop-34759/home/46171429,poinciana,34759
900 Vermont Ave,Saint Cloud,FL,34769,420000,3,2,1552,,single_family,cmsif3ra500tqs601twvr0o9y,https://www.redfin.com/FL/Saint-Cloud/900-Vermont-Ave-34769/home/46510390,poinciana,34769
3832 Pronghorn Dr,Saint Cloud,FL,34772,420000,4,2,1983,90,single_family,O6431391,https://www.redfin.com/FL/Saint-Cloud/3832-Pronghorn-Dr-34772/for-sale/188678236,poinciana,34772
4498 Pickerel Weed,Saint Cloud,FL,34772,420000,4,2,1823,89,single_family,R4911124,https://www.redfin.com/FL/Saint-Cloud/4498-Pickerel-Weed-Way-34772/home/188683483,poinciana,34772
472 Brunswick Dr,Davenport,FL,33837,421000,4,3,2577,151,single_family,O6415405,https://www.redfin.com/FL/Davenport/472-Brunswick-Dr-33837/home/144456214,poinciana,33837
5103 Arrowfeather Ct,Saint Cloud,FL,34772,421390,4,2,2175,115,single_family,O6428743,https://www.redfin.com/FL/Saint-Cloud/5103-Arrowfeather-Ct-34772/for-sale/199302926,poinciana,34772
1036 Leader St,Davenport,FL,33896,421500,5,4,2302,561,condo,A12052819,https://www.redfin.com/FL/Davenport/1036-Leader-St-33896/home/177669085,poinciana,33896
,St Cloud,FL,34772,423064,3,2.5,1770,315,condo,TB8513689,https://www.redfin.com/FL/St-Cloud/Undisclosed-address-34772/home/202087847,poinciana,34772
2880 Wild Olive Dr,Saint Cloud,FL,34772,423600,3,2,1695,76,single_family,TB8534549,https://www.redfin.com/FL/Saint-Cloud/2880-Wild-Olive-Dr-34772/for-sale/188682995,poinciana,34772
5158 Arrowfeather Ct,Saint Cloud,FL,34772,423890,4,2,2175,115,single_family,O6424045,https://www.redfin.com/FL/Saint-Cloud/5158-Arrowfeather-Ct-34772/home/199302938,poinciana,34772
545 Fairhaven Dr,Davenport,FL,33837,424000,4,2.5,2430,148,single_family,S5152230,https://www.redfin.com/FL/Davenport/545-Fairhaven-Dr-33837/home/46077200,poinciana,33837
5119 Flaxleaf St,Saint Cloud,FL,34772,424740,5,4,2546,115,single_family,O6421780,https://www.redfin.com/FL/Saint-Cloud/5119-Flaxleaf-St-34772/home/199302898,poinciana,34772
1612 Forest Hills Ln,Haines City,FL,33844,424900,6,3,2305,91,single_family,L4963598,https://www.redfin.com/FL/Haines-City/1612-Forest-Hills-Ln-33844/for-sale/46195887,poinciana,33844
4008 Eternity Cir,Saint Cloud,FL,34772,424900,4,2,1859,85,single_family,O6394224,https://www.redfin.com/FL/Saint-Cloud/4008-Eternity-Cir-34772/home/64041524,poinciana,34772
822 Opal Ct,Davenport,FL,33837,425000,6,3,3434,80,single_family,O6428561,https://www.redfin.com/FL/Davenport/822-Opal-Ct-33837/for-sale/154097511,poinciana,33837
841 Jefferson Blvd,Haines City,FL,33844,425000,5,3,3080,55,single_family,S5151327,https://www.redfin.com/FL/Haines-City/841-Jefferson-Blvd-33844/home/46088316,poinciana,33844
957 Via Bianca Dr,Davenport,FL,33896,425000,4,3,2416,25,single_family,S5153410,https://www.redfin.com/FL/Davenport/957-Via-Bianca-Dr-33896/for-sale/46123896,poinciana,33896
1582 Moon Valley Dr,Davenport,FL,33896,425000,5,4,2024,471,condo,O6425189,https://www.redfin.com/FL/Davenport/1582-Moon-Valley-Dr-33896/home/99861800,poinciana,33896
8801 Beth Page Ln,Davenport,FL,33896,425000,3,2.5,2076,876,single_family,S5151718,https://www.redfin.com/FL/Davenport/8801-Beth-Page-Ln-33896/home/168039564,poinciana,33896
2600 Wadeview Loop,Saint Cloud,FL,34769,425000,4,2,1979,47,single_family,S5150774,https://www.redfin.com/FL/Saint-Cloud/2600-Wadeview-Loop-34769/home/168026829,poinciana,34769
3703 Moon Dancer Pl,Saint Cloud,FL,34772,425000,4,3,2190,85,single_family,S5154771,https://www.redfin.com/FL/Saint-Cloud/3703-Moon-Dancer-Pl-34772/for-sale/46495692,poinciana,34772
1123 Anne Elisa Cir,Saint Cloud,FL,34772,425000,3,2,1592,29,single_family,S5154544,https://www.redfin.com/FL/Saint-Cloud/1123-Anne-Elisa-Cir-34772/for-sale/46553686,poinciana,34772
4103 Bob White Ct,Saint Cloud,FL,34772,425000,4,2,1612,,single_family,S5149982,https://www.redfin.com/FL/Saint-Cloud/4103-Bob-White-Ct-34772/home/46513273,poinciana,34772
1429 Clear Brook Pl,Saint Cloud,FL,34772,425000,3,2,1759,110,single_family,S5152611,https://www.redfin.com/FL/Saint-Cloud/1429-Clear-Brook-Pl-34772/home/170049289,poinciana,34772
3900 Baja Dr,Saint Cloud,FL,34772,425000,3,2,2144,99,single_family,O6421559,https://www.redfin.com/FL/Saint-Cloud/3900-Baja-Dr-34772/home/144249340,poinciana,34772
3586 Yellow Bird Ct,Saint Cloud,FL,34772,425000,3,2,1530,23,single_family,S5146179,https://www.redfin.com/FL/Saint-Cloud/3586-Yellow-Bird-Ct-34772/home/46570856,poinciana,34772
2976 Nottel Dr,Saint Cloud,FL,34772,425000,4,2,2080,111,single_family,S5147458,https://www.redfin.com/FL/Saint-Cloud/2976-Nottel-Dr-34772/home/173825020,poinciana,34772
4561 Edgel Pass,Saint Cloud,FL,34772,426240,5,3,2546,150,single_family,O6409456,https://www.redfin.com/FL/Saint-Cloud/4561-Edgel-Pass-34772/home/201871729,poinciana,34772
1349 Sawgrass Hammock Ln,Davenport,FL,33837,426990,4,2.5,2536,70,single_family,O6426614,https://www.redfin.com/FL/Davenport/1349-Sawgrass-Hammock-Ln-33837/for-sale/182909581,poinciana,33837
2254 Jennio Dr,Haines City,FL,33844,428990,5,4,3195,17,single_family,O6413472,https://www.redfin.com/FL/Haines-City/2254-Jennio-Dr-33844/home/202099795,poinciana,33844
159 Casavista Dr,Poinciana,FL,34759,429000,2,2,1771,441,single_family,S5153987,https://www.redfin.com/FL/Poinciana/159-Casavista-Dr-34759/for-sale/67386411,poinciana,34759
4530 Eagle Perch Ct,Saint Cloud,FL,34772,429000,3,2,1695,89,single_family,TB8534553,https://www.redfin.com/FL/Saint-Cloud/4530-Eagle-Perch-Ct-34772/for-sale/188683421,poinciana,34772
3946 Wind Dancer Cir,Saint Cloud,FL,34772,429000,3,2.5,2039,67,single_family,G5113499,https://www.redfin.com/FL/Saint-Cloud/3946-Wind-Dancer-Cir-34772/home/144711275,poinciana,34772
4518 Eagle Perch Ct,Saint Cloud,FL,34772,429150,4,2,1840,89,single_family,TB8534555,https://www.redfin.com/FL/Saint-Cloud/4518-Eagle-Perch-Ct-34772/for-sale/188683419,poinciana,34772
4891 Waltham Forest Dr,Davenport,FL,33837,429490,4,3,2366,146,single_family,O6427375,https://www.redfin.com/FL/Davenport/4891-Waltham-Forest-Dr-33837/for-sale/194088632,poinciana,33837
2955 Godwin Rd,Saint Cloud,FL,34772,429500,3,2,1822,,single_family,S5149984,https://www.redfin.com/FL/Saint-Cloud/2955-Godwin-Rd-34772/home/46552631,poinciana,34772
750 W New Nolte Rd,Saint Cloud,FL,34769,429850,3,2,1350,,single_family,S5147017,https://www.redfin.com/FL/Saint-Cloud/750-W-New-Nolte-Rd-34769/home/46576739,poinciana,34769
624 Sardinia Cir,Davenport,FL,33837,429900,5,3.5,2678,82,single_family,S5152816,https://www.redfin.com/FL/Davenport/624-Sardinia-Cir-33837/home/113028299,poinciana,33837
285 Famagusta Dr,Davenport,FL,33896,429900,5,4,2020,235,condo,O6425593,https://www.redfin.com/FL/Davenport/285-Famagusta-Dr-33896/home/177178932,poinciana,33896
1338 Yorkshire Ct,Davenport,FL,33896,429900,4,3,1951,283,single_family,O6418481,https://www.redfin.com/FL/Davenport/1338-Yorkshire-Ct-33896/home/46090068,poinciana,33896
1484 Bunker Dr,Davenport,FL,33896,429900,4,2,2269,726,single_family,S5151245,https://www.redfin.com/FL/Davenport/1484-Bunker-Dr-33896/home/143490515,poinciana,33896
5430 Timberlane Rd,Lake Wales,FL,33898,429900,3,3,2000,,single_family,L4963629,https://www.redfin.com/FL/Lake-Wales/5430-Timberlane-Rd-33898/for-sale/46140398,poinciana,33898
10742 W Beach Pkwy,Lake Wales,FL,33898,429900,2,2,1400,,single_family,P4938687,https://www.redfin.com/FL/Lake-Wales/10742-W-Beach-Pkwy-33898/home/46203377,poinciana,33898
4400 Lake Trudy Dr,Saint Cloud,FL,34769,429900,5,3,2864,,single_family,O6424523,https://www.redfin.com/FL/Saint-Cloud/4400-Lake-Trudy-Dr-34769/home/46517334,poinciana,34769
385 Orange Cosmos Blvd,Davenport,FL,33837,429950,4,4,2067,532,single_family,S5153066,https://www.redfin.com/FL/Davenport/385-Orange-Cosmos-Blvd-33837/home/46070820,poinciana,33837
1512 Oak Marsh Loop,Davenport,FL,33837,429990,4,2.5,2655,159,single_family,O6420497,https://www.redfin.com/FL/Davenport/1512-Oak-Marsh-Loop-33837/home/170189531,poinciana,33837
9017 Dogleg Dr,Davenport,FL,33896,429990,5,4,2072,465,condo,S5149379,https://www.redfin.com/FL/Davenport/9017-Dogleg-Dr-33896/home/114185777,poinciana,33896
2843 Parkfield Rd,Saint Cloud,FL,34772,429990,5,3,2289,100,single_family,S5148561,https://www.redfin.com/FL/Saint-Cloud/2843-Parkfield-Rd-34772/home/170047955,poinciana,34772
7127 Oakmoss Loop,Davenport,FL,33837,430000,5,4.5,2281,520,condo,S5153752,https://www.redfin.com/FL/Davenport/7127-Oakmoss-Loop-33837/home/173889276,poinciana,33837
3760 Kaiser Ave,Saint Cloud,FL,34772,430000,4,2,1890,,10,S5153157,https://www.redfin.com/FL/Saint-Cloud/3760-Kaiser-Ave-34772/home/46575313,poinciana,34772
1793 Cayman Cove Cir,Saint Cloud,FL,34772,430000,4,3,2204,75,single_family,O6394619,https://www.redfin.com/FL/Saint-Cloud/1793-Cayman-Cove-Cir-34772/home/168038662,poinciana,34772
4806 Finley Dr,Davenport,FL,33837,430990,4,3.5,2894,99,single_family,O6424885,https://www.redfin.com/FL/Davenport/4806-Finley-Dr-33837/home/194079267,poinciana,33837
4200 Eastminster Rd,Davenport,FL,33837,431990,4,3,2175,146,single_family,O6428843,https://www.redfin.com/FL/Davenport/4200-Eastminster-Rd-33837/for-sale/194088528,poinciana,33837
4140 Eastminster Rd,Davenport,FL,33837,431990,4,3,2175,146,single_family,O6415680,https://www.redfin.com/FL/Davenport/4140-Eastminster-Rd-33837/for-sale/199457710,poinciana,33837
2214 Jennio Dr,Haines City,FL,33844,431990,5,4,3195,17,single_family,O6431002,https://www.redfin.com/FL/Haines-City/2214-Jennio-Dr-33844/for-sale/199453935,poinciana,33844
2234 Jennio Dr,Haines City,FL,33844,431990,5,4,3195,17,single_family,O6428817,https://www.redfin.com/FL/Haines-City/2234-Jennio-Dr-33844/for-sale/199453927,poinciana,33844
2489 Bulrush Dr,Saint Cloud,FL,34769,432000,4,2,1787,90,single_family,S5148864,https://www.redfin.com/FL/Saint-Cloud/2489-Bulrush-Dr-34769/home/170044671,poinciana,34769
3978 Limeklin Falls Loop,Davenport,FL,33837,432490,4,3,2077,55,single_family,O6431498,https://www.redfin.com/FL/Davenport/3978-Limeklin-Falls-Loop-33837/for-sale/199451791,poinciana,33837
5598 Lewisham Dr,Davenport,FL,33837,434490,4,3,2366,146,single_family,O6427383,https://www.redfin.com/FL/Davenport/5598-Lewisham-Dr-33837/for-sale/194088634,poinciana,33837
5091 Plymouth Turtle Cir,Saint Cloud,FL,34772,434900,4,2,2168,33,single_family,F10550272,https://www.redfin.com/FL/Saint-Cloud/5091-Plymouth-Turtle-Cir-34772/home/46479823,poinciana,34772
5289 Masser Rd,Saint Cloud,FL,34772,434990,5,3,2601,66,single_family,O6406694,https://www.redfin.com/FL/Saint-Cloud/5289-Masser-Rd-34772/home/193910690,poinciana,34772
924 Avenal Ln,Davenport,FL,33837,435000,5,3,3219,71,single_family,O6413408,https://www.redfin.com/FL/Davenport/924-Avenal-Ln-33837/home/173890500,poinciana,33837
5256 Dagenham Dr,Davenport,FL,33837,435000,4,3,2033,146,single_family,O6417100,https://www.redfin.com/FL/Davenport/5256-Dagenham-Dr-33837/home/192730677,poinciana,33837
4641 Bernard Blvd,Haines City,FL,33844,435000,5,3,2601,58,single_family,O6410878,https://www.redfin.com/FL/Haines-City/4641-Bernard-Blvd-33844/home/182912434,poinciana,33844
906 Dorset Pl,Davenport,FL,33896,435000,4,3,1839,310,single_family,S5151161,https://www.redfin.com/FL/Davenport/906-Dorset-Pl-33896/for-sale/46077046,poinciana,33896
472 Ocean Course Ave,Davenport,FL,33896,435000,4,3,1914,679,condo,2026030731,https://www.redfin.com/FL/Davenport/472-Ocean-Course-Ave-33896/home/168039665,poinciana,33896
135 Robin Rd,Davenport,FL,33896,435000,4,3,1978,168,single_family,O6407121,https://www.redfin.com/FL/Davenport/135-Robin-Rd-33896/home/46050525,poinciana,33896
4512 Eagle Perch Ct,Saint Cloud,FL,34772,435000,4,3,1988,89,single_family,TB8534557,https://www.redfin.com/FL/Saint-Cloud/4512-Eagle-Perch-Ct-34772/for-sale/188683418,poinciana,34772
3534 Cayugas Loop,Saint Cloud,FL,34772,435000,5,2.5,2518,66,single_family,S5151714,https://www.redfin.com/FL/Saint-Cloud/3534-Cayugas-Loop-34772/home/109812943,poinciana,34772
133 Inconnu Ct,Poinciana,FL,34759,435444,6,3,2790,100,single_family,B26028912,https://www.redfin.com/FL/Poinciana/133-Inconnu-Ct-34759/home/46101886,poinciana,34759
4886 Waltham Forest Dr,Davenport,FL,33837,436490,4,3,2366,146,single_family,O6427367,https://www.redfin.com/FL/Davenport/4886-Waltham-Forest-Dr-33837/for-sale/194088629,poinciana,33837
1419 Pro Shop Ct,Davenport,FL,33896,437000,4,3,2076,873,single_family,S5153670,https://www.redfin.com/FL/Davenport/1419-Pro-Shop-Ct-33896/for-sale/103849119,poinciana,33896
917 Via Bianca Dr,Davenport,FL,33896,438000,3,2,1692,25,single_family,O6421185,https://www.redfin.com/FL/Davenport/917-Via-Bianca-Dr-33896/home/46123868,poinciana,33896
3958 Limeklin Falls Loop,Davenport,FL,33837,438990,5,3,2601,55,single_family,O6419756,https://www.redfin.com/FL/Davenport/3958-Limeklin-Falls-Loop-33837/home/199451786,poinciana,33837
1463 Bunker Dr,Davenport,FL,33896,439000,4,2.5,2498,881,single_family,O6419451,https://www.redfin.com/FL/Davenport/1463-Bunker-Dr-33896/home/145603387,poinciana,33896
2162 Derwent Dr,Davenport,FL,33896,439000,5,3,2804,135,single_family,O6401895,https://www.redfin.com/FL/Davenport/2162-Derwent-Dr-33896/home/182908615,poinciana,33896
2770 Lake Pierce Dr,Lake Wales,FL,33898,439000,4,2,2122,20,single_family,L4959263,https://www.redfin.com/FL/Lake-Wales/2770-Lake-Pierce-Dr-33898/home/46140359,poinciana,33898
218 Bay Dr,Poinciana,FL,34759,439000,3,2,1842,442,single_family,G5113519,https://www.redfin.com/FL/Poinciana/218-Bay-Dr-34759/home/46270851,poinciana,34759
536 Affirmed Way,Davenport,FL,33837,439888,5,3.5,2945,121,single_family,O6412791,https://www.redfin.com/FL/Davenport/536-Affirmed-Way-33837/home/170189459,poinciana,33837
236 Boxwood Dr,Davenport,FL,33837,439900,4,2,2260,154,single_family,O6413795,https://www.redfin.com/FL/Davenport/236-Boxwood-Dr-33837/home/46229867,poinciana,33837
872 Sussex Dr,Davenport,FL,33896,439900,4,3,1839,297,single_family,O6414632,https://www.redfin.com/FL/Davenport/872-Sussex-Dr-33896/home/46077088,poinciana,33896
3767 Cedar Hammock Trl,Saint Cloud,FL,34772,439900,5,3,3257,67,single_family,S5154792,https://www.redfin.com/FL/Saint-Cloud/3767-Cedar-Hammock-Trl-34772/for-sale/46482994,poinciana,34772
2748 Greenlands St,Saint Cloud,FL,34772,439900,3,2,1863,310,single_family,S5151602,https://www.redfin.com/FL/Saint-Cloud/2748-Greenlands-St-34772/home/170046690,poinciana,34772
510 Cody Allen Ct,Saint Cloud,FL,34769,439990,3,2,1892,,single_family,O6366458,https://www.redfin.com/FL/Saint-Cloud/510-Cody-Allen-Ct-34769/home/58122381,poinciana,34769
3480 Malawi Trl,Saint Cloud,FL,34772,439990,5,3,2601,66,single_family,O6428458,https://www.redfin.com/FL/Saint-Cloud/3480-Malawi-Trl-34772/for-sale/199309694,poinciana,34772
4614 Wandsworth Way,Davenport,FL,33837,440000,4,3,2109,146,single_family,O6430703,https://www.redfin.com/FL/Davenport/4614-Wandsworth-Way-33837/for-sale/188720943,poinciana,33837
1077 Downswing Pl,Davenport,FL,33896,440000,4,2,2269,873,single_family,S5154548,https://www.redfin.com/FL/Davenport/1077-Downswing-Pl-33896/for-sale/173831249,poinciana,33896
1401 Clubman Dr,Davenport,FL,33896,440000,4,3,2076,837,single_family,O6412299,https://www.redfin.com/FL/Davenport/1401-Clubman-Dr-33896/home/108234925,poinciana,33896
294 Addison Dr,Poinciana,FL,34759,440000,3,3,2711,442,single_family,S5149207,https://www.redfin.com/FL/Poinciana/294-Addison-Dr-34759/home/46271503,poinciana,34759
3938 Limeklin Falls Loop,Davenport,FL,33837,440990,5,3,2601,55,single_family,O6425778,https://www.redfin.com/FL/Davenport/3938-Limeklin-Falls-Loop-33837/for-sale/199451781,poinciana,33837
3499 Malawi Trl,Saint Cloud,FL,34772,440990,4,2.5,2432,66,single_family,O6420778,https://www.redfin.com/FL/Saint-Cloud/3499-Malawi-Trl-34772/home/199309678,poinciana,34772
4136 Eastminster Rd,Davenport,FL,33837,442490,5,3,2546,146,single_family,O6431677,https://www.redfin.com/FL/Davenport/4136-Eastminster-Rd-33837/home/199457711,poinciana,33837
4883 Waltham Forest Dr,Davenport,FL,33837,442490,5,3,2546,146,single_family,O6413704,https://www.redfin.com/FL/Davenport/4883-Waltham-Forest-Dr-33837/home/194088630,poinciana,33837
517 Clubhouse Dr,Lake Wales,FL,33898,443000,3,2,2249,117,single_family,P4937370,https://www.redfin.com/FL/Lake-Wales/517-Clubhouse-Dr-33898/home/46115410,poinciana,33898
5656 Savanna Valley Trl,St Cloud,FL,34772,443908,3,2.5,1984,95,single_family,TB8528679,https://www.redfin.com/FL/St-Cloud/5656-Savanna-Valley-Trl-34772/home/202764960,poinciana,34772
1563 Plunker Dr,Davenport,FL,33896,444000,4,3,1902,483,condo,S5148396,https://www.redfin.com/FL/Davenport/1563-Plunker-Dr-33896/home/143846584,poinciana,33896
3476 Malawi Trl,Saint Cloud,FL,34772,444990,5,3,2601,66,single_family,O6425372,https://www.redfin.com/FL/Saint-Cloud/3476-Malawi-Trl-34772/for-sale/199309693,poinciana,34772
4221 Holstein St,Saint Cloud,FL,34772,444999,4,2.5,2443,60,single_family,S5146833,https://www.redfin.com/FL/Saint-Cloud/4221-Holstein-St-34772/home/173818698,poinciana,34772
123 Golf Course Pkwy,Davenport,FL,33837,445000,4,3,2734,114,single_family,S5153888,https://www.redfin.com/FL/Davenport/123-Golf-Course-Pkwy-33837/for-sale/46229766,poinciana,33837
4715 Terrasonesta Dr,Davenport,FL,33837,445000,5,5.5,2460,526,condo,L4963932,https://www.redfin.com/FL/Davenport/4715-Terrasonesta-Dr-33837/for-sale/52800037,poinciana,33837
3087 Camden Way,Davenport,FL,33837,445000,4,3,2104,133,single_family,O6407681,https://www.redfin.com/FL/Davenport/3087-Camden-Way-33837/home/182896770,poinciana,33837
2185 Aquifer Ln,Davenport,FL,33837,445000,5,2.5,2415,50,single_family,S5150941,https://www.redfin.com/FL/Davenport/2185-Aquifer-Ln-33837/home/188716148,poinciana,33837
644 Savannah Preserve Loop,Davenport,FL,33837,445000,5,3.5,3471,128,single_family,O6420042,https://www.redfin.com/FL/Davenport/644-Savannah-Preserve-Loop-33837/for-sale/46083980,poinciana,33844
318 Windsor Pl,Davenport,FL,33896,445000,5,5,2526,324,single_family,O6424888,https://www.redfin.com/FL/Davenport/318-Windsor-Pl-33896/for-sale/46297536,poinciana,33896
2207 Deata Ct,Saint Cloud,FL,34772,445000,4,3,1996,35,single_family,S5152665,https://www.redfin.com/FL/Saint-Cloud/2207-Deata-Ct-34772/home/46577886,poinciana,34772
2896 Wild Olive Dr,Saint Cloud,FL,34772,445770,4,3,1988,76,single_family,TB8534548,https://www.redfin.com/FL/Saint-Cloud/2896-Wild-Olive-Dr-34772/for-sale/188682999,poinciana,34772
4536 Firefly Ln,St. Cloud,FL,34772,446260,4,2.5,2111,276,single_family,G5115274,https://www.redfin.com/FL/St-Cloud/4536-Firefly-Ln-34772/for-sale/203183677,poinciana,34772
816 Knightsbridge Cir,Davenport,FL,33896,447900,4,3,2386,248,single_family,S5151442,https://www.redfin.com/FL/Davenport/816-Knightsbridge-Cir-33896/home/46297954,poinciana,33896
3986 Baja Dr,Saint Cloud,FL,34772,448000,4,2.5,2675,99,single_family,S5147286,https://www.redfin.com/FL/Saint-Cloud/3986-Baja-Dr-34772/home/144249341,poinciana,34772
4524 Firefly Ln,St. Cloud,FL,34772,448090,4,2.5,2111,276,single_family,G5113925,https://www.redfin.com/FL/St-Cloud/4524-Firefly-Ln-34772/home/202280098,poinciana,34772
4813 Finley Dr,Davenport,FL,33837,448990,5,4,3267,99,single_family,O6425066,https://www.redfin.com/FL/Davenport/4813-Finley-Dr-33837/home/194079252,poinciana,33837
519 Vigo St,Davenport,FL,33837,449000,3,2,2320,403,single_family,S5154864,https://www.redfin.com/FL/Davenport/519-Vigo-St-33837/for-sale/170190114,poinciana,33837
100 Castellon Ct,Davenport,FL,33837,449000,3,2,1936,352,single_family,S5154401,https://www.redfin.com/FL/Davenport/100-Castellon-Ct-33837/for-sale/52800064,poinciana,33837
2021 Sherbrook Ave,Davenport,FL,33837,449000,3,2,1781,147,single_family,2148477,https://www.redfin.com/FL/Davenport/2021-Sherbrook-Ave-33837/for-sale/81563405,poinciana,33837
213 Willow View Dr,Davenport,FL,33896,449000,4,3.5,2676,56,single_family,O6400714,https://www.redfin.com/FL/Davenport/213-Willow-View-Dr-33896/home/46046948,poinciana,33896
2720 Greenlands St,Saint Cloud,FL,34772,449000,3,2,1863,310,single_family,O6427840,https://www.redfin.com/FL/Saint-Cloud/2720-Greenlands-St-34772/for-sale/170046668,poinciana,34772
4961 Rain Shadow Dr,Saint Cloud,FL,34772,449000,4,2,1988,74,single_family,O6409637,https://www.redfin.com/FL/Saint-Cloud/4961-Rain-Shadow-Dr-34772/home/188683674,poinciana,34772
439 Virginia Ave,Saint Cloud,FL,34769,449500,3,2,2160,,single_family,O6399995,https://www.redfin.com/FL/Saint-Cloud/439-Virginia-Ave-34769/home/46511406,poinciana,34769
206 Viola Dr,Davenport,FL,33837,449900,6,5.5,2771,379,single_family,O6420829,https://www.redfin.com/FL/Davenport/206-Viola-Dr-33837/for-sale/46070809,poinciana,33837
532 Kildrummy Dr,Davenport,FL,33896,449900,4,3,2285,265,single_family,O6424806,https://www.redfin.com/FL/Davenport/532-Kildrummy-Dr-33896/home/46297464,poinciana,33896
9181 Oscraft Dr,Davenport,FL,33896,449900,4,2,1918,9,single_family,B26057479,https://www.redfin.com/FL/Davenport/9181-Oscraft-Dr-33896/for-sale/188677412,poinciana,33896
4235 Pine Tree Dr,Saint Cloud,FL,34772,449900,4,2,1768,,10,O6430194,https://www.redfin.com/FL/Saint-Cloud/4235-Pine-Tree-Dr-34772/home/162592298,poinciana,34772
4471 Holstein St,Saint Cloud,FL,34772,449900,4,2.5,2439,60,single_family,O6392522,https://www.redfin.com/FL/Saint-Cloud/4471-Holstein-St-34772/home/173818726,poinciana,34772
3775 Knotty Pine St,Saint Cloud,FL,34772,449900,4,2,1734,74,single_family,O6406755,https://www.redfin.com/FL/Saint-Cloud/3775-Knotty-Pine-St-34772/home/188683816,poinciana,34772
4353 Riverbend Blvd,Haines City,FL,33844,449999,5,3.5,3184,51,single_family,TB8517509,https://www.redfin.com/FL/Haines-City/4353-Riverbend-Blvd-33844/home/199454611,poinciana,33844
2537 Camden Park Cir,Davenport,FL,33837,450000,4,3,2322,146,single_family,S5155123,https://www.redfin.com/FL/Davenport/2537-Camden-Park-Cir-33837/for-sale/173893090,poinciana,33837
417 Wildflower Rd,Davenport,FL,33837,450000,4,3,2218,60,single_family,S5150760,https://www.redfin.com/FL/Davenport/417-Wildflower-Rd-33837/home/46070641,poinciana,33837
104 Scenic Hwy,Haines City,FL,33844,450000,,,,,8,S5153443,https://www.redfin.com/FL/Haines-City/104-Scenic-Hwy-33844/home/202721398,poinciana,33844
232 Via Mariel East Dr,Davenport,FL,33896,450000,4,3,2367,25,single_family,O6418014,https://www.redfin.com/FL/Davenport/232-Via-Mariel-East-Dr-33896/home/46123725,poinciana,33896
298 Captiva Dr,Davenport,FL,33896,450000,5,4.5,2340,166,condo,O6422495,https://www.redfin.com/FL/Davenport/298-Captiva-Dr-33896/home/103853376,poinciana,33896
1176 Challenge Dr,Davenport,FL,33896,450000,5,4,2167,486,condo,S5148137,https://www.redfin.com/FL/Davenport/1176-Challenge-Dr-33896/home/173831099,poinciana,33896
415 Overpool Ave,Davenport,FL,33896,450000,4,2,2169,9,single_family,O6422245,https://www.redfin.com/FL/Davenport/415-Overpool-Ave-33896/home/188677493,poinciana,33896
392 Ocean Course Ave,Davenport,FL,33896,450000,4,3,1914,485,condo,O6418114,https://www.redfin.com/FL/Davenport/392-Ocean-Course-Ave-33896/home/168039644,poinciana,33896
766 Carmel Ln,Poinciana,FL,34759,450000,3,3,2320,432,single_family,S5152388,https://www.redfin.com/FL/Poinciana/766-Carmel-Ln-34759/for-sale/46073289,poinciana,34759
3605 Daydream Pl,Saint Cloud,FL,34772,450000,5,2,2028,85,single_family,O6431912,https://www.redfin.com/FL/Saint-Cloud/3605-Daydream-Pl-34772/for-sale/46496271,poinciana,34772
5023 Sunfalls Ave,Saint Cloud,FL,34769,450000,3,2,1863,310,single_family,O6424053,https://www.redfin.com/FL/Saint-Cloud/5023-Sunfalls-Ave-34772/for-sale/161013357,poinciana,34772
4747 Harrington Fields Dr,Davenport,FL,33837,450280,4,3,2262,99,single_family,O6428647,https://www.redfin.com/FL/Davenport/4747-Harrington-Fields-Dr-33837/for-sale/194079209,poinciana,33837
171 Glenfield Dr,Davenport,FL,33837,450490,5,4,3195,30,single_family,O6421440,https://www.redfin.com/FL/Davenport/171-Glenfield-DR-33837/home/202536966,poinciana,33837
208 Villa Domani Cir,Davenport,FL,33896,451990,4,3,1823,350,single_family,S5149715,https://www.redfin.com/FL/Davenport/208-Villa-Domani-Cir-33896/home/170189372,poinciana,33896
6410 Clover St,Haines City,FL,33851,453613,5,3.5,3030,49,single_family,S5150997,https://www.redfin.com/FL/Haines-City/6410-Clover-St-33844/home/194087039,poinciana,33844
3845 Rambler Ave,Saint Cloud,FL,34772,454900,3,2,1248,,single_family,O6419841,https://www.redfin.com/FL/Saint-Cloud/3845-Rambler-Ave-34772/home/46568550,poinciana,34772
4597 Baler Trails Dr,Saint Cloud,FL,34772,454999,4,2.5,2914,8,single_family,O6413508,https://www.redfin.com/FL/Saint-Cloud/4597-Baler-Trails-Dr-34772/home/101834982,poinciana,34772
4032 Redbridge Loop,Davenport,FL,33837,455000,4,2,2105,0,single_family,O6413062,https://www.redfin.com/FL/Davenport/4032-Redbridge-Loop-33837/home/188720860,poinciana,33837
881 Seneca Trl,Saint Cloud,FL,34772,455000,4,3,2250,77,single_family,O6422860,https://www.redfin.com/FL/Saint-Cloud/881-Seneca-Trl-34772/home/46496667,poinciana,34772
2720 Nottel Dr,Saint Cloud,FL,34772,455000,4,2,2080,111,single_family,S5150413,https://www.redfin.com/FL/Saint-Cloud/2720-Nottel-Dr-34772/home/184276857,poinciana,34772
5038 Dancy Ln,Saint Cloud,FL,34772,455020,2,2,1707,310,single_family,O6422789,https://www.redfin.com/FL/Saint-Cloud/5038-Dancy-Ln-34772/home/177671126,poinciana,34772
134 Minniehaha Cir,Haines City,FL,33844,459000,5,3.5,2743,233,single_family,S5153732,https://www.redfin.com/FL/Haines-City/134-Minniehaha-Cir-33844/for-sale/46071563,poinciana,33844
1608 Moon Valley Dr,Davenport,FL,33896,459000,4,3,1902,679,condo,O6399760,https://www.redfin.com/FL/Davenport/1608-Moon-Valley-Dr-33896/home/99861809,poinciana,33896
349 Yellow Snapdragon Dr,Davenport,FL,33837,459900,5,3,2196,531,single_family,S5153882,https://www.redfin.com/FL/Davenport/349-Yellow-Snapdragon-Dr-33837/for-sale/46071025,poinciana,33837
1862 Daystar Dr,Haines City,FL,33844,459900,5,3.5,3162,83,single_family,O6401086,https://www.redfin.com/FL/Haines-City/1862-Daystar-Dr-33844/home/194086966,poinciana,33844
1043 Chamberlin Trl,Saint Cloud,FL,34772,459900,5,4,2700,77,single_family,S5147741,https://www.redfin.com/FL/Saint-Cloud/1043-Chamberlin-Trl-34772/home/46580416,poinciana,34772
1442 Moon Valley Dr,Davenport,FL,33896,460000,4,3,2225,747,single_family,O6411006,https://www.redfin.com/FL/Davenport/1442-Moon-Valley-Dr-33896/home/53393895,poinciana,33896
1037 Blackwolf Run Rd,Davenport,FL,33896,460000,4,2.5,2333,1004,single_family,O6401489,https://www.redfin.com/FL/Davenport/1037-Blackwolf-Run-Rd-33896/home/170049847,poinciana,33896
2757 Southland St,Saint Cloud,FL,34772,460000,3,2.5,2208,310,single_family,S5152678,https://www.redfin.com/FL/Saint-Cloud/2757-Southland-St-34772/for-sale/170046611,poinciana,34772
3707 Moon Dancer Pl,Saint Cloud,FL,34772,460000,4,3,2190,85,single_family,S5154078,https://www.redfin.com/FL/Saint-Cloud/3707-Moon-Dancer-Pl-34772/for-sale/46495698,poinciana,34772
3699 Moca Dr,Saint Cloud,FL,34772,460000,4,3,2820,99,single_family,O6418854,https://www.redfin.com/FL/Saint-Cloud/3699-Moca-Dr-34772/home/147929171,poinciana,34772
3036 Moulin Rd,Davenport,FL,33837,460590,4,3.5,2725,55,single_family,O6407695,https://www.redfin.com/FL/Davenport/3036-Moulin-Rd-33837/for-sale/199451931,poinciana,33837
112 Hamlet Loop,Davenport,FL,33837,465000,4,2.5,2655,80,single_family,S5153517,https://www.redfin.com/FL/Davenport/112-Hamlet-Loop-33837/for-sale/154084630,poinciana,33837
109 Miro Dr,Davenport,FL,33837,465000,5,4.5,2984,300,single_family,S5151466,https://www.redfin.com/FL/Davenport/109-Miro-Dr-33837/home/46070647,poinciana,33837
8833 Beth Page Ln,Davenport,FL,33896,465000,4,2.5,2333,876,single_family,S5151831,https://www.redfin.com/FL/Davenport/8833-Beth-Page-Ln-33896/home/168039572,poinciana,33896
3038 Shady Wood Ln,Lake Wales,FL,33898,465000,3,2,1860,,single_family,P4939267,https://www.redfin.com/FL/Lake-Wales/3038-Shady-Wood-Ln-33898/home/46181202,poinciana,33898
212 Brookshire Dr,Lake Wales,FL,33898,465000,5,3,2757,39,single_family,O6425509,https://www.redfin.com/FL/Lake-Wales/212-Brookshire-Dr-33898/for-sale/46073708,poinciana,33898
5040 Bessie Ct,Saint Cloud,FL,34772,465000,4,2,1910,108,single_family,S5150775,https://www.redfin.com/FL/Saint-Cloud/5040-Bessie-Ct-34772/home/177672126,poinciana,34772
305 Preserve Pointe Blvd,Davenport,FL,33837,466990,4,2.5,2903,70,single_family,O6432014,https://www.redfin.com/FL/Davenport/305-Preserve-Pointe-Blvd-33837/for-sale/170189683,poinciana,33837
103 Bay Leaf Ln,Davenport,FL,33896,468000,4,3.5,2672,56,single_family,O6420088,https://www.redfin.com/FL/Davenport/103-Bay-Leaf-Ln-33896/home/46046875,poinciana,33896
864 Redwood Way,Lake Wales,FL,33898,469000,3,2,1660,,single_family,P4939175,https://www.redfin.com/FL/Lake-Wales/864-Redwood-Way-33898/home/46251565,poinciana,33898
5608 Mandarin,Davenport,FL,33986,469900,4,2,1634,37,single_family,A12021448,https://www.redfin.com/FL/Davenport/5608-Mandarin-Ct-33896/home/46122926,poinciana,33896
5640 Savanna Valley Trl,St Cloud,FL,34772,469990,5,4,2666,95,single_family,TB8501417,https://www.redfin.com/FL/St-Cloud/5640-Savanna-Valley-Trl-34772/home/201225386,poinciana,34772
211 Lakeshore Blvd,Saint Cloud,FL,34769,469999,4,3,3632,,single_family,O6426620,https://www.redfin.com/FL/Saint-Cloud/211-Lakeshore-Blvd-34769/for-sale/46512753,poinciana,34769
3112 Antiqua Way,Haines City,FL,33844,470000,6,4.5,2825,76,single_family,G5116082,https://www.redfin.com/FL/Haines-City/3112-Antiqua-Way-33844/for-sale/46304358,poinciana,33844
646 Longboat Dr,Davenport,FL,33896,470000,3,2.5,1653,326,condo,O6426201,https://www.redfin.com/FL/Davenport/646-Longboat-Dr-33896/for-sale/182908873,poinciana,33896
1152 Trappers Trail Loop,Davenport,FL,33896,470000,4,2.5,,686,single_family,A12031287,https://www.redfin.com/FL/Davenport/1152-Trappers-Trail-Loop-33896/home/170050037,poinciana,33896
4539 Calumet Dr,Saint Cloud,FL,34772,470000,4,3,2339,7,single_family,O6419350,https://www.redfin.com/FL/Saint-Cloud/4539-Calumet-Dr-34772/home/146053063,poinciana,34772
3576 Bristol Cove Ln,Saint Cloud,FL,34772,470000,4,2.5,2791,47,single_family,O6410653,https://www.redfin.com/FL/Saint-Cloud/3576-Bristol-Cove-Ln-34772/home/168038908,poinciana,34772
4946 Waltham Forest Dr,Davenport,FL,33837,471990,4,3,2175,146,single_family,O6423271,https://www.redfin.com/FL/Davenport/4946-Waltham-Forest-Dr-33837/home/199457725,poinciana,33837
7573 Oak Spring Ln,Davenport,FL,33837,475000,5,4.5,2281,520,condo,A4696829,https://www.redfin.com/FL/Davenport/7573-Oak-Spring-Ln-33837/home/177179222,poinciana,33837
1942 Bermuda Pointe Dr,Haines City,FL,33844,475000,3,2,1415,74,single_family,S5155083,https://www.redfin.com/FL/Haines-City/1942-Bermuda-Pointe-Dr-33844/for-sale/46195627,poinciana,33844
2236 Derwent Dr,Davenport,FL,33896,475000,4,3,2224,135,single_family,S5149393,https://www.redfin.com/FL/Davenport/2236-Derwent-Dr-33896/home/182908596,poinciana,33896
569 Burford Cir,Davenport,FL,33896,475000,4,3,2083,370,single_family,S5146858,https://www.redfin.com/FL/Davenport/569-Burford-Cir-33896/home/46057348,poinciana,33896
394 Monterey St,Poinciana,FL,34759,475000,2,2.5,1850,442,single_family,S5153097,https://www.redfin.com/FL/Poinciana/394-Monterey-St-34759/home/46072642,poinciana,34759
817 Ohio Ave,Saint Cloud,FL,34769,475000,4,2,1950,,4,S5152986,https://www.redfin.com/FL/Saint-Cloud/817-Ohio-Ave-34769/home/46509849,poinciana,34769
4324 Pine Lake Dr,Saint Cloud,FL,34769,475000,5,3,2164,,single_family,P4937199,https://www.redfin.com/FL/Saint-Cloud/4324-Pine-Lake-Dr-34769/home/46517360,poinciana,34769
1588 Sky Lakes Dr,Saint Cloud,FL,34769,475000,5,3,3182,83,single_family,O6321058,https://www.redfin.com/FL/Saint-Cloud/1588-Sky-Lakes-Dr-34769/home/184273860,poinciana,34769
8995 Ace Loop,Davenport,FL,33896,479000,4,2,2269,896,single_family,S5153735,https://www.redfin.com/FL/Davenport/8995-Ace-Loop-33896/for-sale/173831257,poinciana,33896
444 Famagusta Dr,Davenport,FL,33896,479900,6,5.5,2608,413,condo,O6424110,https://www.redfin.com/FL/Davenport/444-Famagusta-Dr-33896/home/177178970,poinciana,33896
436 Michigan Ave,Saint Cloud,FL,34769,479900,3,2.5,2118,,single_family,S5117798,https://www.redfin.com/FL/Saint-Cloud/436-Michigan-Ave-34769/home/46511410,poinciana,34769
670 Brown Bear Ct,Saint Cloud,FL,34772,479900,5,4,2868,45,single_family,O6414636,https://www.redfin.com/FL/Saint-Cloud/670-Brown-Bear-Ct-34772/home/46479800,poinciana,34772
2620 Magnolia Ave,Davenport,FL,33837,479999,5,3.5,3106,10,single_family,S5155207,https://www.redfin.com/FL/Davenport/2620-Magnolia-Ave-33837/for-sale/177180829,poinciana,33837
238 Granada Ave,Davenport,FL,33837,480000,5,3,3358,216,single_family,G5113198,https://www.redfin.com/FL/Davenport/238-Granada-Ave-33837/home/46084194,poinciana,33837
1423 Pro Shop Ct,Davenport,FL,33896,480000,6,3.5,3809,807,single_family,O6425291,https://www.redfin.com/FL/Davenport/1423-Pro-Shop-Ct-33896/for-sale/104128802,poinciana,33896
1643 Delightful Dr,Davenport,FL,33896,480000,5,3,2615,151,single_family,O6400793,https://www.redfin.com/FL/Davenport/1643-Delightful-Dr-33896/home/182908973,poinciana,33896
4104 Quail Nest Ct,Saint Cloud,FL,34772,480000,5,3.5,2813,,single_family,S5152503,https://www.redfin.com/FL/Saint-Cloud/4104-Quail-Nest-Ct-34772/home/46513275,poinciana,34772
4885 Rain Shadow Dr,Saint Cloud,FL,34771,480000,4,3,2174,70,single_family,O6419632,https://www.redfin.com/FL/Saint-Cloud/4885-Rain-Shadow-Dr-34772/home/193903409,poinciana,34772
149 Imperial Oak Ct,Davenport,FL,33896,482000,4,2,1506,27,single_family,S5148409,https://www.redfin.com/FL/Davenport/149-Imperial-Oak-Ct-33896/home/46093140,poinciana,33896
4615 Edgel Pass,St Cloud,FL,34772,483490,4,3,2366,150,single_family,O6403415,https://www.redfin.com/FL/St-Cloud/4615-Edgel-PASS-34772/home/201583758,poinciana,34772
5161 Flaxleaf St,Saint Cloud,FL,34772,483740,4,4,2366,115,single_family,O6425063,https://www.redfin.com/FL/Saint-Cloud/5161-Flaxleaf-St-34772/for-sale/199302891,poinciana,34772
5174 Buttonsage Dr,Saint Cloud,FL,34772,484000,4,3,1953,81,single_family,S5149446,https://www.redfin.com/FL/Saint-Cloud/5174-Buttonsage-Dr-34772/home/177672285,poinciana,34772
5042 Dancy Ln,Saint Cloud,FL,34772,484250,3,2,2056,310,single_family,O6418328,https://www.redfin.com/FL/Saint-Cloud/5042-Dancy-Ln-34772/home/177671125,poinciana,34772
3014 Sand Stone Cir,Saint Cloud,FL,34772,484888,5,2,2320,25,single_family,S5153826,https://www.redfin.com/FL/Saint-Cloud/3014-Sand-Stone-Cir-34772/for-sale/46489377,poinciana,34772
4303 Sioux Ct,Saint Cloud,FL,34772,484900,3,2,2409,78,single_family,S5152960,https://www.redfin.com/FL/Saint-Cloud/4303-Sioux-Ct-34772/for-sale/46580343,poinciana,34772
1581 Swan Swim Dr,Davenport,FL,33837,485000,4,2.5,2956,70,single_family,S5153618,https://www.redfin.com/FL/Davenport/1581-Swan-Swim-Dr-33837/home/188717000,poinciana,33837
526 Pineloch Dr,Haines City,FL,33844,485000,6,5,2739,233,single_family,O6420347,https://www.redfin.com/FL/Haines-City/526-Pineloch-Dr-33844/home/46061915,poinciana,33844
3437 Brant St,Saint Cloud,FL,34772,485000,6,3,3256,66,single_family,S5152542,https://www.redfin.com/FL/Saint-Cloud/3437-Brant-St-34772/home/54685590,poinciana,34772
3233 Lorimar Ln,Saint Cloud,FL,34772,485000,4,2,2279,75,single_family,O6419155,https://www.redfin.com/FL/Saint-Cloud/3233-Lorimar-Ln-34772/home/46485271,poinciana,34772
4980 Four Strand Ct,Saint Cloud,FL,34772,485000,5,2.5,2879,60,single_family,O6410168,https://www.redfin.com/FL/Saint-Cloud/4980-Four-Strand-Ct-34772/home/177668652,poinciana,34772
1482 Lake Side Ave,Davenport,FL,33837,485500,4,3,2592,176,single_family,S5149453,https://www.redfin.com/FL/Davenport/1482-Lake-Side-Ave-33837/home/52800200,poinciana,33837
923 Fieldstone Way,Haines City,FL,33844,488000,4,2.5,3250,57,single_family,O6419098,https://www.redfin.com/FL/Haines-City/923-Fieldstone-Way-33844/home/177181777,poinciana,33844
134 Captiva Dr,Davenport,FL,33896,489000,4,3,2094,450,single_family,S5153964,https://www.redfin.com/FL/Davenport/134-Captiva-Dr-33896/for-sale/103853350,poinciana,33896
1361 Olympic Club Blvd,Champions Gate,FL,33896,489000,4,3,2287,897,single_family,S5149699,https://www.redfin.com/FL/Champions-Gate/1361-Olympic-Club-Blvd-33896/home/144570557,poinciana,33896
642 Heraldo Ct,Poinciana,FL,34758,489000,6,4,2205,165,4,O6423198,https://www.redfin.com/FL/Poinciana/642-Heraldo-Ct-34758/home/194621070,poinciana,34758
2632 Meadowedge Loop,Saint Cloud,FL,34772,489000,3,3,2335,373,single_family,O6420846,https://www.redfin.com/FL/Saint-Cloud/2632-Meadowedge-Loop-34772/home/170046298,poinciana,34772
3954 LA Salle Ave,St Cloud,FL,34772,489000,3,1,1364,,single_family,S5149221,https://www.redfin.com/FL/St-Cloud/3954-La-Salle-Ave-34772/home/185263502,poinciana,34772
3818 Red Oak Ct,Lake Wales,FL,33898,489400,4,3,2160,,single_family,O6414909,https://www.redfin.com/FL/Lake-Wales/3818-Red-Oak-Ct-33898/home/46258514,poinciana,33898
2810 Windsong Ln,Saint Cloud,FL,34772,489900,3,2,1582,,single_family,S5154679,https://www.redfin.com/FL/Saint-Cloud/2810-Windsong-Ln-34772/for-sale/46551592,poinciana,34772
2993 Nottel Dr,Saint Cloud,FL,34772,489900,4,2,2130,223,single_family,S5152624,https://www.redfin.com/FL/Saint-Cloud/2993-Nottel-Dr-34772/home/173825081,poinciana,34772
537 Pineloch Dr,Haines City,FL,33844,490000,4,3.5,2057,233,single_family,TB8518131,https://www.redfin.com/FL/Haines-City/537-Pineloch-Dr-33844/home/46061899,poinciana,33844
3730 Cedar Hammock Trl,Saint Cloud,FL,34772,490000,4,2,2746,67,single_family,O6430853,https://www.redfin.com/FL/Saint-Cloud/3730-Cedar-Hammock-Trl-34772/for-sale/46482971,poinciana,34772
4017 Eastminster Rd,Davenport,FL,33837,491490,4,3,2650,146,single_family,O6426173,https://www.redfin.com/FL/Davenport/4017-Eastminster-Rd-33837/for-sale/199457804,poinciana,33837
1018 Grand Reserve Dr,Davenport,FL,33837,494000,5,3,2681,66,single_family,G5113350,https://www.redfin.com/FL/Davenport/1018-Grand-Reserve-Dr-33837/home/46303257,poinciana,33837
4035 Southern Vista Loop,Saint Cloud,FL,34772,494990,4,3,2611,106,single_family,S5152847,https://www.redfin.com/FL/Saint-Cloud/4035-Southern-Vista-Loop-34772/home/184274710,poinciana,34772
184 Whirlaway Dr,Davenport,FL,33837,495000,5,3,3092,121,single_family,TB8530509,https://www.redfin.com/FL/Davenport/184-Whirlaway-Dr-33837/for-sale/113027922,poinciana,33837
795 Overpool Ave,Davenport,FL,33896,495000,4,3,2387,9,single_family,G5111219,https://www.redfin.com/FL/Davenport/795-Overpool-Ave-33896/home/184279784,poinciana,33896
800 Hitch Loop,Saint Cloud,FL,34772,495000,5,2.5,3165,63,single_family,TB8496384,https://www.redfin.com/FL/Saint-Cloud/800-Hitch-Loop-34772/home/180256016,poinciana,34772
4671 Terrasonesta Dr,Davenport,FL,33837,495500,5,5.5,2460,549,condo,O6417213,https://www.redfin.com/FL/Davenport/4671-Terrasonesta-Dr-33837/home/52800032,poinciana,33837
1833 Cayman Cove Cir,Saint Cloud,FL,34772,495900,4,2.5,2204,70,single_family,S5153660,https://www.redfin.com/FL/Saint-Cloud/1833-Cayman-Cove-Cir-34772/for-sale/168038671,poinciana,34772
607-609 California Ave,Saint Cloud,FL,34769,496000,4,4,2028,,4,S5143820,https://www.redfin.com/FL/Saint-Cloud/607-California-Ave-34769/home/46509401,poinciana,34769
4014 Eastminster Rd,Davenport,FL,33837,496490,4,3,2650,146,single_family,O6426687,https://www.redfin.com/FL/Davenport/4014-Eastminster-Rd-33837/for-sale/199457780,poinciana,33837
1518 Dickens Rd,Lake Wales,FL,33898,496997,4,2,2476,,single_family,O6419895,https://www.redfin.com/FL/Lake-Wales/1518-Dickens-Rd-33898/for-sale/46268583,poinciana,33898
18925 Sr-60,Lake Wales,FL,33898,497000,3,2,1288,21,10,B26036522,https://www.redfin.com/FL/Lake-Wales/18925-State-Road-60-E-33898/home/46105809,poinciana,33898
563 Lake Davenport Cir,Davenport,FL,33837,497900,6,5,3260,73,single_family,O6425534,https://www.redfin.com/FL/Davenport/563-Lake-Davenport-Cir-33837/for-sale/46084310,poinciana,33837
122 Fairway Dr,Haines City,FL,33844,498000,3,4,4215,,single_family,TB8517183,https://www.redfin.com/FL/Haines-City/122-Fairway-Dr-33844/home/46133256,poinciana,33844
1469 Moon Valley Dr,Davenport,FL,33896,498500,6,6,3063,629,single_family,S5154133,https://www.redfin.com/FL/Davenport/1469-Moon-Valley-Dr-33896/for-sale/63056861,poinciana,33896
4524 Eagle Perch Ct,Saint Cloud,FL,34772,498950,4,3,2623,232,single_family,TB8534554,https://www.redfin.com/FL/Saint-Cloud/4524-Eagle-Perch-Ct-34772/for-sale/188683420,poinciana,34772
2093 Lake Side Ave,Davenport,FL,33837,499000,4,3,2644,176,single_family,O6430364,https://www.redfin.com/FL/Davenport/2093-Lake-Side-Ave-33837/for-sale/103853899,poinciana,33837
2765 Kokomo Loop,Haines City,FL,33844,499900,6,4.5,2864,74,single_family,O6424603,https://www.redfin.com/FL/Haines-City/2765-Kokomo-Loop-33844/for-sale/46048001,poinciana,33844
3437 Mar Lisa Cove Rd,Lake Wales,FL,33898,499900,3,2.5,1751,,single_family,P4938686,https://www.redfin.com/FL/Lake-Wales/3437-Mar-Lisa-Cove-Rd-33898/home/46240130,poinciana,33898
453 Sorrento Rd,Poinciana,FL,34759,499900,3,3.5,2580,420,single_family,O6408903,https://www.redfin.com/FL/Poinciana/453-Sorrento-Rd-34759/home/46072293,poinciana,34759
2789 Southland St,Saint Cloud,FL,34772,499900,3,3,2365,325,single_family,O6422878,https://www.redfin.com/FL/Saint-Cloud/2789-Southland-St-34772/home/170046593,poinciana,34772
5063 Hatchineha Ct,Saint Cloud,FL,34772,499900,4,2.5,2580,111,single_family,O6416004,https://www.redfin.com/FL/Saint-Cloud/5063-Hatchineha-Ct-34772/home/177672151,poinciana,34772
276 Drayton Ave,Davenport,FL,33837,499990,4,2.5,2928,146,single_family,O6419460,https://www.redfin.com/FL/Davenport/276-Drayton-Ave-33837/home/144351222,poinciana,33837
2791 Parkfield Rd,Saint Cloud,FL,34772,500000,6,5,3160,100,single_family,O6431275,https://www.redfin.com/FL/Saint-Cloud/2791-Parkfield-Rd-34772/for-sale/170047968,poinciana,34772
4920 Blanche Ct,Saint Cloud,FL,34772,500000,4,2.5,2290,110,single_family,O6418420,https://www.redfin.com/FL/Saint-Cloud/4920-Blanche-Ct-34772/home/168033990,poinciana,34772
5127 Buttonsage Dr,Saint Cloud,FL,34772,504013,3,2,1742,69,single_family,O6428755,https://www.redfin.com/FL/Saint-Cloud/5127-Buttonsage-Dr-34772/for-sale/199304052,poinciana,34772
16 Trout Way Unit A & B,Poinciana,FL,34759,505000,6,4,2608,165,4,S5154731,https://www.redfin.com/FL/Poinciana/16-Trout-Way-34759/unit-A-B/home/204345060,poinciana,34759
1355 Yorkshire Ct,Davenport,FL,33896,508000,5,4.5,2534,305,single_family,O6418054,https://www.redfin.com/FL/Davenport/1355-Yorkshire-Ct-33896/home/46090095,poinciana,33896
124 Yellow Snapdragon Dr,Davenport,FL,33837,509000,5,4,2716,532,single_family,S5154685,https://www.redfin.com/FL/Davenport/124-Yellow-Snapdragon-Dr-33837/for-sale/46071050,poinciana,33837
5294 Wildwood Way,Davenport,FL,33837,509000,6,4,3052,583,single_family,GC541695,https://www.redfin.com/FL/Davenport/5294-Wildwood-Way-33837/for-sale/46088186,poinciana,33837
5095 Twin Lakes Blvd,Saint Cloud,FL,34772,509530,3,2,2084,310,single_family,O6426678,https://www.redfin.com/FL/Saint-Cloud/5095-Twin-Lakes-Blvd-34772/for-sale/193902370,poinciana,34772
406 Orange Cosmos Blvd,Davenport,FL,33837,509900,6,5.5,3579,532,single_family,S5153578,https://www.redfin.com/FL/Davenport/406-Orange-Cosmos-Blvd-33837/for-sale/46070970,poinciana,33837
2724 Southland St,Saint Cloud,FL,34772,509900,3,3,2365,310,single_family,S5151662,https://www.redfin.com/FL/Saint-Cloud/2724-Southland-St-34772/home/170046470,poinciana,34772
5119 Buttonsage Dr,Saint Cloud,FL,34772,509956,4,2,1893,69,single_family,O6428758,https://www.redfin.com/FL/Saint-Cloud/5119-Buttonsage-Dr-34772/for-sale/199304054,poinciana,34772
8972 Dove Valley Way,Davenport,FL,33896,510000,4,2,2486,889,single_family,S5152621,https://www.redfin.com/FL/Davenport/8972-Dove-Valley-Way-33896/home/64041596,poinciana,33896
476-474 Columbia Ct,Poinciana,FL,34759,513990,6,4,2832,30,4,O6430942,https://www.redfin.com/FL/Poinciana/476-Columbia-Ct-34759/for-sale/46169648,poinciana,34759
,Saint Cloud,FL,34772,514900,3,2,2054,310,single_family,O6386205,https://www.redfin.com/FL/Saint-Cloud/Undisclosed-address-34772/home/177671123,poinciana,34772
3911 Altitude Run,Davenport,FL,33837,514999,5,3.5,3182,54,single_family,TB8535255,https://www.redfin.com/FL/Davenport/3911-Altitude-Run-33837/for-sale/199465818,poinciana,33837
411 Cabello Dr,Davenport,FL,33837,515000,6,5.5,2876,300,single_family,O6426242,https://www.redfin.com/FL/Davenport/411-Cabello-Dr-33837/for-sale/67386136,poinciana,33837
1568 Flange Dr,Davenport,FL,33896,515000,5,5,3081,503,single_family,O6397771,https://www.redfin.com/FL/Davenport/1568-Flange-Dr-33896/home/141634777,poinciana,33896
675 Bluebill Ct Unit A,Poinciana,FL,34759,515000,6,4,2415,147,4,S5153425,https://www.redfin.com/FL/Poinciana/675-Bluebill-Ct-34759/unit-A/for-sale/46218294,poinciana,34759
1285 Hilltop Pl,Saint Cloud,FL,34772,515000,4,3.5,3068,114,single_family,A11988973,https://www.redfin.com/FL/Saint-Cloud/1285-Hilltop-Pl-34772/home/170049280,poinciana,34772
5361 Dagenham Dr,Davenport,FL,33837,519000,4,3,2532,146,single_family,O6429068,https://www.redfin.com/FL/Davenport/5361-Dagenham-Dr-33837/for-sale/191770835,poinciana,33837
3385 Wauseon Dr,Saint Cloud,FL,34772,519000,5,3,2626,111,single_family,O6417200,https://www.redfin.com/FL/Saint-Cloud/3385-Wauseon-Dr-34772/home/168034160,poinciana,34772
2841 Nottel Dr,Saint Cloud,FL,34772,519000,5,3.5,3462,102,single_family,O6392292,https://www.redfin.com/FL/Saint-Cloud/2841-Nottel-Dr-34772/home/177672046,poinciana,34772
5046 Down Ct,Saint Cloud,FL,34772,519900,5,3,3197,111,single_family,O6406936,https://www.redfin.com/FL/Saint-Cloud/5046-Down-Ct-34772/for-sale/184276812,poinciana,34772
2905 Tupelo Loop,Saint Cloud,FL,34772,519900,4,3,1957,76,single_family,O6402805,https://www.redfin.com/FL/Saint-Cloud/2905-Tupelo-Loop-34772/home/177672224,poinciana,34772
4192 River Beacon Blvd,Davenport,FL,33837,519999,5,3.5,3184,54,single_family,TB8535253,https://www.redfin.com/FL/Davenport/4192-River-Beacon-Blvd-33837/for-sale/199465708,poinciana,33837
1150 Oak Bluff Dr,Davenport,FL,33837,520000,4,2.5,3078,159,single_family,O6431141,https://www.redfin.com/FL/Davenport/1150-Oak-Bluff-Dr-33837/for-sale/173889432,poinciana,33837
294 Aberdeen St,Davenport,FL,33896,520000,5,3.5,2491,166,single_family,O6422075,https://www.redfin.com/FL/Davenport/294-Aberdeen-St-33896/home/144455480,poinciana,33896
1120 Cypress Pointe Blvd,Davenport,FL,33896,520000,6,4.5,3084,41,single_family,O6405540,https://www.redfin.com/FL/Davenport/1120-Cypress-Pointe-Blvd-33896/home/46076991,poinciana,33896
804-806 Colville Dr,Poinciana,FL,34759,524000,6,4,2574,165,4,S5150369,https://www.redfin.com/FL/Poinciana/804-Colville-Dr-34759/for-sale/46170057,poinciana,34759
4724 Brookshire Ct,Lake Wales,FL,33898,524900,4,2,2116,39,single_family,L4959760,https://www.redfin.com/FL/Lake-Wales/4724-Brookshire-Ct-33898/home/162601534,poinciana,33898
1430 Park Pl,Haines City,FL,33844,525000,4,3,1567,91,single_family,S5155063,https://www.redfin.com/FL/Haines-City/1430-Park-Pl-33844/for-sale/46269690,poinciana,33844
455 Overpool Ave,Davenport,FL,33896,525000,5,3,3071,9,single_family,O6429419,https://www.redfin.com/FL/Davenport/455-Overpool-Ave-33896/for-sale/188677498,poinciana,33896
1353 Palmetto Dunes St,Davenport,FL,33896,525000,3,3,2571,889,single_family,S5152300,https://www.redfin.com/FL/Davenport/1353-Palmetto-Dunes-St-33896/home/103844855,poinciana,33896
828 Abbeville Ct,Poinciana,FL,34759,525000,6,4,2580,165,4,P4938953,https://www.redfin.com/FL/Poinciana/828-Abbeville-Ct-34759/home/194758377,poinciana,34759
1801 Eastern Ave,Saint Cloud,FL,34769,525000,3,3,1659,,single_family,S5152145,https://www.redfin.com/FL/Saint-Cloud/1801-Eastern-Ave-34769/home/46537033,poinciana,34769
3941 Southern Vista Loop,Saint Cloud,FL,34772,525000,5,3,2791,106,single_family,O6426522,https://www.redfin.com/FL/Saint-Cloud/3941-Southern-Vista-Loop-34772/for-sale/177668921,poinciana,34772
2733 Southland St,Saint Cloud,FL,34772,525000,3,3,2365,310,single_family,S5153924,https://www.redfin.com/FL/Saint-Cloud/2733-Southland-St-34772/for-sale/170046627,poinciana,34772
5713 Coopers Hawk Ct,St Cloud,FL,34772,528990,4,3,2185,95,single_family,TB8530410,https://www.redfin.com/FL/St-Cloud/5713-Coopers-Hawk-Ct-34772/home/202539299,poinciana,34772
1155 N Glendora Rd,Poinciana,FL,34759,529000,3,2,2719,312,single_family,FC319708,https://www.redfin.com/FL/Poinciana/1155-Glendora-Rd-N-34759/home/46048432,poinciana,34759
6002 Renaissance Ct,Saint Cloud,FL,34772,529500,5,3,2516,58,single_family,S5146842,https://www.redfin.com/FL/Saint-Cloud/6002-Renaissance-Ct-34772/home/46577757,poinciana,34772
2596 Sand Hill Point Cir,Davenport,FL,33837,529900,5,3,2818,50,single_family,O6411388,https://www.redfin.com/FL/Davenport/2596-Sand-Hill-Point-Cir-33837/home/46077535,poinciana,33837
2606 Meadowedge Loop,Saint Cloud,FL,34772,529900,3,3,2365,358,single_family,O6423184,https://www.redfin.com/FL/Saint-Cloud/2606-Meadowedge-Loop-34772/for-sale/170046321,poinciana,34772
3910 Countryside View Ct,Saint Cloud,FL,34772,529900,4,3,2772,41,single_family,TB8531792,https://www.redfin.com/FL/Saint-Cloud/3910-Countryside-View-Ct-34772/for-sale/46570724,poinciana,34772
224 Cypress Fork Trl,St Cloud,FL,34772,529990,4,3.5,2736,75,single_family,G5116156,https://www.redfin.com/FL/St-Cloud/224-Cypress-Fork-Trl-34772/for-sale/204414064,poinciana,34772
5701 Coopers Hawk Ct,St Cloud,FL,34772,529990,4,3,2317,95,single_family,TB8530439,https://www.redfin.com/FL/St-Cloud/5701-Coopers-Hawk-Ct-34772/home/202539295,poinciana,34772
5809 Guenevere Ct,Saint Cloud,FL,34772,529999,4,2.5,2312,58,single_family,O6417312,https://www.redfin.com/FL/Saint-Cloud/5809-Guenevere-Ct-34772/home/46554153,poinciana,34772
5207 Wildwood Way,Davenport,FL,33837,530000,6,5.5,3270,159,single_family,O6429926,https://www.redfin.com/FL/Davenport/5207-Wildwood-Way-33837/for-sale/46088218,poinciana,33837
5439 Solterra Cir,Davenport,FL,33837,530000,5,5,3116,268,single_family,O6425583,https://www.redfin.com/FL/Davenport/5439-Solterra-Cir-33837/for-sale/80166244,poinciana,33837
1559 Flange Dr,Davenport,FL,33896,530000,6,5,3291,620,single_family,O6408222,https://www.redfin.com/FL/Davenport/1559-Flange-Dr-33896/for-sale/144457360,poinciana,33896
1646 Moon Valley Dr,Davenport,FL,33896,530000,5,5,3081,562,single_family,O6397295,https://www.redfin.com/FL/Davenport/1646-Moon-Valley-Dr-33896/home/144247838,poinciana,33896
880 Suffolk Pl,Davenport,FL,33896,533000,4,4,2754,310,single_family,O6423832,https://www.redfin.com/FL/Davenport/880-Suffolk-Pl-33896/home/46077019,poinciana,33896
1375 Palmetto Dunes St,Davenport,FL,33896,535000,4,2,2246,890,single_family,S5153057,https://www.redfin.com/FL/Davenport/1375-Palmetto-Dunes-St-33896/for-sale/53393621,poinciana,33896
989 Leader St,Davenport,FL,33896,538000,5,5,3081,620,single_family,O6413844,https://www.redfin.com/FL/Davenport/989-Leader-St-33896/home/177669053,poinciana,33896
600 Volterra Blvd,Poinciana,FL,34759,539000,3,2.5,2450,441,single_family,S5154558,https://www.redfin.com/FL/Poinciana/600-Volterra-Blvd-34759/for-sale/46047684,poinciana,34759
3245 Countryside View Dr,Saint Cloud,FL,34772,539999,4,3,2170,41,single_family,O6399374,https://www.redfin.com/FL/Saint-Cloud/3245-Countryside-View-Dr-34772/home/46574908,poinciana,34772
8955 Cabot Cliffs Dr,Davenport,FL,33896,540000,5,4,2167,450,condo,O6415509,https://www.redfin.com/FL/Davenport/8955-Cabot-Cliffs-Dr-33896/home/170049774,poinciana,33896
8190 Valhalla Ter,Reunion,FL,34747,540000,,,,158,8,O6427955,https://www.redfin.com/FL/Reunion/8190-Valhalla-Ter-34747/home/54762116,poinciana,33896
5051 Plymouth Turtle Cir,Saint Cloud,FL,34772,540000,5,2.5,3324,45,single_family,S5151581,https://www.redfin.com/FL/Saint-Cloud/5051-Plymouth-Turtle-Cir-34772/home/46479797,poinciana,34772
374 Pine Tree Bridge Trl,Saint Cloud,FL,34772,540000,5,3,2328,105,single_family,S5147915,https://www.redfin.com/FL/Saint-Cloud/374-Pine-Tree-Bridge-Trl-34772/home/177668784,poinciana,34772
5123 Buttonsage Dr,Saint Cloud,FL,34772,540132,4,3,2174,69,single_family,O6428756,https://www.redfin.com/FL/Saint-Cloud/5123-Buttonsage-Dr-34772/for-sale/199304053,poinciana,34772
2400 Tybee Rd,Saint Cloud,FL,34769,545000,5,3,3447,71,single_family,S5141533,https://www.redfin.com/FL/Saint-Cloud/2400-Tybee-Rd-34769/for-sale/46483453,poinciana,34769
5381 Alligator Lake Rd,Saint Cloud,FL,34772,545000,3,2,1980,,single_family,S5152575,https://www.redfin.com/FL/Saint-Cloud/5381-Alligator-Lake-Rd-34772/home/46552632,poinciana,34772
212 Cypress Fork Trl,St. Cloud,FL,34772,546990,5,3.5,3124,200,single_family,G5113743,https://www.redfin.com/FL/St-Cloud/212-Cypress-Fork-Trl-34772/home/202248411,poinciana,34772
8987 Backswing Way,Davenport,FL,33896,548000,5,5,3081,622,single_family,S5154310,https://www.redfin.com/FL/Davenport/8987-Backswing-Way-33896/for-sale/170049568,poinciana,33896
388 Sand Ridge Dr,Davenport,FL,33896,548000,5,4.5,3406,56,single_family,O6409861,https://www.redfin.com/FL/Davenport/388-Sand-Ridge-Dr-33896/home/46302784,poinciana,33896
4518 Firefly Ln,St. Cloud,FL,34772,548990,5,3.5,3124,200,single_family,G5113744,https://www.redfin.com/FL/St-Cloud/4518-Firefly-Ln-34772/home/202248426,poinciana,34772
3839 Lakeview Acres Rd,Saint Cloud,FL,34772,549000,4,2,1741,,single_family,S5153865,https://www.redfin.com/FL/Saint-Cloud/3839-Lakeview-Acres-Rd-34772/for-sale/46570144,poinciana,34772
2665 Meadowedge Loop,Saint Cloud,FL,34772,549700,3,3,2362,358,single_family,O6418492,https://www.redfin.com/FL/Saint-Cloud/2665-Meadowedge-Loop-34772/home/170046364,poinciana,34772
800 Sticks St,Davenport,FL,33896,549900,5,5,3081,542,single_family,S5147481,https://www.redfin.com/FL/Davenport/800-Sticks-St-33896/home/170049534,poinciana,33896
4450 Quail Roost Rd,Saint Cloud,FL,34772,549900,3,2,1248,,10,S5152336,https://www.redfin.com/FL/Saint-Cloud/4450-Quail-Roost-Rd-34772/home/162404030,poinciana,34772
4879 Shady Pines Dr,Saint Cloud,FL,34772,549990,5,3,2883,70,single_family,O6418801,https://www.redfin.com/FL/Saint-Cloud/4879-Shady-Pines-Dr-34772/home/193903382,poinciana,34772
8926 Fallen Oak Dr,Davenport,FL,33896,549999,5,4.5,3809,937,single_family,O6418201,https://www.redfin.com/FL/Davenport/8926-Fallen-Oak-Dr-33896/home/173831186,poinciana,33896
1428 Thunderbird Rd,Davenport,FL,33896,550000,6,6,3339,622,single_family,S5152243,https://www.redfin.com/FL/Davenport/1428-Thunderbird-Rd-33896/home/55593520,poinciana,33896
240 Famagusta Dr,Davenport,FL,33896,550000,5,4.5,2048,525,condo,O6414108,https://www.redfin.com/FL/Davenport/240-Famagusta-Dr-33896/home/177179021,poinciana,33896
8967 Cabot Cliffs Dr,Davenport,FL,34747,550000,5,4,2167,485,condo,O6399795,https://www.redfin.com/FL/Davenport/8967-Cabot-Cliffs-Dr-33896/home/170049768,poinciana,33896
4480 Lakeview Dr,Other,FL,00000,550000,3,2,2018,,single_family,619072,https://www.redfin.com/FL/Other/4480-Lakeview-DR-33050/home/200865768,poinciana,33898
4932 Olivia Ct,Saint Cloud,FL,34772,550000,5,3,3166,135,single_family,O6421553,https://www.redfin.com/FL/Saint-Cloud/4932-Olivia-Ct-34772/home/173825041,poinciana,34772
2777 Southland St,Saint Cloud,FL,34772,550000,3,3,2365,310,single_family,O6412947,https://www.redfin.com/FL/Saint-Cloud/2777-Southland-St-34772/home/170046600,poinciana,34772
,Davenport,FL,33837,554000,5,3,,147,single_family,A12048569,https://www.redfin.com/FL/Davenport/Undisclosed-address-33837/home/188720931,poinciana,33837
8936 Cabot Clfs,Davenport,FL,33896,555000,6,5,3291,644,single_family,B26032759,https://www.redfin.com/FL/Davenport/8936-Cabot-Cliffs-Dr-33896/home/170049732,poinciana,33896
3373 Wauseon Dr,Saint Cloud,FL,34772,559900,5,3,3239,110,single_family,S5146148,https://www.redfin.com/FL/Saint-Cloud/3373-Wauseon-Dr-34772/home/168034154,poinciana,34772
2502 Lake Front Dr,Lake Wales,FL,33898,559995,4,3,2384,,single_family,O6370901,https://www.redfin.com/FL/Lake-Wales/2502-Lake-Front-Dr-33898/home/46198279,poinciana,33898
143 E Windsor Pl,Davenport,FL,33896,560000,5,4.5,2526,312,single_family,O6429650,https://www.redfin.com/FL/Davenport/143-Windsor-Pl-33896/for-sale/46297544,poinciana,33896
9045 Hazard St,Davenport,FL,33896,560000,6,6,3339,470,single_family,TB8520326,https://www.redfin.com/FL/Davenport/9045-Hazard-St-33896/home/109471292,poinciana,33896
1588 Flange Dr,Davenport,FL,33896,560000,6,5,3291,620,single_family,O6413822,https://www.redfin.com/FL/Davenport/1588-Flange-Dr-33896/home/147928358,poinciana,33896
4940 Blanche Ct,Saint Cloud,FL,34772,560000,3,2,2130,112,single_family,1077682,https://www.redfin.com/FL/Saint-Cloud/4940-Blanche-Ct-34772/for-sale/167570782,poinciana,34772
4912 Catalpa Dr,Saint Cloud,FL,34772,560000,3,2.5,2208,310,single_family,O6405805,https://www.redfin.com/FL/Saint-Cloud/4912-Catalpa-Dr-34772/home/144421287,poinciana,34772
1208 Hillbridge Dr,Haines City,FL,33844,564900,6,3.5,4119,53,single_family,O6423871,https://www.redfin.com/FL/Haines-City/1208-Hillbridge-Dr-33844/home/177181771,poinciana,33844
4935 Chase Ct,Saint Cloud,FL,34772,564900,4,2.5,2949,112,single_family,S5151701,https://www.redfin.com/FL/Saint-Cloud/4935-Chase-Ct-34772/home/168033918,poinciana,34772
634 Grape Ave,Saint Cloud,FL,34769,565000,3,2,1753,,single_family,S5154801,https://www.redfin.com/FL/Saint-Cloud/634-Grape-Ave-34769/for-sale/46513125,poinciana,34769
3651 Daydream Pl,Saint Cloud,FL,34772,565000,5,3.5,3486,85,single_family,O6416673,https://www.redfin.com/FL/Saint-Cloud/3651-Daydream-Pl-34772/home/46496303,poinciana,34772
9024 Shadow Mountain St,Davenport,FL,33896,569500,6,6,3063,555,single_family,O6417879,https://www.redfin.com/FL/Davenport/9024-Shadow-Mountain-St-33896/home/53461204,poinciana,33896
3560 Pixie Ln,Saint Cloud,FL,34772,569999,4,4,3545,85,single_family,S5154609,https://www.redfin.com/FL/Saint-Cloud/3560-Pixie-Ln-34772/for-sale/103844456,poinciana,34772
2181 Aquifer LN Ln,Davenport,FL,33837,570000,4,2.5,1932,50,single_family,S5150932,https://www.redfin.com/FL/Davenport/2181-Aquifer-Ln-33837/home/188716149,poinciana,33837
4125 Rambler Ave,Saint Cloud,FL,34772,570000,3,2,1496,,single_family,A12028815,https://www.redfin.com/FL/Saint-Cloud/4125-Rambler-Ave-34772/home/46521742,poinciana,34772
9428 Cat Track Trl,Lake Wales,FL,33898,574500,4,4,3200,,single_family,TB8479338,https://www.redfin.com/FL/Lake-Wales/9428-Cat-Track-Trl-33898/home/46115465,poinciana,33898
1474 Olympic Club Blvd,Champions Gate,FL,33896,574900,5,4.5,3809,920,single_family,S5153434,https://www.redfin.com/FL/Champions-Gate/1474-Olympic-Club-Blvd-33896/for-sale/162655069,poinciana,33896
4125 Tiger Creek Trl,Lake Wales,FL,33898,574900,4,3,2432,41,single_family,L4957886,https://www.redfin.com/FL/Lake-Wales/4125-Tiger-Creek-Trl-33898/home/46216725,poinciana,33898
5234 Buttonsage Dr,Saint Cloud,FL,34772,574900,5,3.5,2883,81,single_family,O6402925,https://www.redfin.com/FL/Saint-Cloud/5234-Buttonsage-Dr-34772/home/177672248,poinciana,34772
2820 Cypress Grove Ct,Saint Cloud,FL,34772,574999,6,4,4383,150,single_family,TB8518716,https://www.redfin.com/FL/Saint-Cloud/2820-Cypress-Grove-Ct-34772/home/53423039,poinciana,34772
1204 Lexington Ave,Davenport,FL,33837,575000,4,3.5,3096,133,single_family,O6421070,https://www.redfin.com/FL/Davenport/1204-Lexington-Ave-33837/for-sale/46085229,poinciana,33837
8983 Backswing Way,Davenport,FL,33896,575000,6,5,3291,743,single_family,O6427382,https://www.redfin.com/FL/Davenport/8983-Backswing-Way-33896/for-sale/170049569,poinciana,33896
1300 Gleneagles Ln,Davenport,FL,33896,575000,4,3,2606,864,single_family,O6399252,https://www.redfin.com/FL/Davenport/1300-Gleneagles-Ln-33896/home/62527420,poinciana,33896
1303 Sea Pines Way,Davenport,FL,33896,575000,5,3,3623,822,single_family,G5109045,https://www.redfin.com/FL/Davenport/1303-Sea-Pines-Way-33896/home/65538928,poinciana,33896
450 Rosedale Ave,Saint Cloud,FL,34769,575000,3,2,1806,,single_family,S5151806,https://www.redfin.com/FL/Saint-Cloud/450-Rosedale-Ave-34769/home/147939179,poinciana,34769
125 Norfolk Dr,Davenport,FL,33896,578000,5,4,3251,310,single_family,G5114040,https://www.redfin.com/FL/Davenport/125-Norfolk-Dr-33896/home/46076973,poinciana,33896
7352 Oakmoss Loop,Davenport,FL,33837,579000,6,4.5,3176,291,single_family,S5154617,https://www.redfin.com/FL/Davenport/7352-Oakmoss-Loop-33837/for-sale/173889229,poinciana,33837
2721 Camden Ln,Davenport,FL,33837,579500,5,3,3369,146,single_family,S5151617,https://www.redfin.com/FL/Davenport/2721-Camden-Ln-33837/home/182947926,poinciana,33837
358 Cherokee Ave,Haines City,FL,33844,579900,4,4,2724,233,single_family,S5153138,https://www.redfin.com/FL/Haines-City/358-Cherokee-Ave-33844/home/46061870,poinciana,33844
2709 Greenlands St,Saint Cloud,FL,34772,579900,4,4,2870,325,single_family,S5155254,https://www.redfin.com/FL/Saint-Cloud/2709-Greenlands-St-34772/for-sale/170046726,poinciana,34772
3108 - 3110 - 3112 - 3114 Holly St,Lake Wales,FL,33898,579999,4,2,1457,,4,O6375526,https://www.redfin.com/FL/Lake-Wales/3108-Holly-St-33898/home/46141768,poinciana,33898
4911 Shady Pines Dr,Saint Cloud,FL,34772,579999,5,4,2822,75,single_family,S5149374,https://www.redfin.com/FL/Saint-Cloud/4911-Shady-Pines-Dr-34772/home/188683709,poinciana,34772
6078 Broad Oak Dr,Davenport,FL,33837,580000,6,5.5,3270,291,single_family,O6424282,https://www.redfin.com/FL/Davenport/6078-Broad-Oak-Dr-33837/for-sale/154002807,poinciana,33837
1455 Olympic Club Blvd,Champions Gate,FL,33896,580000,5,4.5,3949,897,single_family,S5153080,https://www.redfin.com/FL/Champions-Gate/1455-Olympic-Club-Blvd-33896/home/162761773,poinciana,33896
Old Hickory Tree Rd,Saint Cloud,FL,34772,580000,,,,,8,S5152378,https://www.redfin.com/FL/Saint-Cloud/Old-Hickory-Tree-Rd-34772/home/162364316,poinciana,34772
3481 Pawleys Loop N,Saint Cloud,FL,34769,582500,4,3,3110,67,single_family,O6406660,https://www.redfin.com/FL/Saint-Cloud/3481-Pawleys-Loop-N-34769/home/46483445,poinciana,34769
6336 Timberlane Rd,Lake Wales,FL,33898,585000,,,,,8,L4959888,https://www.redfin.com/FL/Lake-Wales/6336-Timberlane-Rd-33898/home/46128746,poinciana,33898
5012 Bessie Ct,Saint Cloud,FL,34772,585000,5,3.5,2652,111,single_family,O6430705,https://www.redfin.com/FL/Saint-Cloud/5012-Bessie-Ct-34772/for-sale/177672119,poinciana,34772
4148 Southern Vista Loop,Saint Cloud,FL,34772,585000,5,3,2791,110,single_family,O6425383,https://www.redfin.com/FL/Saint-Cloud/4148-Southern-Vista-Loop-34772/for-sale/184274732,poinciana,34772
4217 Eastminster Rd,Davenport,FL,33837,588900,5,3.5,3470,146,single_family,S5151677,https://www.redfin.com/FL/Davenport/4217-Eastminster-Rd-33837/home/188720939,poinciana,33837
1461 Myrtlewood St,Davenport,FL,33896,589000,6,6,3339,620,single_family,O6418813,https://www.redfin.com/FL/Davenport/1461-Myrtlewood-St-33896/home/63056870,poinciana,33896
0 Cord Ave,Saint Cloud,FL,34772,589000,4,2,1956,,single_family,S5153875,https://www.redfin.com/FL/Saint-Cloud/Cord-Ave-34772/for-sale/199305775,poinciana,34772
5019 Dancy Ln,Saint Cloud,FL,34772,589000,3,3,2305,310,single_family,O6408641,https://www.redfin.com/FL/Saint-Cloud/5019-Dancy-Ln-34772/home/177671139,poinciana,34772
4279 Henry J Ave,Saint Cloud,FL,34772,589900,4,2,1891,,single_family,S5155055,https://www.redfin.com/FL/Saint-Cloud/4279-Henry-J-Ave-34772/for-sale/46513345,poinciana,34772
2740 Southland St,Saint Cloud,FL,34772,589900,3,2.5,2208,310,single_family,S5150598,https://www.redfin.com/FL/Saint-Cloud/2740-Southland-St-34772/home/170046485,poinciana,34772
1565 Flange Dr,Davenport,FL,33896,590000,6,5,3291,630,single_family,O6415613,https://www.redfin.com/FL/Davenport/1565-Flange-Dr-33896/home/162654986,poinciana,33896
1069 Leader St,Davenport,FL,33896,590000,6,5,3291,466,single_family,O6395647,https://www.redfin.com/FL/Davenport/1069-Leader-St-33896/home/177669068,poinciana,33896
35 Stembridge Rd,Lake Wales,FL,33898,590000,3,2,2719,,single_family,P4939345,https://www.redfin.com/FL/Lake-Wales/35-Stembridge-Rd-33898/for-sale/46047639,poinciana,33898
9199 Sommerset Hills Dr,Davenport,FL,33896,594900,5,5,3015,560,single_family,O6408494,https://www.redfin.com/FL/Davenport/9199-Sommerset-Hills-Dr-33896/home/177669301,poinciana,33896
,Davenport,FL,33896,595000,6,5,,6888,single_family,A11998918,https://www.redfin.com/FL/Davenport/Undisclosed-address-33896/home/177669292,poinciana,33896
1453 Myrtlewood St,Davenport,FL,33896,595000,8,5,3909,622,single_family,O6405888,https://www.redfin.com/FL/Davenport/1453-Myrtlewood-St-33896/home/53393860,poinciana,33896
501 Montage Ln,Poinciana,FL,34759,595000,3,2.5,2941,464,single_family,S5155032,https://www.redfin.com/FL/Poinciana/501-Montage-Ln-34759/for-sale/46046616,poinciana,34759
2845 Willowseed Ln,Saint Cloud,FL,34772,598000,4,3.5,2717,69,single_family,S5153174,https://www.redfin.com/FL/Saint-Cloud/2845-Willowseed-Ln-34772/home/177672260,poinciana,34772
700 Whistling Straits Blvd,Davenport,FL,33896,599000,5,5,3081,466,single_family,O6431609,https://www.redfin.com/FL/Davenport/700-Whistling-Straits-Blvd-33896/for-sale/170049674,poinciana,33896
9149 Sommerset Hills Dr,Davenport,FL,33896,599000,6,5,3291,560,single_family,O6395682,https://www.redfin.com/FL/Davenport/9149-Sommerset-Hills-Dr-33896/home/177669285,poinciana,33896
3225 Canoe Creek Rd,Saint Cloud,FL,34772,599000,4,3,2117,41,single_family,S5151956,https://www.redfin.com/FL/Saint-Cloud/3225-Canoe-Creek-Rd-34772/home/46565720,poinciana,34772
468 Pinewood Dr,Davenport,FL,33896,599900,7,5.5,3240,49,single_family,S5154208,https://www.redfin.com/FL/Davenport/468-Pinewood-Dr-33896/for-sale/46099650,poinciana,33896
1238 S Highland Park Dr,Lake Wales,FL,33898,599900,4,2,2816,,single_family,TB8495151,https://www.redfin.com/FL/Lake-Wales/1238-Highland-Park-Dr-S-33898/home/46164591,poinciana,33898
4530 Brookshire Pl,Lake Wales,FL,33898,599900,5,4,3424,39,single_family,L4960157,https://www.redfin.com/FL/Lake-Wales/4530-Brookshire-Pl-33898/home/46078315,poinciana,33898
880 Alvanley Ct,Davenport,FL,33896,599990,5,3,2387,9,single_family,S5150569,https://www.redfin.com/FL/Davenport/880-Alvanley-Ct-33896/home/188677419,poinciana,33896
5617 Coopers Hawk Ct,St Cloud,FL,34772,599990,5,4.5,3330,95,single_family,TB8516634,https://www.redfin.com/FL/St-Cloud/5617-Coopers-Hawk-Ct-34772/home/202006062,poinciana,34772
2099 Derwent Dr,Davenport,FL,33896,599999,5,4.5,3931,128,single_family,O6404963,https://www.redfin.com/FL/Davenport/2099-Derwent-Dr-33896/home/182908644,poinciana,33896
9038 Stinger Dr,Davenport,FL,33896,599999,6,6,3339,622,single_family,S5147802,https://www.redfin.com/FL/Davenport/9038-Stinger-Dr-33896/home/142992065,poinciana,33896
4362 Southern Vista Loop,Saint Cloud,FL,34772,599999,5,3,2791,214,single_family,S5150076,https://www.redfin.com/FL/Saint-Cloud/4362-Southern-Vista-Loop-34772/home/177668951,poinciana,34772
2082 Camelot Blvd,Saint Cloud,FL,34772,600000,4,3,2445,58,single_family,S5152217,https://www.redfin.com/FL/Saint-Cloud/2082-Camelot-Blvd-34772/for-sale/46553798,poinciana,34772
Seaman Ave,Saint Cloud,FL,34772,600000,,,,,8,S5154655,https://www.redfin.com/FL/Saint-Cloud/Seaman-Ave-34772/home/54703633,poinciana,34772
3575 Michigan Ave,Saint Cloud,FL,34769,609500,5,3,3817,,single_family,O6403048,https://www.redfin.com/FL/Saint-Cloud/3575-Michigan-Ave-34769/home/46538598,poinciana,34769
4220 Bull St,Saint Cloud,FL,34772,610000,4,2.5,3165,60,single_family,S5154300,https://www.redfin.com/FL/Saint-Cloud/4220-Bull-St-34772/for-sale/173818834,poinciana,34772
2764 Greenlands St,Saint Cloud,FL,34772,610500,3,2.5,2208,338,single_family,O6409694,https://www.redfin.com/FL/Saint-Cloud/2764-Greenlands-St-34772/home/170046705,poinciana,34772
4064 Redbridge Loop,Davenport,FL,33837,615000,5,3.5,3467,145,single_family,S5152600,https://www.redfin.com/FL/Davenport/4064-Redbridge-Loop-33837/home/188720855,poinciana,33837
1520 Flange Dr,Davenport,FL,33896,615000,6,6,3339,622,single_family,O6431853,https://www.redfin.com/FL/Davenport/1520-Flange-Dr-33896/for-sale/162761371,poinciana,33896
740 Drop Shot Dr,Davenport,FL,33896,615000,6,5.5,3843,370,single_family,O6427332,https://www.redfin.com/FL/Davenport/740-Drop-Shot-Dr-33896/for-sale/170049641,poinciana,33896
8909 Stinger Dr,Davenport,FL,33896,615000,6,6,3339,531,single_family,O6402178,https://www.redfin.com/FL/Davenport/8909-Stinger-Dr-33896/home/143309230,poinciana,33896
4547 Glenn Saint Mary Rd,Lake Wales,FL,33898,615000,,,,,8,P4937190,https://www.redfin.com/FL/Lake-Wales/4547-Glen-Saint-Mary-Rd-33898/home/196953007,poinciana,33898
1499 Rolling Fairway Dr,Davenport,FL,33896,619000,5,4.5,2842,389,single_family,O6425069,https://www.redfin.com/FL/Davenport/1499-Rolling-Fairway-Dr-33896/for-sale/109812965,poinciana,33896
5003 Dancy Ln,Saint Cloud,FL,34772,623000,3,3,2293,310,single_family,S5152713,https://www.redfin.com/FL/Saint-Cloud/5003-Dancy-Ln-34772/home/177671135,poinciana,34772
1454 Belle Terre Rd,Davenport,FL,33896,624000,8,5,3909,400,single_family,TB8516738,https://www.redfin.com/FL/Davenport/1454-Belle-Terre-Rd-33896/home/109812949,poinciana,33896
3101 Lake Lowery Rd,Haines City,FL,33844,625000,4,2.5,2516,,single_family,O6400161,https://www.redfin.com/FL/Haines-City/3101-Lake-Lowery-Rd-33844/home/46283735,poinciana,33844
1414 Thunderbird Rd,Davenport,FL,33896,625000,8,5,3909,591,single_family,O6404304,https://www.redfin.com/FL/Davenport/1414-Thunderbird-Rd-33896/home/53394244,poinciana,33896
1315 Moss Creek Ln,Davenport,FL,33896,625000,5,4,3241,889,single_family,S5150215,https://www.redfin.com/FL/Davenport/1315-Moss-Creek-Ln-33896/home/55108744,poinciana,33896
2680 Redblush Ter,Saint Cloud,FL,34772,625000,3,3,2293,310,single_family,O6426424,https://www.redfin.com/FL/Saint-Cloud/2680-Redblush-Ter-34772/for-sale/177671191,poinciana,34772
1380 Olympic Club Blvd,Champions Gate,FL,33896,629900,5,4.5,3809,897,single_family,S5153490,https://www.redfin.com/FL/Champions-Gate/1380-Olympic-Club-Blvd-33896/for-sale/162600645,poinciana,33896
2997 Sequoyah Dr,Haines City,FL,33844,630000,3,2.5,2190,66,single_family,P4939050,https://www.redfin.com/FL/Haines-City/2997-Sequoyah-Dr-33844/home/46133420,poinciana,33844
3954 Mcclelland Rd,Saint Cloud,FL,34772,630000,3,2,2177,,single_family,S5147612,https://www.redfin.com/FL/Saint-Cloud/3954-McClelland-Rd-34772/home/46578848,poinciana,34772
1673 Moon Valley Dr,Davenport,FL,33896,634900,6,6,3339,659,single_family,O6429083,https://www.redfin.com/FL/Davenport/1673-Moon-Valley-Dr-33896/for-sale/143993221,poinciana,33896
2219 Crofton Springs Ct,Davenport,FL,33837,638000,8,6,3848,443,single_family,O6419700,https://www.redfin.com/FL/Davenport/2219-Crofton-Springs-Ct-33837/home/103853992,poinciana,33837
8973 Play Through Dr,Davenport,FL,33896,638990,5,5,3016,620,single_family,O6415351,https://www.redfin.com/FL/Davenport/8973-Play-Through-Dr-33896/home/184279576,poinciana,33896
621 Drop Shot Dr,Davenport,FL,33896,639950,5,5,3081,620,single_family,O6407918,https://www.redfin.com/FL/Davenport/621-Drop-Shot-Dr-33896/home/170049575,poinciana,33896
1474 Rolling Fairway Dr,Davenport,FL,33896,640000,8,5,3909,327,single_family,TB8520360,https://www.redfin.com/FL/Davenport/1474-Rolling-Fairway-Dr-33896/home/59937125,poinciana,33896
9026 Shadow Mountain St,Davenport,FL,33896,643000,8,5,3909,622,single_family,O6405241,https://www.redfin.com/FL/Davenport/9026-Shadow-Mountain-St-33896/home/54780263,poinciana,33896
812 US Highway 17 92 S,Davenport,FL,33837,643500,0,,912,,4,O6413911,https://www.redfin.com/FL/Davenport/812-US-Highway-17-92-S-33837/home/46142758,poinciana,33837
Lake Marion Rd W,Haines City,FL,33844,645000,,,,,8,P4938824,https://www.redfin.com/FL/Haines-City/Lake-Marion-Rd-W-33844/home/46062995,poinciana,33844
1598 Sandbagger,Davenport,FL,33896,645000,8,5,3909,703,single_family,S5152445,https://www.redfin.com/FL/Davenport/1598-Sandbagger-Dr-33896/home/148619733,poinciana,33896
7242 Black Rd,Lake Wales,FL,33898,645000,5,3,2128,,10,O6414919,https://www.redfin.com/FL/Lake-Wales/7242-Black-Rd-33898/home/188725814,poinciana,33898
4458 E Firefly Ln,St. Cloud,FL,34772,646349,5,3.5,3574,87,single_family,G5115272,https://www.redfin.com/FL/St-Cloud/4458-Firefly-Ln-34772/for-sale/203183630,poinciana,34772
200 Cypress Fork Trl,St. Cloud,FL,34772,647746,6,4,4081,309,single_family,G5115277,https://www.redfin.com/FL/St-Cloud/200-Cypress-Fork-Trl-34772/for-sale/203183827,poinciana,34772
1458 Olympic Club Blvd,Champions Gate,FL,33896,649900,4,3.5,3305,938,single_family,S5155098,https://www.redfin.com/FL/Champions-Gate/1458-Olympic-Club-Blvd-33896/for-sale/162761802,poinciana,33896
8954 Fluffy Lie Ct,Davenport,FL,33896,649900,4,2,2269,859,single_family,S5152579,https://www.redfin.com/FL/Davenport/8954-Fluffy-Lie-Ct-33896/home/173831270,poinciana,33896
1454 Myrtlewood St,Davenport,FL,33896,649900,7,5,3604,530,single_family,O6400660,https://www.redfin.com/FL/Davenport/1454-Myrtlewood-St-33896/home/53393863,poinciana,33896
2454 Dream Home Ct,Saint Cloud,FL,34772,649900,3,2.5,2208,310,single_family,S5155309,https://www.redfin.com/FL/Saint-Cloud/2454-Dream-Home-Ct-34772/for-sale/144249113,poinciana,34772
1420 Moon Vly,Davenport,FL,33896,650000,9,5,3909,464,single_family,O6406693,https://www.redfin.com/FL/Davenport/1420-Moon-Valley-Dr-33896/home/53393888,poinciana,33896
412 Famagusta Dr,Davenport,FL,33896,650000,6,5,2644,525,condo,O6408323,https://www.redfin.com/FL/Davenport/412-Famagusta-Dr-33896/home/177178977,poinciana,33896
2510 Lake Front Dr,Lake Wales,FL,33898,650000,4,4.5,3290,,single_family,G5113671,https://www.redfin.com/FL/Lake-Wales/2510-Lake-Front-Dr-33898/home/46198278,poinciana,33898
4465 Story Rd,Saint Cloud,FL,34772,650000,2,2,1134,,single_family,O6431818,https://www.redfin.com/FL/Saint-Cloud/4465-Story-Rd-34772/for-sale/46521876,poinciana,34772
913 Ocean Course Ave,Davenport,FL,33896,655000,7,6,3339,560,single_family,O6402821,https://www.redfin.com/FL/Davenport/913-Ocean-Course-Ave-33896/home/170049681,poinciana,33896
8933 Cabot Cliffs Dr,Davenport,FL,33896,659000,6,5,3291,620,single_family,S5153577,https://www.redfin.com/FL/Davenport/8933-Cabot-Cliffs-Dr-33896/home/170049789,poinciana,33896
1241 Challenge Dr,Davenport,FL,33896,659000,7,5,4019,595,single_family,O6413273,https://www.redfin.com/FL/Davenport/1241-Challenge-Dr-33896/home/173831068,poinciana,33896
840 Drop Shot Dr,Davenport,FL,33896,659000,7,5,4018,464,single_family,O6408621,https://www.redfin.com/FL/Davenport/840-Drop-Shot-Dr-33896/home/170049655,poinciana,33896
4452 Firefly Ln,St. Cloud,FL,34772,660669,6,4,4081,309,single_family,G5115276,https://www.redfin.com/FL/St-Cloud/4452-Firefly-Ln-34772/for-sale/203183809,poinciana,34772
5026 Down Ct,Saint Cloud,FL,34772,665000,5,3,3198,111,single_family,P4939138,https://www.redfin.com/FL/Saint-Cloud/5026-Down-Ct-34772/home/184276807,poinciana,34772
2342 Lancashire St,Davenport,FL,33896,669000,5,4.5,3542,150,single_family,O6400047,https://www.redfin.com/FL/Davenport/2342-Lancashire-St-33896/home/182908665,poinciana,33896
1469 Rolling Fariway,Davenport,FL,33896,669900,9,5,3909,405,single_family,S5153217,https://www.redfin.com/FL/Davenport/1469-Rolling-Fairway-Dr-33896/for-sale/59937127,poinciana,33896
8967 Play Through Dr,Davenport,FL,33896,670000,6,5,3291,742,single_family,O6424024,https://www.redfin.com/FL/Davenport/8967-Play-Through-Dr-33896/for-sale/184279577,poinciana,33896
3275 S Indiana Ave,Saint Cloud,FL,34769,670000,5,2,2156,,single_family,cms50v9ng00yqs601xx3gtcx5,https://www.redfin.com/FL/Saint-Cloud/3275-S-Indiana-Ave-34769/for-sale/46540955,poinciana,34769
1518 Rolling Fairway Dr,Davenport,FL,33896,673500,8,5,3909,464,single_family,O6396725,https://www.redfin.com/FL/Davenport/1518-Rolling-Fairway-Dr-33896/home/90404065,poinciana,33896
9050 Stinger Dr,Davenport,FL,33896,673500,8,5,3909,464,single_family,O6396888,https://www.redfin.com/FL/Davenport/9050-Stinger-Dr-33896/home/147929332,poinciana,33896
9034 Shadow Mountain St,Davenport,FL,33896,673500,8,5,3909,464,single_family,O6396873,https://www.redfin.com/FL/Davenport/9034-Shadow-Mountain-St-33896/home/63056424,poinciana,33896
5242 Buttonsage Dr,Saint Cloud,FL,34772,677990,5,3,2939,69,single_family,O6428760,https://www.redfin.com/FL/Saint-Cloud/5242-Buttonsage-Dr-34772/for-sale/177672246,poinciana,34772
233 Eastern Ave,Saint Cloud,FL,34769,679000,3,2,2501,,single_family,S5152117,https://www.redfin.com/FL/Saint-Cloud/233-Eastern-Ave-34769/home/46513068,poinciana,34769
3963 Mammoth Grove Rd,Lake Wales,FL,33898,679999,4,2,3801,,single_family,P4936763,https://www.redfin.com/FL/Lake-Wales/3963-Mammoth-Grove-Rd-33898/home/46228903,poinciana,33898
9101 EL Caro Ln,Davenport,FL,33896,680000,7,5,3604,622,single_family,O6418197,https://www.redfin.com/FL/Davenport/9101-El-Caro-Ln-33896/home/53393559,poinciana,33896
1455 Belle Terre Rd,Davenport,FL,33896,684900,8,5,3909,622,single_family,O6398309,https://www.redfin.com/FL/Davenport/1455-Belle-Terre-Rd-33896/home/61437928,poinciana,33896
3670 Lake Hatchineha Rd,Haines City,FL,33844,685000,2,2.5,1744,,single_family,L4963418,https://www.redfin.com/FL/Haines-City/3670-Lake-Hatchineha-Rd-33844/home/163315325,poinciana,33844
1432 Olympic Club Blvd,Champions Gate,FL,33896,685000,6,4.5,3858,844,single_family,O6410617,https://www.redfin.com/FL/Champions-Gate/1432-Olympic-Club-Blvd-33896/home/162761798,poinciana,33896
1394 Olympic Club Blvd,Champions Gate,FL,33896,685000,4,3.5,3305,898,single_family,S5152689,https://www.redfin.com/FL/Champions-Gate/1394-Olympic-Club-Blvd-33896/home/148473051,poinciana,33896
268 Hampton Loop,Davenport,FL,33837,689000,4,3,2283,146,single_family,O6415552,https://www.redfin.com/FL/Davenport/268-Hampton-Loop-33837/home/173893026,poinciana,33837
1225 Challenge Dr,Davenport,FL,33896,689000,9,5,4370,622,single_family,TB8486873,https://www.redfin.com/FL/Davenport/1225-Challenge-Dr-33896/for-sale/173831065,poinciana,33896
326 E 13th St,St Cloud,FL,34769,689000,,,,,8,S5143567,https://www.redfin.com/FL/St-Cloud/326-E-13th-St-34769/home/200613005,poinciana,34769
5055 Shady Pines Dr,Saint Cloud,FL,34772,689000,5,4,3047,,single_family,S5150074,https://www.redfin.com/FL/Saint-Cloud/5055-Shady-Pines-Dr-34772/home/193903291,poinciana,34772
2711 Cypress Tree Trl,Saint Cloud,FL,34772,693400,7,5,4681,67,single_family,O6417996,https://www.redfin.com/FL/Saint-Cloud/2711-Cypress-Tree-Trl-34772/home/53423072,poinciana,34772
4891 Shady Pines Dr,Saint Cloud,FL,34772,694000,5,3.5,2882,74,single_family,O6404869,https://www.redfin.com/FL/Saint-Cloud/4891-Shady-Pines-Dr-34772/home/193903379,poinciana,34772
4750 Cypress Forest Ln,Saint Cloud,FL,34772,694900,6,4,4239,51,single_family,O6409131,https://www.redfin.com/FL/Saint-Cloud/4750-Cypress-Forest-Ln-34772/home/53423031,poinciana,34772
1435 Rolling Fairway Dr,Davenport,FL,33896,694990,8,5,3909,513,single_family,S5149582,https://www.redfin.com/FL/Davenport/1435-Rolling-Fairway-Dr-33896/home/57058876,poinciana,33896
8888 Cabot Cliffs Dr,Davenport,FL,33896,696900,8,5,3915,622,single_family,GC541459,https://www.redfin.com/FL/Davenport/8888-Cabot-Cliffs-Dr-33896/home/170049713,poinciana,33896
491 Brunswick Dr,Davenport,FL,33837,699000,6,4.5,3880,146,single_family,S5153137,https://www.redfin.com/FL/Davenport/491-Brunswick-Dr-33837/home/144456195,poinciana,33837
2931 Chickasaw Cir,Haines City,FL,33844,699000,3,4.5,2040,165,single_family,P4939378,https://www.redfin.com/FL/Haines-City/2931-Chickasaw-Cir-33844/for-sale/46133432,poinciana,33844
9099 Hazard St,Davenport,FL,33896,699000,8,5,3909,622,single_family,O6431510,https://www.redfin.com/FL/Davenport/9099-Hazard-St-33896/for-sale/144247745,poinciana,33896
4353 Acorn Ct,Davenport,FL,33837,699900,6,5,3629,584,single_family,O6414769,https://www.redfin.com/FL/Davenport/4353-Acorn-Ct-33837/home/46088244,poinciana,33837
1505 Rolling Fairway Dr,Davenport,FL,33896,699900,8,5,3909,595,single_family,S5149917,https://www.redfin.com/FL/Davenport/1505-Rolling-Fairway-Dr-33896/home/88445128,poinciana,33896
4245 Henry J Ave,Saint Cloud,FL,34772,699900,4,3.5,2181,,single_family,S5148147,https://www.redfin.com/FL/Saint-Cloud/4245-Henry-J-Ave-34772/home/46578723,poinciana,34772
Kissimmee Park Rd,Saint Cloud,FL,34772,700000,,,,,8,S5146523,https://www.redfin.com/FL/Saint-Cloud/Kissimmee-Park-Rd-34772/home/173828897,poinciana,34772
1435 Olympic Club Blvd,Champions Gate,FL,33896,706900,6,4.5,3858,255,single_family,O6396770,https://www.redfin.com/FL/Champions-Gate/1435-Olympic-Club-Blvd-33896/home/162505255,poinciana,33896
1406 Wexford Way,Davenport,FL,33896,719000,8,5,3909,619,single_family,O6424746,https://www.redfin.com/FL/Davenport/1406-Wexford-Way-33896/for-sale/53394298,poinciana,33896
9254 Sommerset Hills Dr,Davenport,FL,33896,719000,8,5,4356,560,single_family,O6403522,https://www.redfin.com/FL/Davenport/9254-Sommerset-Hills-Dr-33896/home/177669142,poinciana,33896
5248 Oakbourne Ave,Davenport,FL,33837,720000,10,8,4219,277,single_family,S5152760,https://www.redfin.com/FL/Davenport/5248-Oakbourne-Ave-33837/home/46087745,poinciana,33837
1530 Moon Valley Dr,Davenport,FL,33896,720000,8,5,4820,622,single_family,S5150724,https://www.redfin.com/FL/Davenport/1530-Moon-Valley-Dr-33896/home/63057026,poinciana,33896
9093 Sommerset Hills Dr,Davenport,FL,33896,729950,6,5,3291,620,single_family,O6407876,https://www.redfin.com/FL/Davenport/9093-Sommerset-Hills-Dr-33896/home/177669267,poinciana,33896
1556 Maidstone Ct,Davenport,FL,33896,730000,8,5,3909,622,single_family,O6410575,https://www.redfin.com/FL/Davenport/1556-Maidstone-Ct-33896/home/162505410,poinciana,33896
561 Harriswood Ct,Davenport,FL,33837,735000,4,3.5,3571,146,single_family,O6419107,https://www.redfin.com/FL/Davenport/561-Harriswood-Ct-33837/home/46077129,poinciana,33837
690 Drop Shot Dr,Davenport,FL,33896,738000,8,6,3850,622,single_family,GC541195,https://www.redfin.com/FL/Davenport/690-Drop-Shot-Dr-33896/home/170049635,poinciana,33896
760 Drop Shot Dr,Davenport,FL,33896,739000,8,5,4370,382,single_family,O6402066,https://www.redfin.com/FL/Davenport/760-Drop-Shot-Dr-33896/home/170049643,poinciana,33896
1900 Griff Wood Ct,Saint Cloud,FL,34772,739000,4,2,2340,,single_family,O6422220,https://www.redfin.com/FL/Saint-Cloud/1900-Griff-Wood-Ct-34772/home/46529191,poinciana,34772
917 Ocean Course Ave,Davenport,FL,33896,740000,8,5,3915,622,single_family,S5147137,https://www.redfin.com/FL/Davenport/917-Ocean-Course-Ave-33896/home/170049680,poinciana,33896
1533 Flange Dr,Davenport,FL,33896,745000,8,5,3909,563,single_family,O6411187,https://www.redfin.com/FL/Davenport/1533-Flange-Dr-33896/home/162389212,poinciana,33896
4730 Quail Roost Rd,Saint Cloud,FL,34772,749000,5,3,2621,,single_family,O6398808,https://www.redfin.com/FL/Saint-Cloud/4730-Quail-Roost-Rd-34772/home/188673769,poinciana,34772
196 Hampton Loop,Davenport,FL,33837,749900,4,3.5,2535,146,single_family,O6419176,https://www.redfin.com/FL/Davenport/196-Hampton-Loop-33837/home/173893006,poinciana,33837
237 Kent Ct,Haines City,FL,33844,749900,3,2,2271,4,single_family,L4963425,https://www.redfin.com/FL/Haines-City/237-Kent-Ct-33844/home/46306591,poinciana,33844
55 Perch St,Haines City,FL,33844,750000,4,4,2692,,single_family,P4939441,https://www.redfin.com/FL/Haines-City/55-Perch-St-33844/for-sale/46191195,poinciana,33844
9084 Sommerset Hills Dr,Davenport,FL,33896,750000,8,5,4370,463,single_family,O6407898,https://www.redfin.com/FL/Davenport/9084-Sommerset-Hills-Dr-33896/home/177669183,poinciana,33896
1573 Maidstone Ct,Davenport,FL,33896,750000,8,5,3909,622,single_family,O6410577,https://www.redfin.com/FL/Davenport/1573-Maidstone-Ct-33896/home/162600681,poinciana,33896
5279 Buttonsage Dr,Saint Cloud,FL,34772,757670,4,3,3367,69,single_family,O6428761,https://www.redfin.com/FL/Saint-Cloud/5279-Buttonsage-Dr-34772/for-sale/177672193,poinciana,34772
4200 Oaktree Dr,Davenport,FL,33837,759000,6,6.5,4200,106,single_family,O6423623,https://www.redfin.com/FL/Davenport/4200-Oaktree-Dr-33837/home/46087771,poinciana,33837
10740 Jim Edwards Rd,Haines City,FL,33844,759000,3,2,2052,,single_family,P4939291,https://www.redfin.com/FL/Haines-City/10740-Jim-Edwards-Rd-33844/home/46180183,poinciana,33844
9114 Sommerset Hills Dr,Davenport,FL,33896,759500,7,5.5,4018,560,single_family,TB8524488,https://www.redfin.com/FL/Davenport/9114-Sommerset-Hills-Dr-33896/home/177669175,poinciana,33896
,Saint Cloud,FL,34772,759990,4,4,3350,81,single_family,O6430512,https://www.redfin.com/FL/Saint-Cloud/Undisclosed-address-34772/for-sale/177672168,poinciana,34772
1592 Maidstone Ct,Davenport,FL,33896,764900,8,5,3909,918,single_family,K4903503,https://www.redfin.com/FL/Davenport/1592-Maidstone-Ct-33896/home/162389681,poinciana,33896
4938 Chase Ct,Saint Cloud,FL,34772,768990,7,5.5,4384,111,single_family,S5149099,https://www.redfin.com/FL/Saint-Cloud/4938-Chase-Ct-34772/home/168033940,poinciana,34772
1594 Sandbagger Dr,Davenport,FL,33896,769000,8,5,3909,491,single_family,S5152007,https://www.redfin.com/FL/Davenport/1594-Sandbagger-Dr-33896/home/144162115,poinciana,33896
8044 Lake Hatchineha Rd,Haines City,FL,33844,775000,3,2,2405,,single_family,L4963366,https://www.redfin.com/FL/Haines-City/8044-Lake-Hatchineha-Rd-33844/for-sale/46269928,poinciana,33844
1531 Lexington Ave,Davenport,FL,33837,779999,6,4,3563,146,single_family,S5152125,https://www.redfin.com/FL/Davenport/1531-Lexington-Ave-33837/home/46079191,poinciana,33837
3981 Hickory Tree Rd,Saint Cloud,FL,34772,780000,4,3,2008,8,single_family,A4700729,https://www.redfin.com/FL/Saint-Cloud/3981-Hickory-Tree-Rd-34772/for-sale/46569372,poinciana,34772
910 Cypress Ave,Saint Cloud,FL,34769,794000,7,4,5777,,single_family,O6299077,https://www.redfin.com/FL/Saint-Cloud/910-Cypress-Ave-34769/home/46512689,poinciana,34769
8876 Cabot Cliffs Dr,Davenport,FL,33896,795000,9,5,3915,638,single_family,S5147749,https://www.redfin.com/FL/Davenport/8876-Cabot-Cliffs-Dr-33896/home/170049707,poinciana,33896
4256 LA Salle Ave,Saint Cloud,FL,34772,799000,4,2.5,2527,,single_family,S5151066,https://www.redfin.com/FL/Saint-Cloud/4256-La-Salle-Ave-34772/home/54774765,poinciana,34772
3050 S Indiana Ave,Saint Cloud,FL,34769,799900,3,2.5,2502,,single_family,R4911398,https://www.redfin.com/FL/Saint-Cloud/3050-S-Indiana-Ave-34769/home/46540914,poinciana,34769
4007 Oakrise Loop,Davenport,FL,33837,799990,9,7,4588,291,single_family,TB8524426,https://www.redfin.com/FL/Davenport/4007-Oakrise-Loop-33837/home/46087643,poinciana,33837
671 Sticks St,Davenport,FL,33896,820000,9,5,4356,521,single_family,O6406193,https://www.redfin.com/FL/Davenport/671-Sticks-St-33896/home/170049613,poinciana,33896
5170 Buttonsage,Saint Cloud,FL,34772,820000,5,4,3408,81,single_family,O6429606,https://www.redfin.com/FL/Saint-Cloud/5170-Buttonsage-Dr-34772/for-sale/177672286,poinciana,34772
4295 Rambler Ave,Saint Cloud,FL,34772,825000,4,3.5,3462,,single_family,S5150844,https://www.redfin.com/FL/Saint-Cloud/4295-Rambler-Ave-34772/home/46496624,poinciana,34772
State Road 532,Davenport,FL,33896,835000,,,,,8,G5112272,https://www.redfin.com/FL/Davenport/State-Road-532-33896/home/46123747,poinciana,33896
2562 Heritage Green Ave,Davenport,FL,33837,845000,4,3,2910,146,single_family,S5152561,https://www.redfin.com/FL/Davenport/2562-Heritage-Green-Ave-33837/home/153541407,poinciana,33837
233 Ronald Reagan Pkwy,Davenport,FL,33896,849000,,,,,8,S5151721,https://www.redfin.com/FL/Davenport/233-Ronald-Reagan-Pkwy-33837/home/46155568,poinciana,33837
4280 Tucker Ave,Saint Cloud,FL,34772,849900,4,3,2518,,single_family,O6419669,https://www.redfin.com/FL/Saint-Cloud/4280-Tucker-Ave-34772/home/199299233,poinciana,34772
2256 Missouri Ave,Saint Cloud,FL,34769,850000,,,,,8,S5143833,https://www.redfin.com/FL/Saint-Cloud/2256-Missouri-Ave-34769/home/46580673,poinciana,34769
2901 Kayworth Rd,Lake Wales,FL,33898,875000,6,4,2909,,single_family,K4903662,https://www.redfin.com/FL/Lake-Wales/2901-Kayworth-Rd-33898/for-sale/46181192,poinciana,33898
2925 Godwin Rd,Saint Cloud,FL,34772,875000,3,3,1884,,single_family,O6391013,https://www.redfin.com/FL/Saint-Cloud/2925-Godwin-Rd-34772/home/46552661,poinciana,34772
8882 Cabot Cliffs Dr,Davenport,FL,33896,890000,9,5,3922,622,single_family,O6397352,https://www.redfin.com/FL/Davenport/8882-Cabot-Cliffs-Dr-33896/home/170049710,poinciana,33896
3454 Imperial Ave,Saint Cloud,FL,34772,899900,4,3,3143,,single_family,S5150984,https://www.redfin.com/FL/Saint-Cloud/3454-Imperial-Ave-34772/home/173828918,poinciana,34772
2351 Canoe Creek Rd,Saint Cloud,FL,34769,900000,,,,,8,R4908096,https://www.redfin.com/FL/Saint-Cloud/2351-Canoe-Creek-Rd-34769/home/162426526,poinciana,34769
2604 Heritage Green Ave,Davenport,FL,33837,918000,5,4,4034,143,single_family,O6414334,https://www.redfin.com/FL/Davenport/2604-Heritage-Green-Ave-33837/home/46085182,poinciana,33837
3008 Kensington Ave,Davenport,FL,33837,925000,4,3.5,2700,146,single_family,O6428026,https://www.redfin.com/FL/Davenport/3008-Kensington-Ave-33837/for-sale/188720749,poinciana,33837
5304 Oakbourne Ave,Davenport,FL,33837,945000,12,10,4887,291,single_family,O6419997,https://www.redfin.com/FL/Davenport/5304-Oakbourne-Ave-33837/home/46087844,poinciana,33837
1242 Butterfly Orchid Rd,Davenport,FL,33837,949000,12,11.5,5070,265,single_family,O6421680,https://www.redfin.com/FL/Davenport/1242-Orchid-Dr-33837/home/182910539,poinciana,33837
Johnson Ave E,Haines City,FL,33844,950000,,,,,8,O6425669,https://www.redfin.com/FL/Haines-City/Johnson-Ave-E-33844/home/162475541,poinciana,33844
3288 Masterpiece Rd,Lake Wales,FL,33898,950000,,,,,8,S5133337,https://www.redfin.com/FL/Lake-Wales/3288-Masterpiece-Rd-33898/home/54596974,poinciana,33898
91 Woodland Dr,Haines City,FL,33844,966000,5,4,4041,,single_family,B26032080,https://www.redfin.com/FL/Haines-City/91-Woodland-Dr-33844/home/46250029,poinciana,33844
298-300 Orange Ave,Saint Cloud,FL,34769,975000,6,4,3065,,single_family,O6423577,https://www.redfin.com/FL/Saint-Cloud/300-Orange-Ave-34769/home/46513071,poinciana,34769
3060 Rambler Ave,Saint Cloud,FL,34772,990000,3,2,1932,,single_family,O6424519,https://www.redfin.com/FL/Saint-Cloud/3060-Rambler-Ave-34772/for-sale/46549214,poinciana,34772
2557 Heritage Green Ave,Davenport,FL,33837,999900,4,4.5,4546,146,single_family,S5152110,https://www.redfin.com/FL/Davenport/2557-Heritage-Green-Ave-33837/home/46085146,poinciana,33837
4300 Timberlane Rd,Lake Wales,FL,33898,999999,5,4,3139,,single_family,TB8466414,https://www.redfin.com/FL/Lake-Wales/4300-Timberlane-Rd-33898/home/46181193,poinciana,33898
2830 Hunt Brothers Rd,Lake Wales,FL,33898,1002000,,,,,8,319354,https://www.redfin.com/FL/Lake-Wales/2830-Hunt-Brothers-Rd-33898/home/190585121,poinciana,33898
3451 Michigan Ave,Saint Cloud,FL,34769,1030000,3,3,2487,,single_family,S5141377,https://www.redfin.com/FL/Saint-Cloud/3451-Michigan-Ave-34769/home/173818935,poinciana,34769
4230 Tucker Ave,Saint Cloud,FL,34772,1049000,5,3.5,3339,,single_family,O6423272,https://www.redfin.com/FL/Saint-Cloud/4230-Tucker-Ave-34772/for-sale/199299223,poinciana,34772
4657 Hickory Tree Rd,Saint Cloud,FL,34772,1050000,5,3.5,3868,,single_family,O6431733,https://www.redfin.com/FL/Saint-Cloud/4657-Hickory-Tree-Rd-34772/for-sale/46570113,poinciana,34772
4125 Hickory Tree Rd,Saint Cloud,FL,34772,1080000,3,2,1290,,single_family,S5149361,https://www.redfin.com/FL/Saint-Cloud/4125-Hickory-Tree-Rd-34772/home/46569404,poinciana,34772
Brown Chapel Rd,Saint Cloud,FL,34769,1100000,,,,,8,O6244941,https://www.redfin.com/FL/Saint-Cloud/Brown-Chapel-Rd-34769/home/54592259,poinciana,34769
3845 Chaplain Rd,Saint Cloud,FL,34769,1100000,2,2,1334,,10,R4911748,https://www.redfin.com/FL/Saint-Cloud/3845-Chaplain-Rd-34772/home/162394616,poinciana,34772
3805 Lakeview Acres Rd,Saint Cloud,FL,34772,1100000,5,3.5,3671,,single_family,O6400997,https://www.redfin.com/FL/Saint-Cloud/3805-Lakeview-Acres-Rd-34772/for-sale/162513688,poinciana,34772
1275 Butterfly Orchid Rd,Davenport,FL,33837,1199900,12,11.5,5046,265,single_family,S5153624,https://www.redfin.com/FL/Davenport/1275-Orchid-Dr-33837/home/182910571,poinciana,33837
6590 Osceola Polk Line Rd,Davenport,FL,33896,1200000,12,8,6511,,10,O6405737,https://www.redfin.com/FL/Davenport/6590-Osceola-Polk-Line-Rd-33896/home/46520660,poinciana,33896
3629 Great Masterpiece Rd,Lake Wales,FL,33898,1200000,4,3.5,3200,,single_family,L4964143,https://www.redfin.com/FL/Lake-Wales/3629-Great-Masterpiece-Rd-33898/for-sale/158062060,poinciana,33898
2424 Burns Ave,Lake Wales,FL,33898,1200000,2,2,1693,,single_family,P4939257,https://www.redfin.com/FL/Lake-Wales/2424-Burns-Ave-33898/home/144862981,poinciana,33898
1322 New York Ave,Saint Cloud,FL,34769,1200000,2,1,816,,single_family,O6402219,https://www.redfin.com/FL/Saint-Cloud/1322-New-York-Ave-34769/home/46510758,poinciana,34769
3211 Lakeshore Blvd,Saint Cloud,FL,34769,1249900,6,5,4531,,4,S5113998,https://www.redfin.com/FL/Saint-Cloud/3211-Lakeshore-Blvd-34769/home/54692737,poinciana,34769
186 Lewis Griffin Rd,Lake Wales,FL,33898,1250000,,,,,8,O6394118,https://www.redfin.com/FL/Lake-Wales/186-Lewis-Griffin-Rd-33898/home/199459948,poinciana,33898
4460 Runway Ln,Saint Cloud,FL,34772,1250000,3,2.5,2573,,single_family,O6417205,https://www.redfin.com/FL/Saint-Cloud/4460-Runway-Ln-34772/home/53424217,poinciana,34772
4901 Manor House Ln,Saint Cloud,FL,34772,1250000,5,3,2809,,single_family,R4911242,https://www.redfin.com/FL/Saint-Cloud/4901-Manor-House-Ln-34772/home/63637692,poinciana,34772
4024 Sylvester Dr,Saint Cloud,FL,34772,1295000,3,3.5,2964,,single_family,S5154281,https://www.redfin.com/FL/Saint-Cloud/4024-Sylvester-Dr-34772/for-sale/162663876,poinciana,34772
1735 Oak Blossom Dr,Davenport,FL,33837,1300000,11,12,6542,338,single_family,TB8514868,https://www.redfin.com/FL/Davenport/1735-Oak-Blossom-Dr-33837/home/173889794,poinciana,33837
2270 Old Hickory Tree Rd,Saint Cloud,FL,34772,1300000,4,3,1692,,single_family,O6391067,https://www.redfin.com/FL/Saint-Cloud/2270-Old-Hickory-Tree-Rd-34772/home/46529630,poinciana,34772
7925 Lake Mabel Loop Rd,Dundee,FL,33838,1390000,9,5.5,8799,,single_family,TB8512399,https://www.redfin.com/FL/Dundee/7925-Lake-Mabel-Loop-Rd-33838/for-sale/46264368,poinciana,33898
Horseshoe Creek Rd,Davenport,FL,33837,1499999,,,,,8,O6418170,https://www.redfin.com/FL/Davenport/Horseshoe-Creek-Rd-33837/home/162651278,poinciana,33837
4664 Hickory Tree Ln,St Cloud,FL,34772,1599000,4,4.5,3350,,single_family,S5153120,https://www.redfin.com/FL/St-Cloud/4664-Hickory-Tree-Ln-34772/home/160722932,poinciana,34772
2300 N Scenic Hwy Unit 37E,Lake Wales,FL,33898,1749000,6,5.5,5340,2440,single_family,P4938039,https://www.redfin.com/FL/Lake-Wales/2300-N-Scenic-Hwy-33898/unit-37E/home/200762586,poinciana,33898
00 Corporate Campus Way,Saint Cloud,FL,34772,1850000,,,,,8,O6187328,https://www.redfin.com/FL/Saint-Cloud/Corporate-Campus-Way-34772/home/162572292,poinciana,34769
4155 Albritton Rd,Saint Cloud,FL,34772,1850000,8,5.5,4806,,single_family,O6391417,https://www.redfin.com/FL/Saint-Cloud/4155-Albritton-Rd-34772/home/54694962,poinciana,34772
6275 Halabrin Rd,Haines City,FL,33844,1992100,5,6.5,8063,,single_family,O6417291,https://www.redfin.com/FL/Haines-City/6275-Halabrin-Rd-33844/home/46241942,poinciana,33844
2455 Canal Rd,Lake Wales,FL,33898,2000000,7,6,4535,,single_family,S5139514,https://www.redfin.com/FL/Lake-Wales/2455-Canal-Rd-33898/home/162492906,poinciana,33898
664 S Lake Starr Blvd,Lake Wales,FL,33898,2245000,4,3,4545,,single_family,P4937197,https://www.redfin.com/FL/Lake-Wales/664-S-Lake-Starr-Blvd-33898/home/46304164,poinciana,33898
0000 Old Hickory Tree Rd,Saint Cloud,FL,34772,2500000,,,,,8,W7884958,https://www.redfin.com/FL/Saint-Cloud/Old-Hickory-Tree-Rd-34772/home/162580411,poinciana,34772
8193 Valhalla Ter,Reunion,FL,34747,2750000,6,7,5325,606,single_family,O6413186,https://www.redfin.com/FL/Reunion/8193-Valhalla-Ter-34747/home/54714824,poinciana,33896
Old Hickory Tree Rd,Saint Cloud,FL,34772,2850000,,,,,8,O6418322,https://www.redfin.com/FL/Saint-Cloud/Old-Hickory-Tree-Rd-34769/home/188674798,poinciana,34772
Hickory Tree Rd,Saint Cloud,FL,34772,2990000,,,,,8,O6417642,https://www.redfin.com/FL/Saint-Cloud/Hickory-Tree-Rd-34772/home/162456776,poinciana,34772
Prime Frontage,Davenport,FL,33837,3000000,,,,,8,O6417350,https://www.redfin.com/FL/Davenport/Frontage-Rd-33837/home/203172467,poinciana,33837
1617 Horseshoe Creek Rd,Davenport,FL,33837,3500000,4,3,2812,,single_family,P4939507,https://www.redfin.com/FL/Davenport/1617-Horseshoe-Creek-Rd-33837/for-sale/46156399,poinciana,33837
183 Pegasus St,Davenport,FL,33837,4654000,42,40,17600,350,4,O6415577,https://www.redfin.com/FL/Davenport/183-Pegasus-St-33837/home/194078552,poinciana,33837
Blue Jay Way,Davenport,FL,33896,4665000,,,,,8,G5112274,https://www.redfin.com/FL/Unknown/Blue-Jay-Way-33896/home/201814156,poinciana,33896
1503 S Highland Park Dr,Lake Wales,FL,33898,5500000,,,,,8,S5128193,https://www.redfin.com/FL/Lake-Wales/1503-Highland-Park-Dr-N-33898/home/55478303,poinciana,33898
State RD 60,Yeehaw,FL,34972,7057904,,,,,8,L4959567,https://www.redfin.com/FL/Yeehaw/Unknown-34972/home/200566279,poinciana,33898
7950 Bannon Fish Camp Rd,Haines City,FL,33844,12000000,7,9,7732,,single_family,L4961212,https://www.redfin.com/FL/Haines-City/7950-Bannon-Fish-Camp-Rd-33844/for-sale/46113380,poinciana,33844
5555 E Hinson Ave,Haines City,FL,33844,13500000,6,4,3924,,single_family,O6423541,https://www.redfin.com/FL/Haines-City/5555-E-Hinson-Ave-33844/for-sale/46217808,poinciana,33844
